timestamp,dataset,depth,num_features,num_classes,num_samples_train,approach,optimizer,learning_rate,test_acc_mean,test_acc_std,test_ce_mean,test_ce_std,val_acc_mean,val_acc_std
2026-04-16T23:58:36.182461,iris,4,4,3,120,ffnn_0layer,adam,0.001,0.8533333539962769,0.15999999642372298,0.9630651593208313,0.017931238691959846,0.8800000548362732,0.07774604311922713
2026-04-16T23:58:55.448590,iris,4,4,3,120,ffnn_0layer,adam,0.005,1.0,0.0,0.9436837911605835,0.0009577388756215317,0.9333333969116211,0.0
2026-04-16T23:59:13.449532,iris,4,4,3,120,ffnn_0layer,adam,0.01,1.0,0.0,0.944571590423584,0.0011469310777690433,0.9333333969116211,0.0
2026-04-16T23:59:30.595359,iris,4,4,3,120,ffnn_0layer,adam,0.05,1.0,0.0,0.9430792689323425,0.0021741787752125753,0.9333333969116211,0.0
2026-04-16T23:59:46.312535,iris,4,4,3,120,ffnn_0layer,adam,0.1,0.9600000143051147,0.0799999713897705,0.9468952894210816,0.011861603707312835,0.9200000643730164,0.026666665077209474
2026-04-17T00:00:03.072345,iris,4,4,3,120,ffnn_0layer,sgd,0.001,0.8666667103767395,0.09428089853863106,0.9717825174331665,0.010099648641041707,0.9200000643730164,0.026666665077209474
2026-04-17T00:00:21.135826,iris,4,4,3,120,ffnn_0layer,sgd,0.005,0.8666667103767395,0.09428089853863106,0.9712429404258728,0.010163852208027057,0.9200000643730164,0.026666665077209474
2026-04-17T00:00:40.113950,iris,4,4,3,120,ffnn_0layer,sgd,0.01,0.8666667103767395,0.09428089853863106,0.9705872535705566,0.010222568883385776,0.9200000643730164,0.026666665077209474
2026-04-17T00:00:58.383745,iris,4,4,3,120,ffnn_0layer,sgd,0.05,0.8933333873748779,0.07999997933705845,0.966086995601654,0.009958305228453966,0.9333333969116211,0.0
2026-04-17T00:01:15.827353,iris,4,4,3,120,ffnn_0layer,sgd,0.1,0.8933333873748779,0.07999997933705845,0.9618010282516479,0.009336266849384949,0.9333333969116211,0.0
2026-04-17T00:01:31.093090,iris,4,4,3,120,sampler,adam,0.001,0.893333375453949,0.09043106808214342,0.9874659061431885,0.013343276363198115,0.946666705608368,0.04988873669536757
2026-04-17T00:01:48.416302,iris,4,4,3,120,sampler,adam,0.005,0.8933333396911621,0.130639445161718,0.9528093934059143,0.01310411272599306,0.9066667318344116,0.03265986129042949
2026-04-17T00:02:03.372227,iris,4,4,3,120,sampler,adam,0.01,1.0,0.0,0.9436527013778686,0.0010580144268897075,0.9333333969116211,0.0
2026-04-17T00:02:19.622083,iris,4,4,3,120,sampler,adam,0.05,1.0,0.0,0.943168294429779,0.0021492441629006164,0.9333333969116211,0.0
2026-04-17T00:02:35.065790,iris,4,4,3,120,sampler,adam,0.1,1.0,0.0,0.9430788040161133,0.002173476851386978,0.9333333969116211,0.0
2026-04-17T00:02:51.608341,iris,4,4,3,120,sampler,sgd,0.001,0.9066667318344116,0.03265986129042949,0.9990160226821899,0.009492656712456152,0.9066667318344116,0.0326598612904295
2026-04-17T00:03:08.667361,iris,4,4,3,120,sampler,sgd,0.005,0.8933333992958069,0.05333333015441894,0.9985704183578491,0.009803890968838592,0.9066667318344116,0.0326598612904295
2026-04-17T00:03:24.991590,iris,4,4,3,120,sampler,sgd,0.01,0.8933333992958069,0.05333333015441894,0.9979978203773499,0.010218115459149246,0.9200000643730164,0.026666665077209474
2026-04-17T00:03:41.131763,iris,4,4,3,120,sampler,sgd,0.05,0.8666667222976685,0.08432741809349674,0.9930179834365844,0.014117938556873964,0.9200000643730164,0.026666665077209474
2026-04-17T00:03:57.145168,iris,4,4,3,120,sampler,sgd,0.1,0.8933333635330201,0.10832049973595126,0.9866774439811706,0.01764295914726589,0.9333333849906922,0.04216368077378477
2026-04-17T00:04:32.400038,car,4,6,4,1382,ffnn_0layer,adam,0.001,0.7630057334899902,0.0,1.2718987703323363,0.0020436183298649206,0.7687861323356628,0.0
2026-04-17T00:05:10.343394,car,4,6,4,1382,ffnn_0layer,adam,0.005,0.8034681677818298,0.0,1.2599789381027222,7.031771919670209e-06,0.7919074892997742,0.0
2026-04-17T00:05:48.990064,car,4,6,4,1382,ffnn_0layer,adam,0.01,0.8034681677818298,0.0,1.2599887609481812,1.1262193136368926e-05,0.7919074892997742,0.0
2026-04-17T00:06:21.908207,car,4,6,4,1382,ffnn_0layer,adam,0.05,0.797687828540802,0.011560678482055664,1.2605758666992188,0.0011499067951666912,0.7895953536033631,0.004624271392822266
2026-04-17T00:06:56.841414,car,4,6,4,1382,ffnn_0layer,adam,0.1,0.7953756928443909,0.011327105344563819,1.2615094900131225,0.0018978681636858472,0.7884392857551574,0.004624271392822266
2026-04-17T00:07:32.684858,car,4,6,4,1382,ffnn_0layer,sgd,0.001,0.7294797539710999,0.01434644007871884,1.2923975706100463,0.007011928029123212,0.7213872790336608,0.009944891061961798
2026-04-17T00:08:06.893701,car,4,6,4,1382,ffnn_0layer,sgd,0.005,0.731791889667511,0.01396883871696727,1.2919024705886841,0.006786616391055568,0.723699414730072,0.009944893833515689
2026-04-17T00:08:41.079136,car,4,6,4,1382,ffnn_0layer,sgd,0.01,0.7341040253639222,0.015073298879076408,1.2914072036743165,0.006642894134575701,0.7248554825782776,0.010720954032107382
2026-04-17T00:09:15.402706,car,4,6,4,1382,ffnn_0layer,sgd,0.05,0.7364161610603333,0.016592713386638855,1.2875791311264038,0.009385156306889223,0.73410404920578,0.017909749177524657
2026-04-17T00:09:49.186742,car,4,6,4,1382,ffnn_0layer,sgd,0.1,0.7526011109352112,0.020809245109558103,1.278105664253235,0.010970521779882603,0.7595375776290894,0.018497109413146973
2026-04-17T00:10:21.123260,car,4,6,4,1382,sampler,adam,0.001,0.7606936097145081,0.00784084593295391,1.275263214111328,0.0057512123652802265,0.7549132943153382,0.01699068721703893
2026-04-17T00:10:53.960786,car,4,6,4,1382,sampler,adam,0.005,0.8034681677818298,0.0,1.2599825143814087,6.354470160600613e-06,0.7919074892997742,0.0
2026-04-17T00:11:26.437863,car,4,6,4,1382,sampler,adam,0.01,0.8034681677818298,0.0,1.2599789381027222,7.027728858699775e-06,0.7919074892997742,0.0
2026-04-17T00:11:58.160555,car,4,6,4,1382,sampler,adam,0.05,0.8034681677818298,0.0,1.2600083112716676,2.648415133784586e-05,0.7919074892997742,0.0
2026-04-17T00:12:33.276467,car,4,6,4,1382,sampler,adam,0.1,0.797687828540802,0.011560678482055664,1.2605758666992188,0.0011499067951666912,0.7895953536033631,0.004624271392822266
2026-04-17T00:13:06.585520,car,4,6,4,1382,sampler,sgd,0.001,0.7271676301956177,0.006740976010063977,1.298394513130188,0.0018694286968817348,0.7248554706573487,0.014439310474823013
2026-04-17T00:13:38.991319,car,4,6,4,1382,sampler,sgd,0.005,0.7260115623474122,0.005894812517037404,1.2982863903045654,0.0019410028917961914,0.7225433349609375,0.012664115975051111
2026-04-17T00:14:13.641449,car,4,6,4,1382,sampler,sgd,0.01,0.7213872790336608,0.008495351719687341,1.298119878768921,0.002046194431711832,0.7225433468818665,0.008954886131153646
2026-04-17T00:14:53.651696,car,4,6,4,1382,sampler,sgd,0.05,0.7283236861228943,0.009672378937907386,1.2936390161514282,0.005037137582501195,0.7283236980438232,0.0063320443846864695
2026-04-17T00:15:52.649431,car,4,6,4,1382,sampler,sgd,0.1,0.7433525681495666,0.01955090106568872,1.2844521045684814,0.007650927218818052,0.742196524143219,0.016184969459266924
2026-04-17T00:16:33.372025,car,6,6,4,1382,ffnn_0layer,adam,0.001,0.7387283086776734,0.009248542785644532,1.2714657068252564,0.0004501160205254314,0.7572253942489624,0.0
2026-04-17T00:17:24.325575,car,6,6,4,1382,ffnn_0layer,adam,0.005,0.7341040372848511,0.0,1.2716960191726685,2.4249361346116567e-05,0.7572253942489624,0.0
2026-04-17T00:17:59.707944,car,6,6,4,1382,ffnn_0layer,adam,0.01,0.7387283086776734,0.009248542785644532,1.2714647769927978,0.00044729938689999985,0.7572253942489624,0.0
2026-04-17T00:18:40.545883,car,6,6,4,1382,ffnn_0layer,adam,0.05,0.7479768514633178,0.011327105344563819,1.2710430860519408,0.0005351417863870563,0.7572253942489624,0.0
2026-04-17T00:19:33.258347,car,6,6,4,1382,ffnn_0layer,adam,0.1,0.7433525800704956,0.011327105344563819,1.2712586164474486,0.0005082070581062614,0.7572253942489624,0.0
2026-04-17T00:20:07.879381,car,6,6,4,1382,ffnn_0layer,sgd,0.001,0.7260115623474122,0.005894812517037404,1.2897404670715331,0.005457469895486823,0.7364161729812622,0.007840833629411724
2026-04-17T00:20:41.644927,car,6,6,4,1382,ffnn_0layer,sgd,0.005,0.7248554944992065,0.005894812517037404,1.2886172771453857,0.006416421593853594,0.7352601051330566,0.011208493643105524
2026-04-17T00:21:17.104967,car,6,6,4,1382,ffnn_0layer,sgd,0.01,0.7260115623474122,0.005894812517037404,1.287546420097351,0.007382209363392655,0.7410404562950135,0.01730246231391837
2026-04-17T00:21:51.125139,car,6,6,4,1382,ffnn_0layer,sgd,0.05,0.7352601051330566,0.006740976010063977,1.2831302404403686,0.010619450387133097,0.7479768753051758,0.020222955970633852
2026-04-17T00:22:24.948446,car,6,6,4,1382,ffnn_0layer,sgd,0.1,0.7456647157669067,0.014623230120077567,1.277708315849304,0.009391667459618025,0.760693621635437,0.010720950175727316
2026-04-17T00:22:57.632618,car,6,6,4,1382,sampler,adam,0.001,0.7433525800704956,0.011327105344563819,1.273687744140625,0.002180466973200762,0.7549132585525513,0.0028317763361409547
2026-04-17T00:23:30.426755,car,6,6,4,1382,sampler,adam,0.005,0.7341040372848511,0.0,1.271695852279663,1.760959689803733e-05,0.7572253942489624,0.0
2026-04-17T00:24:04.109945,car,6,6,4,1382,sampler,adam,0.01,0.7341040372848511,0.0,1.2716960191726685,2.4249361346116567e-05,0.7572253942489624,0.0
2026-04-17T00:24:39.009673,car,6,6,4,1382,sampler,adam,0.05,0.7387283086776734,0.009248542785644532,1.271482229232788,0.0004397537074562266,0.7572253942489624,0.0
2026-04-17T00:25:13.884234,car,6,6,4,1382,sampler,adam,0.1,0.7479768514633178,0.011327105344563819,1.2710430860519408,0.0005351417863870563,0.7572253942489624,0.0
2026-04-17T00:25:47.475182,car,6,6,4,1382,sampler,sgd,0.001,0.7283236980438232,0.0,1.294778871536255,0.0023740524089189002,0.731791889667511,0.014439304748193977
2026-04-17T00:26:30.473241,car,6,6,4,1382,sampler,sgd,0.005,0.7248554825782776,0.006936430931091309,1.2947428941726684,0.0024399682796048174,0.731791889667511,0.014439304748193977
2026-04-17T00:27:04.259229,car,6,6,4,1382,sampler,sgd,0.01,0.7213872790336608,0.013872838020324709,1.294668936729431,0.002560887693437413,0.731791889667511,0.014439304748193977
2026-04-17T00:27:39.823721,car,6,6,4,1382,sampler,sgd,0.05,0.7329479694366455,0.009248542785644532,1.292068362236023,0.004954599365800929,0.7387283086776734,0.0076684865693828095
2026-04-17T00:28:13.986566,car,6,6,4,1382,sampler,sgd,0.1,0.7398843765258789,0.014158881680704775,1.2880634784698486,0.007760182110375694,0.74219651222229,0.011327105344563819
2026-04-17T00:28:40.750565,pima,4,8,2,614,ffnn_0layer,adam,0.001,0.7584415435791015,0.01038959324360535,0.6398961424827576,0.0006364807339156928,0.7792207598686218,0.008213711145680517
2026-04-17T00:29:08.511671,pima,4,8,2,614,ffnn_0layer,adam,0.005,0.7584415435791015,0.01038959324360535,0.6394071221351624,0.0003141496277097823,0.7818181633949279,0.005194807052612304
2026-04-17T00:29:33.863298,pima,4,8,2,614,ffnn_0layer,adam,0.01,0.7610389471054078,0.013244192562225924,0.6396230578422546,0.0005549970619898702,0.7844155669212342,0.0063623132955557766
2026-04-17T00:29:59.591460,pima,4,8,2,614,ffnn_0layer,adam,0.05,0.7558441400527954,0.009718574974632879,0.63967866897583,0.0006937188473190539,0.7896103739738465,0.015145335013392724
2026-04-17T00:30:25.546629,pima,4,8,2,614,ffnn_0layer,adam,0.1,0.7584415316581726,0.0063623132955557766,0.6396786332130432,0.0008826780765690838,0.7922077775001526,0.018366416469289316
2026-04-17T00:30:49.966625,pima,4,8,2,614,ffnn_0layer,sgd,0.001,0.7168831110000611,0.03617762086248418,0.6544395804405212,0.01210899441643081,0.7740259766578674,0.033465179409744826
2026-04-17T00:31:17.464962,pima,4,8,2,614,ffnn_0layer,sgd,0.005,0.7194805145263672,0.03904751244317412,0.6541603565216064,0.01192931258885302,0.7766233801841735,0.034262080346941844
2026-04-17T00:31:41.353168,pima,4,8,2,614,ffnn_0layer,sgd,0.01,0.71688312292099,0.03223291663978956,0.6537686347961426,0.011625722436517586,0.7740259766578674,0.033465179409744826
2026-04-17T00:32:12.498199,pima,4,8,2,614,ffnn_0layer,sgd,0.05,0.7168831110000611,0.03617762086248418,0.6475791335105896,0.005385025389827267,0.781818175315857,0.03223291471855705
2026-04-17T00:32:37.702567,pima,4,8,2,614,ffnn_0layer,sgd,0.1,0.7428571462631226,0.015145308435905712,0.6450698614120484,0.00361795014225713,0.8051947951316833,0.02173143703239007
2026-04-17T00:33:03.561971,pima,4,8,2,614,sampler,adam,0.001,0.7480519413948059,0.006362284095362577,0.6441524982452392,0.0007737120616341552,0.7818181633949279,0.012724626591111553
2026-04-17T00:33:28.546414,pima,4,8,2,614,sampler,adam,0.005,0.7610389351844787,0.0063623132955557766,0.639059579372406,0.00026995783019160267,0.7792207598686218,0.0
2026-04-17T00:33:52.358360,pima,4,8,2,614,sampler,adam,0.01,0.7584415435791015,0.01038959324360535,0.6394067287445069,0.00031399096283123997,0.7818181633949279,0.005194807052612304
2026-04-17T00:34:17.040087,pima,4,8,2,614,sampler,adam,0.05,0.7558441281318664,0.005194807052612304,0.6396631836891175,0.0009368152899967852,0.7870129704475403,0.017616447814741518
2026-04-17T00:34:40.068602,pima,4,8,2,614,sampler,adam,0.1,0.7558441400527954,0.009718574974632879,0.639678680896759,0.000693706593267869,0.7896103739738465,0.015145335013392724
2026-04-17T00:35:02.163818,pima,4,8,2,614,sampler,sgd,0.001,0.6935065031051636,0.02544925318222311,0.6516894221305847,0.0015703517300178018,0.7610389590263367,0.02915576527990582
2026-04-17T00:35:24.777905,pima,4,8,2,614,sampler,sgd,0.005,0.701298713684082,0.020119401201528293,0.6514238476753235,0.0014585283880165338,0.7714285612106323,0.03029065264919903
2026-04-17T00:35:48.241063,pima,4,8,2,614,sampler,sgd,0.01,0.6987013101577759,0.025182761512112958,0.6511385917663575,0.001344026566090237,0.781818175315857,0.03426208667300483
2026-04-17T00:36:11.672184,pima,4,8,2,614,sampler,sgd,0.05,0.7428571581840515,0.0051947832107543945,0.6498492598533631,0.001006095076701518,0.8259740233421325,0.01038961410522461
2026-04-17T00:36:36.094563,pima,4,8,2,614,sampler,sgd,0.1,0.7454545617103576,0.010389590263366699,0.6488749146461487,0.0009495901037270576,0.8259740233421325,0.01038961410522461
2026-04-17T00:37:00.362836,pima,8,8,2,614,ffnn_0layer,adam,0.001,0.7350649476051331,0.01038959324360535,0.6356398701667786,0.001132317960383959,0.815584409236908,0.005194807052612304
2026-04-17T00:37:26.025380,pima,8,8,2,614,ffnn_0layer,adam,0.005,0.7454545378684998,0.010389587283140872,0.6343084335327148,0.00040331741684141315,0.8129870057106018,0.01038961410522461
2026-04-17T00:37:50.113932,pima,8,8,2,614,ffnn_0layer,adam,0.01,0.7402597427368164,0.011615915043635058,0.6344125747680665,0.0003825189280586889,0.8129870057106018,0.01038961410522461
2026-04-17T00:38:14.652239,pima,8,8,2,614,ffnn_0layer,adam,0.05,0.7298701524734497,0.009718594090636098,0.6355140447616577,0.0012021065033744694,0.8103896021842957,0.01038961410522461
2026-04-17T00:38:38.146600,pima,8,8,2,614,ffnn_0layer,adam,0.1,0.7402597546577454,0.016427403442723858,0.6364673495292663,0.001466594014930239,0.8077921986579895,0.009718594090636098
2026-04-17T00:39:03.163687,pima,8,8,2,614,ffnn_0layer,sgd,0.001,0.7272727489471436,0.014226565023013428,0.6480067849159241,0.006315743796114652,0.781818175315857,0.034262082154385566
2026-04-17T00:39:28.746087,pima,8,8,2,614,ffnn_0layer,sgd,0.005,0.7324675440788269,0.017616433753591364,0.6474739789962769,0.0062082483121265125,0.781818175315857,0.028923439098162466
2026-04-17T00:39:51.826973,pima,8,8,2,614,ffnn_0layer,sgd,0.01,0.7272727489471436,0.014226565023013428,0.646843957901001,0.0059738459550564005,0.781818175315857,0.02518274183931752
2026-04-17T00:40:15.902943,pima,8,8,2,614,ffnn_0layer,sgd,0.05,0.7350649476051331,0.0240873075288843,0.6418999910354615,0.002820211718774338,0.7922077775001526,0.02323188339927288
2026-04-17T00:40:40.162640,pima,8,8,2,614,ffnn_0layer,sgd,0.1,0.7584415435791015,0.017616426723004012,0.6396730422973633,0.002117149200712436,0.7974025845527649,0.013244211265309782
2026-04-17T00:41:02.468803,pima,8,8,2,614,sampler,adam,0.001,0.7402597665786743,0.0,0.6402079582214355,0.0019995924395815514,0.8103896021842957,0.006362313295555776
2026-04-17T00:41:26.373940,pima,8,8,2,614,sampler,adam,0.005,0.7298701405525208,0.020779207348826753,0.6368471622467041,0.0012314528511275132,0.8129870057106018,0.013244211265309782
2026-04-17T00:41:51.029465,pima,8,8,2,614,sampler,adam,0.01,0.7454545378684998,0.010389587283140872,0.6343049526214599,0.0004009259054746499,0.8129870057106018,0.01038961410522461
2026-04-17T00:42:14.565364,pima,8,8,2,614,sampler,adam,0.05,0.7402597427368164,0.027241769591183816,0.6348858714103699,0.0006895082605720787,0.815584409236908,0.009718594090636098
2026-04-17T00:42:39.241135,pima,8,8,2,614,sampler,adam,0.1,0.7298701524734497,0.009718594090636098,0.6355140924453735,0.0012021867558299928,0.8103896021842957,0.01038961410522461
2026-04-17T00:43:03.971714,pima,8,8,2,614,sampler,sgd,0.001,0.7246753334999084,0.017229206083187943,0.6485101580619812,0.002528170639199854,0.7688311576843262,0.03223290991547524
2026-04-17T00:43:26.824312,pima,8,8,2,614,sampler,sgd,0.005,0.7272727370262146,0.018366399610557648,0.648384428024292,0.0025041110214477436,0.7766233682632446,0.026488400320699098
2026-04-17T00:43:50.564061,pima,8,8,2,614,sampler,sgd,0.01,0.7298701286315918,0.02380557312705303,0.6482420802116394,0.0024907151215917663,0.7792207717895507,0.028453108281489538
2026-04-17T00:44:14.766532,pima,8,8,2,614,sampler,sgd,0.05,0.7350649356842041,0.02408730495795407,0.6474017024040222,0.0026878537088261462,0.799999988079071,0.0063623132955557766
2026-04-17T00:44:39.639464,pima,8,8,2,614,sampler,sgd,0.1,0.7402597427368164,0.02323185674326844,0.6464857816696167,0.003025181868502668,0.8129870057106018,0.0063623132955557766
2026-04-17T00:45:05.060257,australian,4,38,2,552,ffnn_0layer,adam,0.001,0.52173912525177,0.0,0.684414267539978,3.8072393948248175e-07,0.6231884360313416,0.0
2026-04-17T00:45:28.647312,australian,4,38,2,552,ffnn_0layer,adam,0.005,0.52173912525177,0.0,0.6844129681587219,5.840038639982172e-08,0.6231884360313416,0.0
2026-04-17T00:45:52.231264,australian,4,38,2,552,ffnn_0layer,adam,0.01,0.52173912525177,0.0,0.6844128131866455,2.920019319991086e-08,0.6231884360313416,0.0
2026-04-17T00:46:15.073537,australian,4,38,2,552,ffnn_0layer,adam,0.05,0.52173912525177,0.0,0.6844128012657166,6.07850493620966e-08,0.6231884360313416,0.0
2026-04-17T00:46:38.256800,australian,4,38,2,552,ffnn_0layer,adam,0.1,0.52173912525177,0.0,0.6844127416610718,4.76837158203125e-08,0.6231884360313416,0.0
2026-04-17T00:47:02.375479,australian,4,38,2,552,ffnn_0layer,sgd,0.001,0.52173912525177,0.0,0.6844533681869507,4.3073188394042404e-05,0.6231884360313416,0.0
2026-04-17T00:47:26.651157,australian,4,38,2,552,ffnn_0layer,sgd,0.005,0.52173912525177,0.0,0.6844523429870606,4.190854074085484e-05,0.6231884360313416,0.0
2026-04-17T00:47:50.059911,australian,4,38,2,552,ffnn_0layer,sgd,0.01,0.52173912525177,0.0,0.6844511866569519,4.062939757397177e-05,0.6231884360313416,0.0
2026-04-17T00:48:13.445385,australian,4,38,2,552,ffnn_0layer,sgd,0.05,0.52173912525177,0.0,0.6844433903694153,3.175777984168511e-05,0.6231884360313416,0.0
2026-04-17T00:48:36.967288,australian,4,38,2,552,ffnn_0layer,sgd,0.1,0.52173912525177,0.0,0.6844364285469056,2.40316998698103e-05,0.6231884360313416,0.0
2026-04-17T00:49:01.844002,australian,4,38,2,552,sampler,adam,0.001,0.52173912525177,0.0,0.6844078421592712,6.143084984794491e-06,0.6231884360313416,0.0
2026-04-17T00:49:25.785177,australian,4,38,2,552,sampler,adam,0.005,0.52173912525177,0.0,0.6844134092330932,4.7683715820312496e-08,0.6231884360313416,0.0
2026-04-17T00:49:49.505916,australian,4,38,2,552,sampler,adam,0.01,0.52173912525177,0.0,0.6844130158424377,8.429369702178807e-08,0.6231884360313416,0.0
2026-04-17T00:50:11.049523,australian,4,38,2,552,sampler,adam,0.05,0.52173912525177,0.0,0.6844127893447876,2.3841857910156248e-08,0.6231884360313416,0.0
2026-04-17T00:50:42.281271,australian,4,38,2,552,sampler,adam,0.1,0.52173912525177,0.0,0.6844128012657166,6.07850493620966e-08,0.6231884360313416,0.0
2026-04-17T00:51:05.678817,australian,4,38,2,552,sampler,sgd,0.001,0.52173912525177,0.0,0.6843652248382568,5.6050864227492406e-05,0.6231884360313416,0.0
2026-04-17T00:51:28.618654,australian,4,38,2,552,sampler,sgd,0.005,0.52173912525177,0.0,0.6843659520149231,5.514827886043974e-05,0.6231884360313416,0.0
2026-04-17T00:51:50.533122,australian,4,38,2,552,sampler,sgd,0.01,0.52173912525177,0.0,0.6843667984008789,5.408994059729378e-05,0.6231884360313416,0.0
2026-04-17T00:52:12.738597,australian,4,38,2,552,sampler,sgd,0.05,0.52173912525177,0.0,0.6843728423118591,4.659743067579297e-05,0.6231884360313416,0.0
2026-04-17T00:52:35.866518,australian,4,38,2,552,sampler,sgd,0.1,0.52173912525177,0.0,0.6843791842460633,3.886931448381319e-05,0.6231884360313416,0.0
2026-04-17T00:53:01.563409,australian,8,38,2,552,ffnn_0layer,adam,0.001,0.9130434989929199,0.0,0.5423052906990051,0.00021902109335937672,0.8550724983215332,0.0
2026-04-17T00:53:24.797532,australian,8,38,2,552,ffnn_0layer,adam,0.005,0.9130434989929199,0.0,0.5424288511276245,2.790312362687173e-05,0.8550724983215332,0.0
2026-04-17T00:53:47.487451,australian,8,38,2,552,ffnn_0layer,adam,0.01,0.9130434989929199,0.0,0.5422857761383056,1.5177997145669487e-05,0.8550724983215332,0.0
2026-04-17T00:54:11.326090,australian,8,38,2,552,ffnn_0layer,adam,0.05,0.9130434989929199,0.0,0.5422084927558899,1.8559435448993778e-05,0.8550724983215332,0.0
2026-04-17T00:54:34.753570,australian,8,38,2,552,ffnn_0layer,adam,0.1,0.9130434989929199,0.0,0.5421987771987915,5.7342803318185844e-05,0.8550724983215332,0.0
2026-04-17T00:54:58.416982,australian,8,38,2,552,ffnn_0layer,sgd,0.001,0.9072463989257813,0.007099968576171924,0.5437636733055115,0.0023341134767690336,0.8550724983215332,0.0
2026-04-17T00:55:21.475121,australian,8,38,2,552,ffnn_0layer,sgd,0.005,0.9072463989257813,0.007099968576171924,0.543685793876648,0.002246794233365874,0.8550724983215332,0.0
2026-04-17T00:55:45.387950,australian,8,38,2,552,ffnn_0layer,sgd,0.01,0.9072463989257813,0.007099968576171924,0.5435916066169739,0.0021387773641808635,0.8550724983215332,0.0
2026-04-17T00:56:08.934809,australian,8,38,2,552,ffnn_0layer,sgd,0.05,0.9101449489593506,0.005797100067138672,0.542955732345581,0.0013473869085668358,0.8550724983215332,0.0
2026-04-17T00:56:32.119610,australian,8,38,2,552,ffnn_0layer,sgd,0.1,0.9130434989929199,0.0,0.542502760887146,0.0007613231070003717,0.8550724983215332,0.0
2026-04-17T00:56:55.765330,australian,8,38,2,552,sampler,adam,0.001,0.9072463989257813,0.011594200134277343,0.5447649121284485,0.002827577337004507,0.8550724983215332,0.0
2026-04-17T00:57:18.492717,australian,8,38,2,552,sampler,adam,0.005,0.9130434989929199,0.0,0.5426575422286988,5.118152522895981e-05,0.8550724983215332,0.0
2026-04-17T00:57:41.653322,australian,8,38,2,552,sampler,adam,0.01,0.9130434989929199,0.0,0.5424152851104737,4.3556986394905996e-05,0.8550724983215332,0.0
2026-04-17T00:58:04.237150,australian,8,38,2,552,sampler,adam,0.05,0.9130434989929199,0.0,0.5422297716140747,7.876387894156454e-06,0.8550724983215332,0.0
2026-04-17T00:58:26.331475,australian,8,38,2,552,sampler,adam,0.1,0.9130434989929199,0.0,0.5422083377838135,1.851238514826285e-05,0.8550724983215332,0.0
2026-04-17T00:58:53.596110,australian,8,38,2,552,sampler,sgd,0.001,0.8985507488250732,0.009166020018036616,0.5484108328819275,0.0037087000324691516,0.8550724983215332,0.0
2026-04-17T00:59:16.241148,australian,8,38,2,552,sampler,sgd,0.005,0.8985507488250732,0.009166020018036616,0.5483122825622558,0.0036665738659072186,0.8550724983215332,0.0
2026-04-17T00:59:38.986700,australian,8,38,2,552,sampler,sgd,0.01,0.8985507488250732,0.009166020018036616,0.5481919527053833,0.0036151183911073284,0.8550724983215332,0.0
2026-04-17T01:00:02.193136,australian,8,38,2,552,sampler,sgd,0.05,0.9014492988586426,0.010845381144038562,0.5473097443580628,0.0031962480307328846,0.8550724983215332,0.0
2026-04-17T01:00:22.547993,australian,8,38,2,552,sampler,sgd,0.1,0.9014492988586426,0.010845381144038562,0.5463504910469055,0.0026305535462260777,0.8550724983215332,0.0
2026-04-17T01:00:45.037816,australian,12,38,2,552,ffnn_0layer,adam,0.001,0.921739149093628,0.007099968576171924,0.5387364625930786,0.0012897906544461861,0.8260869979858398,0.0
2026-04-17T01:01:09.730689,australian,12,38,2,552,ffnn_0layer,adam,0.005,0.9275362491607666,0.0,0.5378314852714539,4.335160178854351e-05,0.8260869979858398,0.0
2026-04-17T01:01:32.284054,australian,12,38,2,552,ffnn_0layer,adam,0.01,0.9275362491607666,0.0,0.5380286455154419,6.794025335889214e-05,0.8260869979858398,0.0
2026-04-17T01:01:54.644401,australian,12,38,2,552,ffnn_0layer,adam,0.05,0.9246376991271973,0.005797100067138672,0.5382948517799377,0.0001867247864680834,0.8260869979858398,0.0
2026-04-17T01:02:17.045220,australian,12,38,2,552,ffnn_0layer,adam,0.1,0.921739149093628,0.007099968576171924,0.5387349128723145,0.0006261183816463653,0.8260869979858398,0.0
2026-04-17T01:02:39.089490,australian,12,38,2,552,ffnn_0layer,sgd,0.001,0.9159420490264892,0.005797100067138672,0.5404910564422607,0.0014314742352299252,0.8231884479522705,0.005797100067138672
2026-04-17T01:03:01.775971,australian,12,38,2,552,ffnn_0layer,sgd,0.005,0.9159420490264892,0.005797100067138672,0.5404438853263855,0.001474580931675531,0.8231884479522705,0.005797100067138672
2026-04-17T01:03:24.370537,australian,12,38,2,552,ffnn_0layer,sgd,0.01,0.9159420490264892,0.005797100067138672,0.5403843522071838,0.001527638618820198,0.8231884479522705,0.005797100067138672
2026-04-17T01:03:48.295355,australian,12,38,2,552,ffnn_0layer,sgd,0.05,0.9159420490264892,0.005797100067138672,0.5400694012641907,0.0018349798715357232,0.8260869979858398,0.0
2026-04-17T01:04:10.970193,australian,12,38,2,552,ffnn_0layer,sgd,0.1,0.9188405990600585,0.007099968576171924,0.539903211593628,0.002032348170312477,0.8260869979858398,0.0
2026-04-17T01:04:33.013195,australian,12,38,2,552,sampler,adam,0.001,0.9130434989929199,0.0,0.5404272675514221,0.0011704463221207631,0.8115942478179932,0.0
2026-04-17T01:04:56.772302,australian,12,38,2,552,sampler,adam,0.005,0.9275362491607666,0.0,0.5375222325325012,7.148269122821918e-05,0.8260869979858398,0.0
2026-04-17T01:05:20.667114,australian,12,38,2,552,sampler,adam,0.01,0.9275362491607666,0.0,0.5378062844276428,7.470268368232674e-05,0.8260869979858398,0.0
2026-04-17T01:05:47.233712,australian,12,38,2,552,sampler,adam,0.05,0.9275362491607666,0.0,0.5381756901741028,0.0001613261187356483,0.8260869979858398,0.0
2026-04-17T01:06:12.041990,australian,12,38,2,552,sampler,adam,0.1,0.9246376991271973,0.005797100067138672,0.5382949709892273,0.0001864973310767185,0.8260869979858398,0.0
2026-04-17T01:06:34.615961,australian,12,38,2,552,sampler,sgd,0.001,0.9130434989929199,0.0,0.5427537679672241,0.0003860397153170308,0.8115942478179932,0.0
2026-04-17T01:06:57.308734,australian,12,38,2,552,sampler,sgd,0.005,0.9130434989929199,0.0,0.5427288293838501,0.0003601357037681879,0.8115942478179932,0.0
2026-04-17T01:07:21.613552,australian,12,38,2,552,sampler,sgd,0.01,0.9130434989929199,0.0,0.5426997423171998,0.00033237735942867955,0.8115942478179932,0.0
2026-04-17T01:07:43.809215,australian,12,38,2,552,sampler,sgd,0.05,0.9130434989929199,0.0,0.542509651184082,0.00022765646374243675,0.8115942478179932,0.0
2026-04-17T01:08:06.445849,australian,12,38,2,552,sampler,sgd,0.1,0.9130434989929199,0.0,0.5422964215278625,0.00023246563508021943,0.8115942478179932,0.0
2026-04-17T01:08:23.981374,lymph,4,47,2,113,ffnn_0layer,adam,0.001,0.8000000715255737,0.0,0.6273172736167908,2.0733425778913838e-05,0.5714285969734192,0.0
2026-04-17T01:08:41.233859,lymph,4,47,2,113,ffnn_0layer,adam,0.005,0.8000000715255737,0.0,0.6272828578948975,8.751943036545588e-07,0.5714285969734192,0.0
2026-04-17T01:08:58.519613,lymph,4,47,2,113,ffnn_0layer,adam,0.01,0.8000000715255737,0.0,0.6272806286811828,5.037914898184642e-07,0.5714285969734192,0.0
2026-04-17T01:09:15.583231,lymph,4,47,2,113,ffnn_0layer,adam,0.05,0.8000000715255737,0.0,0.62727952003479,3.769728732309794e-08,0.5714285969734192,0.0
2026-04-17T01:09:33.432514,lymph,4,47,2,113,ffnn_0layer,adam,0.1,0.8000000715255737,0.0,0.6272794604301453,6.529361695112778e-08,0.5714285969734192,0.0
2026-04-17T01:09:50.863819,lymph,4,47,2,113,ffnn_0layer,sgd,0.001,0.8000000715255737,0.0,0.6273891448974609,8.657387343233587e-05,0.5714285969734192,0.0
2026-04-17T01:10:09.181704,lymph,4,47,2,113,ffnn_0layer,sgd,0.005,0.8000000715255737,0.0,0.6273857593536377,8.275147570012117e-05,0.5714285969734192,0.0
2026-04-17T01:11:21.337551,lymph,4,47,2,113,ffnn_0layer,sgd,0.01,0.8000000715255737,0.0,0.6273818373680115,7.826883427609405e-05,0.5714285969734192,0.0
2026-04-17T01:13:57.092127,lymph,4,47,2,113,ffnn_0layer,sgd,0.05,0.8000000715255737,0.0,0.6273578405380249,5.146860213519865e-05,0.5714285969734192,0.0
2026-04-17T01:17:48.293203,lymph,4,47,2,113,ffnn_0layer,sgd,0.1,0.8000000715255737,0.0,0.6273395776748657,3.244349530021643e-05,0.5714285969734192,0.0
2026-04-17T01:19:45.482224,lymph,4,47,2,113,sampler,adam,0.001,0.8000000715255737,0.0,0.6272977232933045,2.276605941928124e-05,0.5714285969734192,0.0
2026-04-17T01:23:14.473997,lymph,4,47,2,113,sampler,adam,0.005,0.8000000715255737,0.0,0.627287757396698,4.763958796459748e-06,0.5714285969734192,0.0
2026-04-17T01:24:24.039965,lymph,4,47,2,113,sampler,adam,0.01,0.8000000715255737,0.0,0.6272824764251709,5.325867629930657e-07,0.5714285969734192,0.0
2026-04-17T01:26:35.085571,lymph,4,47,2,113,sampler,adam,0.05,0.8000000715255737,0.0,0.6272796630859375,9.684608464999152e-08,0.5714285969734192,0.0
2026-04-17T01:28:53.678820,lymph,4,47,2,113,sampler,adam,0.1,0.8000000715255737,0.0,0.627279531955719,2.384185791015625e-08,0.5714285969734192,0.0
2026-04-17T01:31:44.551138,lymph,4,47,2,113,sampler,sgd,0.001,0.8000000715255737,0.0,0.6273008108139038,3.3836090577056624e-05,0.5714285969734192,0.0
2026-04-17T01:33:20.875641,lymph,4,47,2,113,sampler,sgd,0.005,0.8000000715255737,0.0,0.6273006916046142,3.357898220677107e-05,0.5714285969734192,0.0
2026-04-17T01:34:16.219624,lymph,4,47,2,113,sampler,sgd,0.01,0.8000000715255737,0.0,0.6273005485534668,3.3274159348976024e-05,0.5714285969734192,0.0
2026-04-17T01:37:58.541423,lymph,4,47,2,113,sampler,sgd,0.05,0.8000000715255737,0.0,0.6272996306419373,3.111756599425251e-05,0.5714285969734192,0.0
2026-04-17T01:40:54.837011,lymph,4,47,2,113,sampler,sgd,0.1,0.8000000715255737,0.0,0.6272985219955445,2.8516307287048298e-05,0.5714285969734192,0.0
2026-04-17T01:43:04.505803,lymph,8,47,2,113,ffnn_0layer,adam,0.001,0.7333333492279053,0.0,0.6790830254554748,1.2785972947315947e-05,0.5,0.0
2026-04-17T01:45:47.725123,lymph,8,47,2,113,ffnn_0layer,adam,0.005,0.7333333492279053,0.0,0.6790975689888,8.037570872801577e-07,0.5,0.0
2026-04-17T01:48:18.481848,lymph,8,47,2,113,ffnn_0layer,adam,0.01,0.7333333492279053,0.0,0.6790975213050843,1.7438815639409772e-07,0.5,0.0
2026-04-17T01:51:11.093675,lymph,8,47,2,113,ffnn_0layer,adam,0.05,0.7333333492279053,0.0,0.6790976643562316,1.1557769435444662e-07,0.5,0.0
2026-04-17T01:55:30.550154,lymph,8,47,2,113,ffnn_0layer,adam,0.1,0.7333333492279053,0.0,0.6790976524353027,1.4105033357380905e-07,0.5,0.0
2026-04-17T01:57:34.649673,lymph,8,47,2,113,ffnn_0layer,sgd,0.001,0.7333333492279053,0.0,0.6790488839149476,4.723961073457171e-05,0.5,0.0
2026-04-17T01:58:58.893617,lymph,8,47,2,113,ffnn_0layer,sgd,0.005,0.7333333492279053,0.0,0.6790494084358215,4.6653079011927327e-05,0.5,0.0
2026-04-17T02:00:30.475638,lymph,8,47,2,113,ffnn_0layer,sgd,0.01,0.7333333492279053,0.0,0.6790500402450561,4.589530399786582e-05,0.5,0.0
2026-04-17T02:03:18.017953,lymph,8,47,2,113,ffnn_0layer,sgd,0.05,0.7333333492279053,0.0,0.6790548682212829,4.0885109082684704e-05,0.5,0.0
2026-04-17T02:04:33.593699,lymph,8,47,2,113,ffnn_0layer,sgd,0.1,0.7333333492279053,0.0,0.6790598273277283,3.5721966175743475e-05,0.5,0.0
2026-04-17T02:05:21.476980,lymph,8,47,2,113,sampler,adam,0.001,0.7333333492279053,0.0,0.6790927052497864,2.553996084788589e-05,0.5,0.0
2026-04-17T02:08:21.329643,lymph,8,47,2,113,sampler,adam,0.005,0.7333333492279053,0.0,0.6790960788726806,5.561033500801267e-06,0.5,0.0
2026-04-17T02:10:22.052792,lymph,8,47,2,113,sampler,adam,0.01,0.7333333492279053,0.0,0.6790970921516418,9.130217618401818e-07,0.5,0.0
2026-04-17T02:12:33.740769,lymph,8,47,2,113,sampler,adam,0.05,0.7333333492279053,0.0,0.679097580909729,1.784161275279017e-07,0.5,0.0
2026-04-17T02:15:14.453972,lymph,8,47,2,113,sampler,adam,0.1,0.7333333492279053,0.0,0.6790976166725159,1.22733475458467e-07,0.5,0.0
2026-04-17T02:17:35.841496,lymph,8,47,2,113,sampler,sgd,0.001,0.7333333492279053,0.0,0.6790897369384765,3.748457208049601e-05,0.5,0.0
2026-04-17T02:19:19.115349,lymph,8,47,2,113,sampler,sgd,0.005,0.7333333492279053,0.0,0.6790897607803345,3.741741286761838e-05,0.5,0.0
2026-04-17T02:21:20.219471,lymph,8,47,2,113,sampler,sgd,0.01,0.7333333492279053,0.0,0.6790898084640503,3.729676715963411e-05,0.5,0.0
2026-04-17T02:24:19.875401,lymph,8,47,2,113,sampler,sgd,0.05,0.7333333492279053,0.0,0.6790902614593506,3.6284045393589244e-05,0.5,0.0
2026-04-17T02:28:26.464227,lymph,8,47,2,113,sampler,sgd,0.1,0.7333333492279053,0.0,0.6790907979011536,3.505405864782322e-05,0.5,0.0
2026-04-17T02:29:09.155100,lymph,12,47,2,113,ffnn_0layer,adam,0.001,0.7333333492279053,0.0,0.6719832420349121,0.009506263210024395,0.5142857193946838,0.028571438789367676
2026-04-17T02:33:14.297483,lymph,12,47,2,113,ffnn_0layer,adam,0.005,0.746666693687439,0.026666688919067386,0.6649901509284973,0.0010587783885977948,0.5,0.0
2026-04-17T02:35:19.550759,lymph,12,47,2,113,ffnn_0layer,adam,0.01,0.7333333492279053,0.0,0.6626899123191834,0.0004418948625768862,0.5,0.0
2026-04-17T02:37:34.818967,lymph,12,47,2,113,ffnn_0layer,adam,0.05,0.7333333492279053,0.0,0.6606008648872376,0.00043636075214360733,0.5,0.0
2026-04-17T02:39:59.896954,lymph,12,47,2,113,ffnn_0layer,adam,0.1,0.7333333492279053,0.0,0.6615505933761596,0.0008233441071489792,0.5,0.0
2026-04-17T02:43:51.300579,lymph,12,47,2,113,ffnn_0layer,sgd,0.001,0.746666693687439,0.026666688919067386,0.6701175093650817,0.010471522416206882,0.5142857193946838,0.028571438789367676
2026-04-17T02:45:18.874761,lymph,12,47,2,113,ffnn_0layer,sgd,0.005,0.746666693687439,0.026666688919067386,0.6701354265213013,0.010464157950990248,0.5142857193946838,0.028571438789367676
2026-04-17T02:45:44.070467,lymph,12,47,2,113,ffnn_0layer,sgd,0.01,0.746666693687439,0.026666688919067386,0.6701561093330384,0.01045440384280856,0.5142857193946838,0.028571438789367676
2026-04-17T02:48:27.862275,lymph,12,47,2,113,ffnn_0layer,sgd,0.05,0.746666693687439,0.026666688919067386,0.6703189015388489,0.010382094780705875,0.5142857193946838,0.028571438789367676
2026-04-17T02:50:26.858331,lymph,12,47,2,113,ffnn_0layer,sgd,0.1,0.746666693687439,0.026666688919067386,0.6705143690109253,0.010294585697338475,0.5142857193946838,0.028571438789367676
2026-04-17T02:53:11.701486,lymph,12,47,2,113,sampler,adam,0.001,0.7333333611488342,0.042163718471072094,0.6714751243591308,0.006153542868234344,0.5428571581840516,0.03499272312555677
2026-04-17T02:57:27.405252,lymph,12,47,2,113,sampler,adam,0.005,0.7733333826065063,0.03265989049062269,0.6700765013694763,0.0031649474399314368,0.5428571581840516,0.03499272312555677
2026-04-17T03:00:00.306500,lymph,12,47,2,113,sampler,adam,0.01,0.8000000715255737,0.0,0.6660001158714295,0.0011278074362347048,0.5,0.0
2026-04-17T03:02:04.174731,lymph,12,47,2,113,sampler,adam,0.05,0.7333333492279053,0.0,0.6613679885864258,0.0006963379839650927,0.5,0.0
2026-04-17T03:06:23.759109,lymph,12,47,2,113,sampler,adam,0.1,0.7333333492279053,0.0,0.6605872750282288,0.0004047559681447095,0.5,0.0
2026-04-17T03:07:51.309154,lymph,12,47,2,113,sampler,sgd,0.001,0.7333333611488342,0.042163718471072094,0.6712124109268188,0.006838270462075669,0.5285714387893676,0.03499272312555678
2026-04-17T03:10:13.745321,lymph,12,47,2,113,sampler,sgd,0.005,0.7333333611488342,0.042163718471072094,0.6712190985679627,0.0068336278347271035,0.5285714387893676,0.03499272312555678
2026-04-17T03:13:11.213017,lymph,12,47,2,113,sampler,sgd,0.01,0.7333333611488342,0.042163718471072094,0.6712276816368103,0.00682773934914169,0.5285714387893676,0.03499272312555678
2026-04-17T03:16:10.661822,lymph,12,47,2,113,sampler,sgd,0.05,0.7333333611488342,0.042163718471072094,0.67129487991333,0.006783618631546205,0.5285714387893676,0.03499272312555678
2026-04-17T03:18:24.235990,lymph,12,47,2,113,sampler,sgd,0.1,0.7200000286102295,0.04988878129939946,0.6713768243789673,0.006728057006823714,0.5285714387893676,0.03499272312555678
2026-04-17T03:20:53.011522,breast,4,9,2,559,ffnn_0layer,adam,0.001,0.9571428894996643,0.0,0.526846957206726,0.00014423856747364404,0.8999999761581421,0.0
2026-04-17T03:22:23.609929,breast,4,9,2,559,ffnn_0layer,adam,0.005,0.9571428894996643,0.0,0.5267543792724609,0.00032148047709909755,0.8999999761581421,0.0
2026-04-17T03:25:01.808156,breast,4,9,2,559,ffnn_0layer,adam,0.01,0.9571428894996643,0.0,0.5266294836997986,0.00040373050027553783,0.8999999761581421,0.0
2026-04-17T03:27:14.756998,breast,4,9,2,559,ffnn_0layer,adam,0.05,0.9571428894996643,0.0,0.5265319585800171,0.0010741873248116985,0.8971428513526917,0.010690445853303738
2026-04-17T03:28:50.920221,breast,4,9,2,559,ffnn_0layer,adam,0.1,0.9571428894996643,0.0,0.5275501251220703,0.0020848931468072512,0.8942857027053833,0.014568630989115417
2026-04-17T03:31:07.427759,breast,4,9,2,559,ffnn_0layer,sgd,0.001,0.9114285826683044,0.044630001593158206,0.5457731127738953,0.018377083108712222,0.8600000023841858,0.03181579232159957
2026-04-17T03:33:40.114535,breast,4,9,2,559,ffnn_0layer,sgd,0.005,0.9114285826683044,0.044630001593158206,0.5452832460403443,0.018028579763970504,0.8600000023841858,0.03181579232159957
2026-04-17T03:35:28.525409,breast,4,9,2,559,ffnn_0layer,sgd,0.01,0.9114285826683044,0.044630001593158206,0.5446605443954468,0.0175432327564499,0.8628571391105652,0.03207134393189045
2026-04-17T03:39:30.604871,breast,4,9,2,559,ffnn_0layer,sgd,0.05,0.9457142949104309,0.005714297294616699,0.5353115320205688,0.007559027515551158,0.8885714292526246,0.01399709071023554
2026-04-17T03:41:37.991723,breast,4,9,2,559,ffnn_0layer,sgd,0.1,0.954285740852356,0.005714297294616699,0.5291685938835144,0.0010091058716430292,0.8857142686843872,0.012777530538404145
2026-04-17T03:44:56.217233,breast,4,9,2,559,sampler,adam,0.001,0.9485714435577393,0.006998556305188634,0.5309025764465332,0.002099730963560463,0.8799999833106995,0.011428573727613555
2026-04-17T03:48:00.533510,breast,4,9,2,559,sampler,adam,0.005,0.9571428894996643,0.0,0.5268215537071228,0.00015696670617427094,0.8999999761581421,0.0
2026-04-17T03:50:18.479156,breast,4,9,2,559,sampler,adam,0.01,0.9571428894996643,0.0,0.5267543077468873,0.0003214854863037771,0.8999999761581421,0.0
2026-04-17T03:52:50.609934,breast,4,9,2,559,sampler,adam,0.05,0.9571428894996643,0.0,0.5265585303306579,0.00045025733779965063,0.9057142734527588,0.006998556305188634
2026-04-17T03:55:43.474780,breast,4,9,2,559,sampler,adam,0.1,0.9571428894996643,0.0,0.5265319228172303,0.0010741609065639721,0.8971428513526917,0.010690445853303738
2026-04-17T03:58:28.792024,breast,4,9,2,559,sampler,sgd,0.001,0.9400000095367431,0.005714273452758789,0.5435702323913574,0.0034699369404406965,0.8857142806053162,0.009035078490531631
2026-04-17T04:00:21.110542,breast,4,9,2,559,sampler,sgd,0.005,0.9400000095367431,0.005714273452758789,0.5430633783340454,0.0032570850859009945,0.8857142806053162,0.009035078490531631
2026-04-17T04:04:29.664209,breast,4,9,2,559,sampler,sgd,0.01,0.9400000095367431,0.005714273452758789,0.5424848794937134,0.003064311972581515,0.8857142806053162,0.009035078490531631
2026-04-17T04:06:31.769695,breast,4,9,2,559,sampler,sgd,0.05,0.9428571462631226,0.0,0.5392515897750855,0.002725493498495356,0.8828571319580079,0.01069045222530829
2026-04-17T04:10:24.110093,breast,4,9,2,559,sampler,sgd,0.1,0.9428571462631226,0.0,0.5365813374519348,0.0026093343878248578,0.8799999952316284,0.006998556305188634
2026-04-17T04:13:02.865457,breast,8,9,2,559,ffnn_0layer,adam,0.001,0.9885714530944825,0.005714273452758789,0.5046665787696838,0.0003323915901865833,0.8999999761581421,0.0
2026-04-17T04:15:08.507791,breast,8,9,2,559,ffnn_0layer,adam,0.005,0.9800000190734863,0.006998556305188634,0.5037290811538696,0.00021164627765473765,0.9257143139839172,0.005714297294616699
2026-04-17T04:17:16.548652,breast,8,9,2,559,ffnn_0layer,adam,0.01,0.9800000190734863,0.006998556305188634,0.5038568377494812,0.0004889208606912512,0.9285714626312256,0.0
2026-04-17T04:20:46.465321,breast,8,9,2,559,ffnn_0layer,adam,0.05,0.985714316368103,0.0,0.5033466458320618,0.0007212065857648176,0.9228571653366089,0.006998556305188634
2026-04-17T04:23:51.038143,breast,8,9,2,559,ffnn_0layer,adam,0.1,0.9828571677207947,0.005714297294616699,0.5031524658203125,0.0016342285619180563,0.9200000166893005,0.006998556305188634
2026-04-17T04:27:27.966176,breast,8,9,2,559,ffnn_0layer,sgd,0.001,0.954285728931427,0.01069045222530829,0.5142739653587342,0.003460720922389211,0.9057142853736877,0.014568640340665222
2026-04-17T04:29:18.175094,breast,8,9,2,559,ffnn_0layer,sgd,0.005,0.954285728931427,0.01069045222530829,0.5142267346382141,0.0034296754212004106,0.9057142853736877,0.014568640340665222
2026-04-17T04:32:03.171344,breast,8,9,2,559,ffnn_0layer,sgd,0.01,0.954285728931427,0.01069045222530829,0.5141666889190674,0.003390650207902835,0.9057142853736877,0.014568640340665222
2026-04-17T04:34:04.260031,breast,8,9,2,559,ffnn_0layer,sgd,0.05,0.954285717010498,0.01399708341018407,0.513647198677063,0.003077767850115101,0.9057142853736877,0.014568640340665222
2026-04-17T04:36:52.828408,breast,8,9,2,559,ffnn_0layer,sgd,0.1,0.9571428656578064,0.012777530538404145,0.5129153728485107,0.0027220912279410495,0.9028571367263794,0.01069045222530829
2026-04-17T04:39:34.148613,breast,8,9,2,559,sampler,adam,0.001,0.9571428775787354,0.009035078490531631,0.5105894207954407,0.0011419301768892639,0.8999999761581421,0.0
2026-04-17T04:43:00.588861,breast,8,9,2,559,sampler,adam,0.005,0.9828571677207947,0.005714297294616699,0.5035405635833741,0.00014343485630727645,0.9200000166893005,0.006998556305188634
2026-04-17T04:44:11.064020,breast,8,9,2,559,sampler,adam,0.01,0.9800000190734863,0.006998556305188634,0.5037292003631592,0.00021342422208590073,0.9257143139839172,0.005714297294616699
2026-04-17T04:46:43.804415,breast,8,9,2,559,sampler,adam,0.05,0.9800000190734863,0.006998556305188634,0.503695809841156,0.0007229369661633981,0.9228571653366089,0.006998556305188634
2026-04-17T04:48:28.811589,breast,8,9,2,559,sampler,adam,0.1,0.985714316368103,0.0,0.5033466339111328,0.0007212386663737164,0.9228571653366089,0.006998556305188634
2026-04-17T04:49:45.792196,breast,8,9,2,559,sampler,sgd,0.001,0.954285728931427,0.01069045222530829,0.5161948323249816,0.003017875076789572,0.9142857193946838,0.012777557194406082
2026-04-17T04:51:48.039729,breast,8,9,2,559,sampler,sgd,0.005,0.954285728931427,0.01069045222530829,0.5161242365837098,0.0029877698628547993,0.9142857193946838,0.012777557194406082
2026-04-17T04:53:40.317290,breast,8,9,2,559,sampler,sgd,0.01,0.954285728931427,0.01069045222530829,0.5160370111465454,0.0029500768374614043,0.9142857193946838,0.012777557194406082
2026-04-17T04:55:57.496974,breast,8,9,2,559,sampler,sgd,0.05,0.9571428656578064,0.012777530538404145,0.5153797507286072,0.0026434003077240495,0.9171428680419922,0.013997112610377269
2026-04-17T04:57:17.574162,breast,8,9,2,559,sampler,sgd,0.1,0.9571428775787354,0.009035078490531633,0.5146610856056213,0.002241595464173784,0.9142857193946838,0.012777557194406082
2026-04-17T04:59:52.718732,breast,9,9,2,559,ffnn_0layer,adam,0.001,1.0,0.0,0.503801429271698,0.0005606088044888379,0.9171428680419922,0.005714297294616699
2026-04-17T05:01:47.406204,breast,9,9,2,559,ffnn_0layer,adam,0.005,0.9971428632736206,0.005714273452758789,0.5029550075531006,0.00012172356243076983,0.9285714626312256,0.0
2026-04-17T05:04:04.682781,breast,9,9,2,559,ffnn_0layer,adam,0.01,0.9971428632736206,0.005714273452758789,0.503052043914795,0.0003614632370512006,0.9285714626312256,0.0
2026-04-17T05:05:42.957251,breast,9,9,2,559,ffnn_0layer,adam,0.05,0.9942857265472412,0.006998527104995434,0.502778697013855,0.0010824461582810245,0.9257143139839172,0.005714297294616699
2026-04-17T05:08:08.339992,breast,9,9,2,559,ffnn_0layer,adam,0.1,0.9942857265472412,0.006998527104995434,0.5035233497619629,0.0018498496843461758,0.9342857360839844,0.006998527104995434
2026-04-17T05:14:14.956390,breast,9,9,2,559,ffnn_0layer,sgd,0.001,0.9600000262260437,0.018952136935246135,0.5135102868080139,0.004356954727591085,0.9342857241630554,0.021380896485595165
2026-04-17T05:20:50.180966,breast,9,9,2,559,ffnn_0layer,sgd,0.005,0.9600000262260437,0.018952136935246135,0.5134801149368287,0.004355574822378181,0.9342857241630554,0.021380896485595165
2026-04-17T05:22:14.496268,breast,9,9,2,559,ffnn_0layer,sgd,0.01,0.9600000262260437,0.018952136935246135,0.5134421110153198,0.0043536980046877055,0.9371428728103638,0.019378079238117813
2026-04-17T05:23:12.847734,breast,9,9,2,559,ffnn_0layer,sgd,0.05,0.9628571629524231,0.019378079238117813,0.5131219506263733,0.004327356158366021,0.9371428847312927,0.017142844200134278
2026-04-17T05:23:54.156175,breast,9,9,2,559,ffnn_0layer,sgd,0.1,0.9685714483261109,0.016659869741389857,0.5126420021057129,0.004219320951816769,0.9342857360839844,0.019378079238117813
2026-04-17T05:24:17.502019,breast,9,9,2,559,sampler,adam,0.001,0.9685714483261109,0.010690445853303738,0.507897412776947,0.0014184353755586205,0.9114285707473755,0.005714297294616699
2026-04-17T05:24:41.696473,breast,9,9,2,559,sampler,adam,0.005,1.0,0.0,0.5027592062950135,0.00014689527834375646,0.9285714626312256,0.0
2026-04-17T05:25:02.638049,breast,9,9,2,559,sampler,adam,0.01,0.9971428632736206,0.005714273452758789,0.50295569896698,0.00012299748877400403,0.9285714626312256,0.0
2026-04-17T05:25:31.276623,breast,9,9,2,559,sampler,adam,0.05,0.9942857265472412,0.006998527104995434,0.5028106451034546,0.0006083035222311504,0.9285714626312256,0.0
2026-04-17T05:25:54.112877,breast,9,9,2,559,sampler,adam,0.1,0.9942857265472412,0.006998527104995434,0.5027786612510681,0.0010824378019818487,0.9257143139839172,0.005714297294616699
2026-04-17T05:26:21.931024,breast,9,9,2,559,sampler,sgd,0.001,0.9657142996788025,0.006998527104995434,0.5130833745002746,0.00231301543632989,0.922857141494751,0.017142864068351506
2026-04-17T05:26:43.578803,breast,9,9,2,559,sampler,sgd,0.005,0.9657142996788025,0.006998527104995434,0.5130202412605286,0.002290298797603107,0.922857141494751,0.017142864068351506
2026-04-17T05:27:10.410951,breast,9,9,2,559,sampler,sgd,0.01,0.9657142996788025,0.006998527104995434,0.5129419565200806,0.0022620032650257638,0.922857141494751,0.017142864068351506
2026-04-17T05:27:34.663256,breast,9,9,2,559,sampler,sgd,0.05,0.9685714483261109,0.010690445853303738,0.5123461246490478,0.0020323600520691307,0.9257142901420593,0.016659871785815444
2026-04-17T05:27:56.165950,breast,9,9,2,559,sampler,sgd,0.1,0.9685714364051818,0.005714273452758789,0.5116793274879455,0.0017296730472035292,0.9257142901420593,0.02099564133760785
2026-04-17T05:28:13.614993,heart,4,20,2,189,ffnn_0layer,adam,0.001,0.5609756112098694,0.0,0.6651042103767395,0.0006324119998959678,0.625,0.0
2026-04-17T05:28:30.453689,heart,4,20,2,189,ffnn_0layer,adam,0.005,0.5609756112098694,0.0,0.6648327946662903,0.00013846058451040844,0.625,0.0
2026-04-17T05:28:47.319366,heart,4,20,2,189,ffnn_0layer,adam,0.01,0.5609756112098694,0.0,0.6651228308677674,0.0002734824571072181,0.625,0.0
2026-04-17T05:29:04.693889,heart,4,20,2,189,ffnn_0layer,adam,0.05,0.5609756112098694,0.0,0.6650796055793762,0.00014146326553971374,0.625,0.0
2026-04-17T05:29:28.985439,heart,4,20,2,189,ffnn_0layer,adam,0.1,0.5609756112098694,0.0,0.6652726531028748,0.0006988026051711209,0.625,0.0
2026-04-17T05:29:44.543847,heart,4,20,2,189,ffnn_0layer,sgd,0.001,0.5560975551605225,0.009756112098693847,0.6660123467445374,0.0015691863778506626,0.6399999976158142,0.02999999523162842
2026-04-17T05:30:02.791695,heart,4,20,2,189,ffnn_0layer,sgd,0.005,0.5560975551605225,0.009756112098693847,0.6660083651542663,0.0015673169700672173,0.6399999976158142,0.02999999523162842
2026-04-17T05:30:24.219238,heart,4,20,2,189,ffnn_0layer,sgd,0.01,0.5560975551605225,0.009756112098693847,0.6660032987594604,0.001564745573153486,0.6399999976158142,0.02999999523162842
2026-04-17T05:30:40.686435,heart,4,20,2,189,ffnn_0layer,sgd,0.05,0.5512195110321045,0.019512200355529787,0.6659607529640198,0.001537655998589193,0.6399999976158142,0.02999999523162842
2026-04-17T05:31:14.256342,heart,4,20,2,189,ffnn_0layer,sgd,0.1,0.5658536553382874,0.009756088256835938,0.6659026861190795,0.001487857050040015,0.6450000047683716,0.04000000953674317
2026-04-17T05:31:32.943719,heart,4,20,2,189,sampler,adam,0.001,0.5609756112098694,0.0,0.6652889013290405,0.0004510574293949997,0.625,0.0
2026-04-17T05:31:54.838082,heart,4,20,2,189,sampler,adam,0.005,0.5609756112098694,0.0,0.6647355079650878,9.278070110283521e-05,0.625,0.0
2026-04-17T05:32:17.153722,heart,4,20,2,189,sampler,adam,0.01,0.5609756112098694,0.0,0.6648380637168885,0.00014212115501672538,0.625,0.0
2026-04-17T05:32:38.395595,heart,4,20,2,189,sampler,adam,0.05,0.5609756112098694,0.0,0.6653238534927368,0.0001611298525956181,0.625,0.0
2026-04-17T05:32:57.280691,heart,4,20,2,189,sampler,adam,0.1,0.5609756112098694,0.0,0.6650795578956604,0.00014149272224276102,0.625,0.0
2026-04-17T05:33:16.104177,heart,4,20,2,189,sampler,sgd,0.001,0.5609756112098694,0.0,0.665876054763794,0.0008968092514802818,0.625,0.0
2026-04-17T05:33:32.282655,heart,4,20,2,189,sampler,sgd,0.005,0.5609756112098694,0.0,0.6658730745315552,0.0008947032587662377,0.625,0.0
2026-04-17T05:33:48.133142,heart,4,20,2,189,sampler,sgd,0.01,0.5609756112098694,0.0,0.6658694863319397,0.0008919124083439643,0.625,0.0
2026-04-17T05:34:04.459612,heart,4,20,2,189,sampler,sgd,0.05,0.5609756112098694,0.0,0.6658406734466553,0.0008704083288122965,0.625,0.0
2026-04-17T05:34:19.619739,heart,4,20,2,189,sampler,sgd,0.1,0.5609756112098694,0.0,0.6658054113388061,0.0008438577379225941,0.625,0.0
2026-04-17T05:34:36.237673,heart,8,20,2,189,ffnn_0layer,adam,0.001,0.7560975551605225,0.0,0.6248996376991272,0.001938675421213282,0.775000023841858,0.01581139207057737
2026-04-17T05:34:53.458688,heart,8,20,2,189,ffnn_0layer,adam,0.005,0.7560975551605225,0.0,0.6213597297668457,0.00032376424148088795,0.7750000357627869,0.0
2026-04-17T05:35:11.270909,heart,8,20,2,189,ffnn_0layer,adam,0.01,0.7560975551605225,0.0,0.6214647769927979,0.0006044042548698197,0.7750000357627869,0.0
2026-04-17T05:35:28.251566,heart,8,20,2,189,ffnn_0layer,adam,0.05,0.7560975551605225,0.0,0.6213007926940918,0.0003612940832888758,0.7750000357627869,0.0
2026-04-17T05:35:44.834728,heart,8,20,2,189,ffnn_0layer,adam,0.1,0.7560975551605225,0.0,0.6215909361839295,0.0004912965865437734,0.7750000357627869,0.0
2026-04-17T05:36:05.284693,heart,8,20,2,189,ffnn_0layer,sgd,0.001,0.7024389863014221,0.02844366723123216,0.6322603583335876,0.004444408677181827,0.7850000143051148,0.025495089619155673
2026-04-17T05:36:22.352263,heart,8,20,2,189,ffnn_0layer,sgd,0.005,0.7024389863014221,0.02844366723123216,0.6321626543998718,0.004425719323254552,0.7850000143051148,0.025495089619155673
2026-04-17T05:36:38.634344,heart,8,20,2,189,ffnn_0layer,sgd,0.01,0.7024389863014221,0.02844366723123216,0.6320403099060059,0.004401576051077763,0.7850000143051148,0.025495089619155673
2026-04-17T05:36:56.388325,heart,8,20,2,189,ffnn_0layer,sgd,0.05,0.7121950864791871,0.03584619935027034,0.6310370564460754,0.0042044292261859805,0.7800000190734864,0.018708288208276046
2026-04-17T05:37:13.417472,heart,8,20,2,189,ffnn_0layer,sgd,0.1,0.7121950864791871,0.03584619935027034,0.629787027835846,0.003932464292237976,0.7600000262260437,0.02999999920527272
2026-04-17T05:37:30.655032,heart,8,20,2,189,sampler,adam,0.001,0.7365853309631347,0.009756112098693847,0.6274842500686646,0.003248764843028773,0.775,0.031622774716820276
2026-04-17T05:37:47.755755,heart,8,20,2,189,sampler,adam,0.005,0.7560975551605225,0.0,0.6221429705619812,0.0004797286401732787,0.7750000357627869,0.0
2026-04-17T05:38:05.126067,heart,8,20,2,189,sampler,adam,0.01,0.7560975551605225,0.0,0.6213754057884217,0.00033147631509568206,0.7750000357627869,0.0
2026-04-17T05:38:21.237891,heart,8,20,2,189,sampler,adam,0.05,0.7560975551605225,0.0,0.6215613961219788,0.0004448491090177948,0.7750000357627869,0.0
2026-04-17T05:38:36.972488,heart,8,20,2,189,sampler,adam,0.1,0.7560975551605225,0.0,0.621301817893982,0.00036204528990846753,0.7750000357627869,0.0
2026-04-17T05:38:53.082301,heart,8,20,2,189,sampler,sgd,0.001,0.6878048419952393,0.02844366723123216,0.6304792404174805,0.00230104254962363,0.775000023841858,0.015811392070577367
2026-04-17T05:39:10.047877,heart,8,20,2,189,sampler,sgd,0.005,0.6878048419952393,0.02844366723123216,0.6304421305656434,0.002314792661172269,0.775000023841858,0.015811392070577367
2026-04-17T05:39:26.274531,heart,8,20,2,189,sampler,sgd,0.01,0.6878048419952393,0.02844366723123216,0.6303957819938659,0.0023319134355896743,0.775000023841858,0.015811392070577367
2026-04-17T05:39:42.960645,heart,8,20,2,189,sampler,sgd,0.05,0.6878048419952393,0.02844366723123216,0.630030632019043,0.0024645543093479334,0.7700000166893005,0.018708294580280598
2026-04-17T05:40:00.231739,heart,8,20,2,189,sampler,sgd,0.1,0.6975609421730041,0.02487326791572543,0.6295856833457947,0.0026169604132296733,0.7700000166893005,0.018708294580280598
2026-04-17T05:40:17.472634,heart,12,20,2,189,ffnn_0layer,adam,0.001,0.6585365533828735,0.0,0.6516893982887269,0.00213126414035013,0.8600000023841858,0.030000015099844655
2026-04-17T05:40:35.781505,heart,12,20,2,189,ffnn_0layer,adam,0.005,0.6585365533828735,0.0,0.652632212638855,0.00016659889361612644,0.8550000190734863,0.009999990463256836
2026-04-17T05:40:54.416242,heart,12,20,2,189,ffnn_0layer,adam,0.01,0.6585365533828735,0.0,0.6520211338996887,0.000372257968706454,0.8550000190734863,0.009999990463256836
2026-04-17T05:41:14.754317,heart,12,20,2,189,ffnn_0layer,adam,0.05,0.6536585092544556,0.009756088256835938,0.6521902680397034,0.000825219854778747,0.8600000143051147,0.01224743703383861
2026-04-17T05:41:31.169145,heart,12,20,2,189,ffnn_0layer,adam,0.1,0.6487804651260376,0.011948719057403523,0.6527665019035339,0.0005375880929738219,0.8600000143051147,0.01224743703383861
2026-04-17T05:41:50.570186,heart,12,20,2,189,ffnn_0layer,sgd,0.001,0.6780487537384033,0.02844366518681155,0.649293577671051,0.005326083343026415,0.8350000023841858,0.01224746623403181
2026-04-17T05:42:08.305821,heart,12,20,2,189,ffnn_0layer,sgd,0.005,0.6780487537384033,0.02844366518681155,0.6493285059928894,0.005309958769295917,0.8350000023841858,0.01224746623403181
2026-04-17T05:42:24.377856,heart,12,20,2,189,ffnn_0layer,sgd,0.01,0.6780487537384033,0.02844366518681155,0.6493722677230835,0.005288873997525171,0.8350000023841858,0.01224746623403181
2026-04-17T05:42:40.826622,heart,12,20,2,189,ffnn_0layer,sgd,0.05,0.6780487537384033,0.02844366518681155,0.6497555136680603,0.005099465917664103,0.8450000166893006,0.010000014305114746
2026-04-17T05:42:58.021318,heart,12,20,2,189,ffnn_0layer,sgd,0.1,0.6731706976890564,0.01951219737530096,0.6502978920936584,0.004818077461837317,0.850000011920929,0.015811392070577367
2026-04-17T05:43:16.463241,heart,12,20,2,189,sampler,adam,0.001,0.6926828861236572,0.011948748257596724,0.6456620812416076,0.0020999343025851847,0.8100000143051147,0.02000000476837158
2026-04-17T05:43:33.224761,heart,12,20,2,189,sampler,adam,0.005,0.6585365533828735,0.0,0.6518471837043762,0.0006919141071806826,0.8500000238418579,0.0
2026-04-17T05:43:50.924755,heart,12,20,2,189,sampler,adam,0.01,0.6585365533828735,0.0,0.6526282668113709,0.00015835223132052703,0.8550000190734863,0.009999990463256836
2026-04-17T05:44:07.577077,heart,12,20,2,189,sampler,adam,0.05,0.6585365533828735,0.0,0.6515157461166382,0.0007519709650055561,0.8500000238418579,0.0
2026-04-17T05:44:24.533623,heart,12,20,2,189,sampler,adam,0.1,0.6536585092544556,0.009756088256835938,0.6521949768066406,0.0008145277724821596,0.8600000143051147,0.01224743703383861
2026-04-17T05:44:41.673401,heart,12,20,2,189,sampler,sgd,0.001,0.6975609421730041,0.011948748257596724,0.6434429287910461,0.002634597641665819,0.7950000166893005,0.018708269092256955
2026-04-17T05:44:57.992098,heart,12,20,2,189,sampler,sgd,0.005,0.6975609421730041,0.011948748257596724,0.643453049659729,0.0026259743492146053,0.7950000166893005,0.018708269092256955
2026-04-17T05:45:14.868471,heart,12,20,2,189,sampler,sgd,0.01,0.6975609421730041,0.011948748257596724,0.6434655785560608,0.0026150630920256488,0.7950000166893005,0.018708269092256955
2026-04-17T05:45:31.522114,heart,12,20,2,189,sampler,sgd,0.05,0.6926828861236572,0.011948748257596722,0.6435727119445801,0.002536297225654041,0.800000011920929,0.015811373221926966
2026-04-17T05:45:48.547361,heart,12,20,2,189,sampler,sgd,0.1,0.6975609421730041,0.011948748257596724,0.6437171339988709,0.002461631097872249,0.8050000071525574,0.009999990463256836
2026-04-17T05:46:09.277438,ecoli,4,6,5,228,ffnn_0layer,adam,0.001,0.6759999990463257,0.008000016212463379,1.5353397130966187,0.000560172039438452,0.555102014541626,0.00816326141357422
2026-04-17T05:46:25.977614,ecoli,4,6,5,228,ffnn_0layer,adam,0.005,0.6759999990463257,0.008000016212463379,1.535485601425171,0.0003030651595131094,0.5510203838348389,0.0
2026-04-17T05:46:44.796780,ecoli,4,6,5,228,ffnn_0layer,adam,0.01,0.671999990940094,0.009797978827264088,1.5355109930038453,0.0004309094741541837,0.5510203838348389,0.0
2026-04-17T05:47:03.179725,ecoli,4,6,5,228,ffnn_0layer,adam,0.05,0.6599999666213989,0.0,1.536271619796753,0.000941917011677657,0.5632652878761292,0.01632654368877819
2026-04-17T05:47:20.335043,ecoli,4,6,5,228,ffnn_0layer,adam,0.1,0.6599999785423278,0.012649117426193662,1.5380826234817504,0.0027616659899924872,0.5673469305038452,0.02379981683687372
2026-04-17T05:47:38.023417,ecoli,4,6,5,228,ffnn_0layer,sgd,0.001,0.6039999842643737,0.06374952978821243,1.5499600410461425,0.006609345462788514,0.4857142746448517,0.05065172758915562
2026-04-17T05:47:55.256561,ecoli,4,6,5,228,ffnn_0layer,sgd,0.005,0.6079999923706054,0.060133198740205646,1.5494790554046631,0.006510080619268978,0.4938775360584259,0.050651728069463324
2026-04-17T05:48:13.578672,ecoli,4,6,5,228,ffnn_0layer,sgd,0.01,0.6079999923706054,0.060133198740205646,1.5488844871520997,0.00637910338403437,0.4938775360584259,0.050651728069463324
2026-04-17T05:48:36.355174,ecoli,4,6,5,228,ffnn_0layer,sgd,0.05,0.6199999809265136,0.048989806535743745,1.5444774150848388,0.005080032667647675,0.497959166765213,0.05258815658598803
2026-04-17T05:48:56.740931,ecoli,4,6,5,228,ffnn_0layer,sgd,0.1,0.643999981880188,0.014966615273805562,1.5401058673858643,0.003030137816875445,0.5510204076766968,0.034149401050899274
2026-04-17T05:49:23.714274,ecoli,4,6,5,228,sampler,adam,0.001,0.6679999828338623,0.009797978827264088,1.5357611417770385,0.00019903532839882018,0.5836734652519227,0.009997941750297078
2026-04-17T05:49:42.884910,ecoli,4,6,5,228,sampler,adam,0.005,0.6759999990463257,0.008000016212463379,1.5354645013809205,0.00017701930698874396,0.5510203838348389,0.0
2026-04-17T05:50:01.810299,ecoli,4,6,5,228,sampler,adam,0.01,0.6759999990463257,0.008000016212463379,1.5354856967926025,0.00030310965713718904,0.5510203838348389,0.0
2026-04-17T05:50:21.404104,ecoli,4,6,5,228,sampler,adam,0.05,0.6679999947547912,0.016000011563305248,1.5356428623199463,0.0005766786216647772,0.5714285612106323,0.01825363409486437
2026-04-17T05:50:41.011290,ecoli,4,6,5,228,sampler,adam,0.1,0.6599999666213989,0.0,1.536271595954895,0.0009419269655311824,0.5632652878761292,0.01632654368877819
2026-04-17T05:51:01.000255,ecoli,4,6,5,228,sampler,sgd,0.001,0.6200000047683716,0.0,1.5403878927230834,0.0013810660107000372,0.5428571343421936,0.03315934222386282
2026-04-17T05:51:22.296774,ecoli,4,6,5,228,sampler,sgd,0.005,0.6200000047683716,0.0,1.5402665615081788,0.0013389705604964777,0.5428571343421936,0.03315934222386282
2026-04-17T05:51:42.530384,ecoli,4,6,5,228,sampler,sgd,0.01,0.6200000047683716,0.0,1.5401172399520875,0.0012886404249531113,0.5428571343421936,0.03315934222386282
2026-04-17T05:52:03.420026,ecoli,4,6,5,228,sampler,sgd,0.05,0.6200000047683716,0.0,1.5390212297439576,0.000977331171323263,0.5632652878761292,0.020812330986399803
2026-04-17T05:52:23.047407,ecoli,4,6,5,228,sampler,sgd,0.1,0.6399999856948853,0.01788852676015352,1.5378836870193482,0.0007992101328410337,0.5469387531280517,0.029993737650311634
2026-04-17T05:52:44.038019,ecoli,6,6,5,228,ffnn_0layer,adam,0.001,0.8279999852180481,0.009797949627070889,1.4864421367645264,0.0007918963786152615,0.9142856955528259,0.00816326141357422
2026-04-17T05:53:08.446678,ecoli,6,6,5,228,ffnn_0layer,adam,0.005,0.8199999928474426,0.0,1.4861628770828248,0.00016396622046485485,0.9102040648460388,0.009997912550103879
2026-04-17T05:53:27.530797,ecoli,6,6,5,228,ffnn_0layer,adam,0.01,0.8239999890327454,0.007999992370605467,1.4862000465393066,0.0003618679195344795,0.9020408034324646,0.008163261413574218
2026-04-17T05:53:48.352884,ecoli,6,6,5,228,ffnn_0layer,adam,0.05,0.8239999890327454,0.007999992370605469,1.4868232488632203,0.0005325599974342201,0.9061224341392518,0.009997912550103879
2026-04-17T05:54:07.138764,ecoli,6,6,5,228,ffnn_0layer,adam,0.1,0.8239999890327454,0.007999992370605467,1.4860935926437377,0.00034634896053638964,0.8857142686843872,0.033159342223862825
2026-04-17T05:54:27.355856,ecoli,6,6,5,228,ffnn_0layer,sgd,0.001,0.7959999680519104,0.014966634389826008,1.5001449584960938,0.009016255030551121,0.7469387650489807,0.03558284249087597
2026-04-17T05:54:45.258984,ecoli,6,6,5,228,ffnn_0layer,sgd,0.005,0.7999999761581421,0.01788855341616499,1.499355411529541,0.008811042223726195,0.7510204076766968,0.03265304565429687
2026-04-17T05:55:04.264775,ecoli,6,6,5,228,ffnn_0layer,sgd,0.01,0.7919999718666076,0.020396074968368313,1.4984063148498534,0.008511721309768669,0.759183669090271,0.03265304565429687
2026-04-17T05:55:23.147818,ecoli,6,6,5,228,ffnn_0layer,sgd,0.05,0.8079999685287476,0.020396084319911686,1.4923373699188232,0.005286433822939937,0.7999999761581421,0.029993737650311634
2026-04-17T05:55:41.776140,ecoli,6,6,5,228,ffnn_0layer,sgd,0.1,0.815999972820282,0.014966640761830564,1.4884921550750732,0.0028484327260370184,0.8489795684814453,0.03315935249541449
2026-04-17T05:56:02.801548,ecoli,6,6,5,228,sampler,adam,0.001,0.8159999847412109,0.008000016212463379,1.4876549005508424,0.0015927807687259573,0.9102040648460388,0.016326522827148436
2026-04-17T05:56:24.230267,ecoli,6,6,5,228,sampler,adam,0.005,0.8199999928474426,0.0,1.4860899686813354,6.765785794401095e-05,0.9142856955528259,0.00816326141357422
2026-04-17T05:56:42.069769,ecoli,6,6,5,228,sampler,adam,0.01,0.8199999928474426,0.0,1.4861637592315673,0.0001650995105604726,0.9102040648460388,0.009997912550103879
2026-04-17T05:57:02.477957,ecoli,6,6,5,228,sampler,adam,0.05,0.8279999852180481,0.009797949627070889,1.486341667175293,0.00040652665579502065,0.9142856955528259,0.00816326141357422
2026-04-17T05:57:22.420654,ecoli,6,6,5,228,sampler,adam,0.1,0.8239999890327454,0.007999992370605469,1.4868232011795044,0.0005325378139922581,0.9061224341392518,0.009997912550103879
2026-04-17T05:57:41.274838,ecoli,6,6,5,228,sampler,sgd,0.001,0.8119999766349792,0.009797978827264088,1.4956301927566529,0.004123791111276723,0.7877550840377807,0.020812314621186982
2026-04-17T05:57:59.351853,ecoli,6,6,5,228,sampler,sgd,0.005,0.8119999766349792,0.009797978827264088,1.4953637599945069,0.004012223352249251,0.7918367147445678,0.02379979230379906
2026-04-17T05:58:18.085594,ecoli,6,6,5,228,sampler,sgd,0.01,0.8159999847412109,0.008000016212463379,1.4950406074523925,0.0038772039589560423,0.795918345451355,0.018253607438852976
2026-04-17T05:58:36.808852,ecoli,6,6,5,228,sampler,sgd,0.05,0.8119999647140503,0.016000011563305248,1.4928229093551635,0.002974982979700334,0.8326530456542969,0.02379981683687372
2026-04-17T05:58:55.870435,ecoli,6,6,5,228,sampler,sgd,0.1,0.815999972820282,0.014966640761830564,1.4908153057098388,0.0022682758260965585,0.8448979496955872,0.027682990929722633
2026-04-17T05:59:42.047214,led7,4,7,8,1794,ffnn_0layer,adam,0.001,0.7558441162109375,0.0,1.9988539218902588,0.0,0.7161458730697632,0.0
2026-04-17T06:00:26.098102,led7,4,7,8,1794,ffnn_0layer,adam,0.005,0.7558441162109375,0.0,1.9988539218902588,0.0,0.7161458730697632,0.0
2026-04-17T06:01:16.582340,led7,4,7,8,1794,ffnn_0layer,adam,0.01,0.7558441162109375,0.0,1.9988539218902588,0.0,0.7161458730697632,0.0
2026-04-17T06:02:24.270366,led7,4,7,8,1794,ffnn_0layer,adam,0.05,0.7558441162109375,0.0,1.9988539218902588,0.0,0.7161458730697632,0.0
2026-04-17T06:03:06.073601,led7,4,7,8,1794,ffnn_0layer,adam,0.1,0.7558441162109375,0.0,1.998853874206543,5.840038639982172e-08,0.7161458730697632,0.0
2026-04-17T06:03:52.144036,led7,4,7,8,1794,ffnn_0layer,sgd,0.001,0.7558441162109375,0.0,1.9990387678146362,0.00010192149142614014,0.7161458730697632,0.0
2026-04-17T06:04:38.764519,led7,4,7,8,1794,ffnn_0layer,sgd,0.005,0.7558441162109375,0.0,1.9990084171295166,8.039342267135886e-05,0.7161458730697632,0.0
2026-04-17T06:05:20.672910,led7,4,7,8,1794,ffnn_0layer,sgd,0.01,0.7558441162109375,0.0,1.9989789247512817,6.151137425606383e-05,0.7161458730697632,0.0
2026-04-17T06:06:00.757194,led7,4,7,8,1794,ffnn_0layer,sgd,0.05,0.7558441162109375,0.0,1.9988862037658692,1.2857461042824758e-05,0.7161458730697632,0.0
2026-04-17T06:06:41.613394,led7,4,7,8,1794,ffnn_0layer,sgd,0.1,0.7558441162109375,0.0,1.9988629341125488,3.611549652406984e-06,0.7161458730697632,0.0
2026-04-17T06:07:20.742942,led7,4,7,8,1794,sampler,adam,0.001,0.7558441162109375,0.0,1.9988540172576905,1.1680077279964342e-07,0.7161458730697632,0.0
2026-04-17T06:08:00.870254,led7,4,7,8,1794,sampler,adam,0.005,0.7558441162109375,0.0,1.9988539218902588,0.0,0.7161458730697632,0.0
2026-04-17T06:08:54.245349,led7,4,7,8,1794,sampler,adam,0.01,0.7558441162109375,0.0,1.9988539218902588,0.0,0.7161458730697632,0.0
2026-04-17T06:09:32.881992,led7,4,7,8,1794,sampler,adam,0.05,0.7558441162109375,0.0,1.998853898048401,4.76837158203125e-08,0.7161458730697632,0.0
2026-04-17T06:10:11.592707,led7,4,7,8,1794,sampler,adam,0.1,0.7558441162109375,0.0,1.9988539218902588,0.0,0.7161458730697632,0.0
2026-04-17T06:10:50.485316,led7,4,7,8,1794,sampler,sgd,0.001,0.7558441162109375,0.0,1.9990750551223755,0.0001264351506209788,0.7161458730697632,0.0
2026-04-17T06:11:29.844009,led7,4,7,8,1794,sampler,sgd,0.005,0.7558441162109375,0.0,1.999052929878235,0.00011157690455839052,0.7161458730697632,0.0
2026-04-17T06:12:08.070034,led7,4,7,8,1794,sampler,sgd,0.01,0.7558441162109375,0.0,1.9990293025970458,9.581999091689621e-05,0.7161458730697632,0.0
2026-04-17T06:12:45.781854,led7,4,7,8,1794,sampler,sgd,0.05,0.7558441162109375,0.0,1.998927855491638,3.5396560433992086e-05,0.7161458730697632,0.0
2026-04-17T06:13:24.431232,led7,4,7,8,1794,sampler,sgd,0.1,0.7558441162109375,0.0,1.9988849878311157,1.392793099528875e-05,0.7161458730697632,0.0
2026-04-17T06:14:08.475681,led7,7,7,8,1794,ffnn_0layer,adam,0.001,0.8025974035263062,0.0,1.9786950588226317,1.2119545962466082e-06,0.7994791865348816,0.0
2026-04-17T06:14:50.825419,led7,7,7,8,1794,ffnn_0layer,adam,0.005,0.8025974035263062,0.0,1.9786887884140014,1.7219038090961255e-06,0.7994791865348816,0.0
2026-04-17T06:15:33.678795,led7,7,7,8,1794,ffnn_0layer,adam,0.01,0.8025974035263062,0.0,1.9786876916885376,2.2258644136397946e-06,0.7994791865348816,0.0
2026-04-17T06:16:28.086638,led7,7,7,8,1794,ffnn_0layer,adam,0.05,0.8025974035263062,0.0,1.9786878108978272,2.1911173307205265e-06,0.7994791865348816,0.0
2026-04-17T06:17:16.002155,led7,7,7,8,1794,ffnn_0layer,adam,0.1,0.8025974035263062,0.0,1.9786882877349854,2.855653492595262e-06,0.7994791865348816,0.0
2026-04-17T06:17:57.202523,led7,7,7,8,1794,ffnn_0layer,sgd,0.001,0.7968831062316895,0.00601342412421934,1.9789539098739624,0.0002419387418768424,0.8067708492279053,0.0060290762278915385
2026-04-17T06:18:38.529405,led7,7,7,8,1794,ffnn_0layer,sgd,0.005,0.7968831062316895,0.005784694671032306,1.978934383392334,0.00023549103328446153,0.8072916865348816,0.0054625366124404105
2026-04-17T06:19:32.746380,led7,7,7,8,1794,ffnn_0layer,sgd,0.01,0.7968831062316895,0.005784694671032306,1.9789138078689574,0.00022832332207925894,0.8072916865348816,0.0054625366124404105
2026-04-17T06:20:16.411436,led7,7,7,8,1794,ffnn_0layer,sgd,0.05,0.796363627910614,0.005348384448772561,1.9788127422332764,0.0001797530562989102,0.8072916984558105,0.005705443307353783
2026-04-17T06:20:57.404481,led7,7,7,8,1794,ffnn_0layer,sgd,0.1,0.8025973916053772,0.006773191497752529,1.978750514984131,0.00012384479996358972,0.8010416865348816,0.004830024630193085
2026-04-17T06:21:52.718139,led7,7,7,8,1794,sampler,adam,0.001,0.8025974035263062,0.0,1.9786973237991332,8.24163059919176e-06,0.7994791865348816,0.0
2026-04-17T06:22:35.422747,led7,7,7,8,1794,sampler,adam,0.005,0.8025974035263062,0.0,1.9786908388137818,1.4332903256596695e-06,0.7994791865348816,0.0
2026-04-17T06:23:16.134956,led7,7,7,8,1794,sampler,adam,0.01,0.8025974035263062,0.0,1.9786887884140014,1.7219038090961255e-06,0.7994791865348816,0.0
2026-04-17T06:23:55.115116,led7,7,7,8,1794,sampler,adam,0.05,0.8025974035263062,0.0,1.9786872386932373,2.4062565626220956e-06,0.7994791865348816,0.0
2026-04-17T06:24:45.696289,led7,7,7,8,1794,sampler,adam,0.1,0.8025974035263062,0.0,1.9786878108978272,2.1911173307205265e-06,0.7994791865348816,0.0
2026-04-17T06:25:24.466920,led7,7,7,8,1794,sampler,sgd,0.001,0.8067532300949096,0.002648830096052084,1.9788040399551392,6.679919318668569e-05,0.8000000238418579,0.0019487947569553883
2026-04-17T06:26:04.294413,led7,7,7,8,1794,sampler,sgd,0.005,0.8067532300949096,0.002648830096052084,1.9787914276123046,6.777635115277858e-05,0.8000000238418579,0.0019487947569553883
2026-04-17T06:26:43.338492,led7,7,7,8,1794,sampler,sgd,0.01,0.8067532300949096,0.002648830096052084,1.9787764072418212,6.893194473741987e-05,0.8000000238418579,0.0019487947569553883
2026-04-17T06:27:22.548349,led7,7,7,8,1794,sampler,sgd,0.05,0.8062337517738343,0.0020779132843017577,1.9786937952041626,7.753871447687529e-05,0.8000000238418579,0.0019487947569553883
2026-04-17T06:28:06.204535,led7,7,7,8,1794,sampler,sgd,0.1,0.8072727084159851,0.0019437098973208433,1.9786408424377442,8.218086797411685e-05,0.8000000238418579,0.0019487947569553883
2026-04-17T06:30:35.139357,compas,4,12,2,8446,ffnn_0layer,adam,0.001,0.6967803359031677,0.0007086497426704007,0.6526435971260071,4.670545724431606e-05,0.6685606360435485,0.001339216111513243
2026-04-17T06:33:04.739354,compas,4,12,2,8446,ffnn_0layer,adam,0.005,0.693750011920929,0.001855694178023166,0.6526416778564453,0.00011175945345312729,0.6689394235610961,0.0012845186652568235
2026-04-17T06:35:37.552193,compas,4,12,2,8446,ffnn_0layer,adam,0.01,0.6952651739120483,0.0011043561188197725,0.6526524901390076,0.00014503184320847668,0.6696970105171204,0.0015151545405790888
2026-04-17T06:38:07.023548,compas,4,12,2,8446,ffnn_0layer,adam,0.05,0.6965909361839294,0.002288469279759581,0.652707576751709,0.0001033205487672003,0.6723485112190246,0.006252862983490458
2026-04-17T06:40:37.717823,compas,4,12,2,8446,ffnn_0layer,adam,0.1,0.6962121367454529,0.0021924046495928715,0.6528531789779664,0.00036923908399098213,0.6715909242630005,0.007221852574260272
2026-04-17T06:43:05.527593,compas,4,12,2,8446,ffnn_0layer,sgd,0.001,0.6816288113594056,0.008066487038000189,0.6579914689064026,0.0015168103026442315,0.661931836605072,0.008320413008680966
2026-04-17T06:45:30.715216,compas,4,12,2,8446,ffnn_0layer,sgd,0.005,0.6810606360435486,0.008604407037777182,0.6578171849250793,0.0014600841127498162,0.6630681991577149,0.0068914407638051706
2026-04-17T06:48:07.844707,compas,4,12,2,8446,ffnn_0layer,sgd,0.01,0.6814394116401672,0.00988846909029718,0.6575629591941834,0.0013667744521730055,0.663825786113739,0.006338332832740367
2026-04-17T06:50:31.525694,compas,4,12,2,8446,ffnn_0layer,sgd,0.05,0.691856074333191,0.0012845362417557662,0.6548630595207214,0.0011742072613634708,0.6698863983154297,0.001756361607952162
2026-04-17T06:52:54.374483,compas,4,12,2,8446,ffnn_0layer,sgd,0.1,0.6945075750350952,0.0007575720549509062,0.6527415752410889,2.858788392523221e-05,0.6668560862541199,0.00037879943847656254
2026-04-17T06:55:13.455416,compas,4,12,2,8446,sampler,adam,0.001,0.6965909481048584,0.0004639326695601837,0.6526622653007508,3.106481553013468e-05,0.6672348856925965,0.0004639326695601837
2026-04-17T07:00:54.378432,compas,4,12,2,8446,sampler,adam,0.005,0.6954545617103577,0.0009657364992150333,0.6526388645172119,7.787286413836436e-05,0.6689394235610961,0.0015386539088205807
2026-04-17T07:05:39.805965,compas,4,12,2,8446,sampler,adam,0.01,0.693750011920929,0.001855694178023166,0.6526416778564453,0.00011175945345312729,0.6689394235610961,0.0012845186652568235
2026-04-17T07:10:15.903949,compas,4,12,2,8446,sampler,adam,0.05,0.6960227489471436,0.0020747046786220853,0.6526592373847961,0.00010628003241538774,0.6717803120613098,0.006870588533971283
2026-04-17T07:12:57.178335,compas,4,12,2,8446,sampler,adam,0.1,0.6965909361839294,0.002288469279759581,0.6527076005935669,0.0001033255386493269,0.6723485112190246,0.006252862983490458
2026-04-17T07:15:17.445222,compas,4,12,2,8446,sampler,sgd,0.001,0.6859848618507385,0.0015386539088205807,0.6598114132881164,0.0003304224749150285,0.6672348856925965,0.0004639326695601837
2026-04-17T07:17:35.620445,compas,4,12,2,8446,sampler,sgd,0.005,0.6856060743331909,0.0013392161115132427,0.6597288727760315,0.00039215428129913717,0.6674242734909057,0.0011043581631570661
2026-04-17T07:19:44.586188,compas,4,12,2,8446,sampler,sgd,0.01,0.6856060862541199,0.0018939375877755538,0.6595883131027221,0.0005245059572071128,0.6672348737716675,0.000757578015415383
2026-04-17T07:22:12.535713,compas,4,12,2,8446,sampler,sgd,0.05,0.6827651739120484,0.007504394623104619,0.6573945760726929,0.0013216862427807773,0.6615530490875244,0.010401157802178334
2026-04-17T07:24:24.843946,compas,4,12,2,8446,sampler,sgd,0.1,0.6823863744735718,0.0073253930175058435,0.6544947147369384,0.00064032404008334,0.6674242615699768,0.004916964028150693
2026-04-17T07:27:43.153995,compas,8,12,2,8446,ffnn_0layer,adam,0.001,0.6693181991577148,0.0009278361389271674,0.6554548263549804,6.937058869310333e-06,0.6560606360435486,0.0009278361389271674
2026-04-17T07:30:40.086615,compas,8,12,2,8446,ffnn_0layer,adam,0.005,0.668750011920929,0.0017358328769159356,0.6554545521736145,1.7252125549549442e-05,0.6558712363243103,0.0011363704999635298
2026-04-17T07:34:33.229115,compas,8,12,2,8446,ffnn_0layer,adam,0.01,0.6689394116401672,0.0022884682931520245,0.6554649114608765,2.0576732009892982e-05,0.6564394235610962,0.0009278361389271674
2026-04-17T07:37:10.116961,compas,8,12,2,8446,ffnn_0layer,adam,0.05,0.6712121605873108,0.002425416087518688,0.65550696849823,7.532911316119444e-05,0.6570075869560241,0.0011043377189704205
2026-04-17T07:40:13.666019,compas,8,12,2,8446,ffnn_0layer,adam,0.1,0.6691288352012634,0.002208691793187969,0.6554532170295715,3.2433152032072274e-05,0.6547348737716675,0.0014172947061001464
2026-04-17T07:42:48.161303,compas,8,12,2,8446,ffnn_0layer,sgd,0.001,0.6821969866752624,0.00399975395510423,0.6573214292526245,0.0011009874289305895,0.6632575988769531,0.0027183284308570504
2026-04-17T07:45:34.598081,compas,8,12,2,8446,ffnn_0layer,sgd,0.005,0.6791666984558106,0.006235621554751334,0.6570454120635987,0.0010032743012610534,0.6626893997192382,0.002192392291831732
2026-04-17T07:48:05.249466,compas,8,12,2,8446,ffnn_0layer,sgd,0.01,0.6772727489471435,0.007020366829426432,0.6563142657279968,0.000493767599094189,0.6626894116401673,0.0024982906244173384
2026-04-17T07:52:11.366091,compas,8,12,2,8446,ffnn_0layer,sgd,0.05,0.6712121486663818,0.0007086497426704007,0.655492615699768,1.7364640711450358e-05,0.6568181991577149,0.0009657177960663275
2026-04-17T07:56:06.076283,compas,8,12,2,8446,ffnn_0layer,sgd,0.1,0.6696969866752625,0.0009278361389271674,0.6554713129997254,1.3936244068664371e-05,0.6562500238418579,0.0008469946383487346
2026-04-17T07:59:14.037737,compas,8,12,2,8446,sampler,adam,0.001,0.6696969866752625,0.0009278361389271674,0.6554594755172729,4.923127171926968e-06,0.6564394235610962,0.0009278361389271674
2026-04-17T08:02:08.310456,compas,8,12,2,8446,sampler,adam,0.005,0.6693182110786438,0.0011043377189704202,0.6554531455039978,1.377024682862856e-05,0.6558712363243103,0.0011363704999635298
2026-04-17T08:04:42.212137,compas,8,12,2,8446,sampler,adam,0.01,0.668750011920929,0.0017358328769159356,0.6554545521736145,1.7252125549549442e-05,0.6558712363243103,0.0011363704999635298
2026-04-17T08:07:26.292017,compas,8,12,2,8446,sampler,adam,0.05,0.670643973350525,0.0018362295531315108,0.6554922819137573,3.861020504977153e-05,0.6556818366050721,0.0009657271476123823
2026-04-17T08:09:52.397018,compas,8,12,2,8446,sampler,adam,0.1,0.6712121605873108,0.002425416087518688,0.6555069923400879,7.53185442337393e-05,0.6570075869560241,0.0011043377189704205
2026-04-17T08:12:04.066355,compas,8,12,2,8446,sampler,sgd,0.001,0.6873106360435486,0.0015151500701904297,0.6589502096176147,0.000175915476808581,0.6657197117805481,0.001037363221763188
2026-04-17T08:14:33.895053,compas,8,12,2,8446,sampler,sgd,0.005,0.6865530490875245,0.001986384183027106,0.658836054801941,0.0002869965648848488,0.666287899017334,0.0011363824209966956
2026-04-17T08:19:20.089990,compas,8,12,2,8446,sampler,sgd,0.01,0.6863636612892151,0.002425425396211007,0.6586007118225098,0.0005400772233392045,0.6657197117805481,0.0011978407290355122
2026-04-17T08:23:45.603611,compas,8,12,2,8446,sampler,sgd,0.05,0.6761363863945007,0.008146141897288236,0.6562977433204651,0.0009191097204894194,0.660606074333191,0.0034196019290067105
2026-04-17T08:26:28.497184,compas,8,12,2,8446,sampler,sgd,0.1,0.6751894116401672,0.008079811094007471,0.6560130596160889,0.000995708711329897,0.6585227489471436,0.004132087259929565
2026-04-17T08:29:16.406447,compas,12,12,2,8446,ffnn_0layer,adam,0.001,0.6973485231399537,0.0004639034693669838,0.6523286938667298,8.362563524708914e-06,0.6803030490875244,0.0004639326695601837
2026-04-17T08:32:02.047822,compas,12,12,2,8446,ffnn_0layer,adam,0.005,0.6975379109382629,0.0009657271476123823,0.6523288607597351,1.2646605585153257e-05,0.6801136493682861,0.0012562996653223105
2026-04-17T08:34:48.771536,compas,12,12,2,8446,ffnn_0layer,adam,0.01,0.6982954859733581,0.0004639326695601837,0.6523502588272094,1.4029895197947653e-05,0.6791666865348815,0.001629218401885214
2026-04-17T08:37:43.276236,compas,12,12,2,8446,ffnn_0layer,adam,0.05,0.6971591234207153,0.0011043540743500145,0.652411413192749,9.156896433669238e-05,0.6780303239822387,0.0021594210942598086
2026-04-17T08:40:35.407538,compas,12,12,2,8446,ffnn_0layer,adam,0.1,0.6964015483856201,0.002288461387073514,0.6524383783340454,9.450467535384979e-05,0.6761363863945007,0.0032252594934872128
2026-04-17T08:43:47.029466,compas,12,12,2,8446,ffnn_0layer,sgd,0.001,0.6859848737716675,0.0027835011167491566,0.6563524603843689,0.0012143840327089783,0.6691288232803345,0.002440179914447141
2026-04-17T08:48:03.250507,compas,12,12,2,8446,ffnn_0layer,sgd,0.005,0.6875000119209289,0.0035432359686553483,0.6558162927627563,0.0013406161397130775,0.6704545855522156,0.0025409839148224974
2026-04-17T08:51:22.970652,compas,12,12,2,8446,ffnn_0layer,sgd,0.01,0.6886363744735717,0.003759349162028033,0.6551950335502624,0.0012994585411247271,0.6702651739120483,0.001256292476731675
2026-04-17T08:55:19.515399,compas,12,12,2,8446,ffnn_0layer,sgd,0.05,0.6943181872367858,0.0011043540743500145,0.6524086117744445,4.206467308310069e-05,0.6742424488067627,0.0010373632216261978
2026-04-17T08:58:10.889476,compas,12,12,2,8446,ffnn_0layer,sgd,0.1,0.6986742854118347,0.0003787994384765625,0.6523444771766662,1.81206903746681e-05,0.6784091114997863,0.0004639326695601837
2026-04-17T09:01:16.737756,compas,12,12,2,8446,sampler,adam,0.001,0.6977273106575013,0.0007086433706658474,0.6523345470428467,7.758922308917756e-06,0.6799242734909058,0.0008469946383487344
2026-04-17T09:04:47.899446,compas,12,12,2,8446,sampler,adam,0.005,0.6977273225784302,0.0015151500701904297,0.6523257493972778,1.0468245505591527e-05,0.680681848526001,0.00037879943847656254
2026-04-17T09:07:26.030041,compas,12,12,2,8446,sampler,adam,0.01,0.6975379109382629,0.0009657271476123823,0.6523288488388062,1.2630841637049183e-05,0.6801136493682861,0.0012562996653223105
2026-04-17T09:10:01.487956,compas,12,12,2,8446,sampler,adam,0.05,0.6979166984558105,0.0005989156525236758,0.6523909330368042,5.2576278376963915e-05,0.6789772987365723,0.0015845747483443679
2026-04-17T09:12:34.391510,compas,12,12,2,8446,sampler,adam,0.1,0.6971591234207153,0.0011043540743500145,0.652411413192749,9.159918317106335e-05,0.6780303239822387,0.0021594210942598086
2026-04-17T09:15:01.206627,compas,12,12,2,8446,sampler,sgd,0.001,0.6888257622718811,0.002039826567920441,0.6584063529968261,0.0001574962915883663,0.6651515245437623,0.0016511060821793782
2026-04-17T09:17:36.879090,compas,12,12,2,8446,sampler,sgd,0.005,0.6888257741928101,0.0021259471036171036,0.658277177810669,0.00024010214824898366,0.6662879109382629,0.0021259471036171036
2026-04-17T09:20:06.150710,compas,12,12,2,8446,sampler,sgd,0.01,0.6886363863945008,0.0030772792039950683,0.658025586605072,0.000443004740944768,0.6666666865348816,0.002395662609382874
2026-04-17T09:22:38.265422,compas,12,12,2,8446,sampler,sgd,0.05,0.6804924488067627,0.009924670771241666,0.6552482843399048,0.00035581806131267324,0.6685606241226196,0.004017651144134105
2026-04-17T09:25:05.137353,compas,12,12,2,8446,sampler,sgd,0.1,0.6882575869560241,0.005662838127809178,0.6532465934753418,0.0007140573240997101,0.6751894235610962,0.0039273496971341535
2026-04-17T09:26:44.125443,german,4,23,2,767,ffnn_0layer,adam,0.001,0.6354166865348816,0.0,0.668392014503479,0.00011058501902733652,0.7604166865348816,0.0
2026-04-17T09:27:58.103259,german,4,23,2,767,ffnn_0layer,adam,0.005,0.6354166865348816,0.0,0.6683161377906799,3.226456184899165e-06,0.7604166865348816,0.0
2026-04-17T09:29:04.003813,german,4,23,2,767,ffnn_0layer,adam,0.01,0.6354166865348816,0.0,0.6683206200599671,3.045231576243787e-06,0.7604166865348816,0.0
2026-04-17T09:29:46.980877,german,4,23,2,767,ffnn_0layer,adam,0.05,0.6354166865348816,0.0,0.6683167457580567,1.410758210813203e-05,0.7604166865348816,0.0
2026-04-17T09:30:19.720891,german,4,23,2,767,ffnn_0layer,adam,0.1,0.6354166865348816,0.0,0.6683003902435303,2.2995159869847337e-05,0.7604166865348816,0.0
2026-04-17T09:30:45.782230,german,4,23,2,767,ffnn_0layer,sgd,0.001,0.6479166865348815,0.007795108935784475,0.6678825736045837,0.00019502384153803474,0.7812500119209289,0.011410886614695113
2026-04-17T09:31:10.391261,german,4,23,2,767,ffnn_0layer,sgd,0.005,0.6458333492279053,0.009316941020920918,0.6679080605506897,0.00019560760744564848,0.7770833492279052,0.014129852959749771
2026-04-17T09:31:36.517207,german,4,23,2,767,ffnn_0layer,sgd,0.01,0.6458333492279053,0.009316941020920918,0.667940080165863,0.00019664290842293593,0.7770833492279052,0.014129852959749771
2026-04-17T09:32:01.580153,german,4,23,2,767,ffnn_0layer,sgd,0.05,0.6354166865348816,0.0,0.668179988861084,0.00018365535737926194,0.7604166865348816,0.0
2026-04-17T09:32:32.642266,german,4,23,2,767,ffnn_0layer,sgd,0.1,0.6354166865348816,0.0,0.6683793544769288,0.00013947682705344022,0.7604166865348816,0.0
2026-04-17T09:32:56.759601,german,4,23,2,767,sampler,adam,0.001,0.6354166865348816,0.0,0.668283224105835,1.5591964432661306e-05,0.7604166865348816,0.0
2026-04-17T09:33:32.791898,german,4,23,2,767,sampler,adam,0.005,0.6354166865348816,0.0,0.6683117866516113,2.807979812994153e-06,0.7604166865348816,0.0
2026-04-17T09:34:08.335847,german,4,23,2,767,sampler,adam,0.01,0.6354166865348816,0.0,0.6683161377906799,3.2378875764289788e-06,0.7604166865348816,0.0
2026-04-17T09:34:56.955379,german,4,23,2,767,sampler,adam,0.05,0.6354166865348816,0.0,0.6683221220970154,2.646499925360751e-06,0.7604166865348816,0.0
2026-04-17T09:35:24.302340,german,4,23,2,767,sampler,adam,0.1,0.6354166865348816,0.0,0.6683167457580567,1.410758210813203e-05,0.7604166865348816,0.0
2026-04-17T09:36:04.772161,german,4,23,2,767,sampler,sgd,0.001,0.6375000238418579,0.004166674613952637,0.6678325533866882,0.0005189192547007225,0.7645833492279053,0.008333325386047363
2026-04-17T09:36:35.273311,german,4,23,2,767,sampler,sgd,0.005,0.6375000238418579,0.004166674613952637,0.667842698097229,0.0005156476073188855,0.7645833492279053,0.008333325386047363
2026-04-17T09:36:59.551727,german,4,23,2,767,sampler,sgd,0.01,0.6375000238418579,0.004166674613952637,0.6678549408912658,0.0005110530433861776,0.7645833492279053,0.008333325386047363
2026-04-17T09:37:27.329495,german,4,23,2,767,sampler,sgd,0.05,0.6375000238418579,0.004166674613952637,0.6679465293884277,0.0004556084670072994,0.7645833492279053,0.008333325386047363
2026-04-17T09:37:54.614189,german,4,23,2,767,sampler,sgd,0.1,0.6375000238418579,0.004166674613952637,0.6680498719215393,0.00034799750707042553,0.7645833492279053,0.008333325386047363
2026-04-17T09:38:19.938792,german,8,23,2,767,ffnn_0layer,adam,0.001,0.625,0.0,0.6579543352127075,0.00015105149681500255,0.7979166984558106,0.005103113364196021
2026-04-17T09:38:44.590399,german,8,23,2,767,ffnn_0layer,adam,0.005,0.6395833492279053,0.010622958878586268,0.6595309138298034,0.0005281941077848272,0.768750011920929,0.02019865910512343
2026-04-17T09:39:09.937414,german,8,23,2,767,ffnn_0layer,adam,0.01,0.643750011920929,0.012147815084656398,0.6595665097236634,0.0005755519034072313,0.7541666865348816,0.022438171938656392
2026-04-17T09:39:36.407361,german,8,23,2,767,ffnn_0layer,adam,0.05,0.6479166865348815,0.012147813040229648,0.6598240017890931,0.0009824401381557323,0.7520833611488342,0.02019865910512343
2026-04-17T09:40:04.363798,german,8,23,2,767,ffnn_0layer,adam,0.1,0.6479166746139526,0.019094073199730117,0.659868311882019,0.0009796931478126046,0.743750023841858,0.010622951864925439
2026-04-17T09:40:25.840259,german,8,23,2,767,ffnn_0layer,sgd,0.001,0.6562500119209289,0.006588072175819081,0.653473150730133,0.0016264982018576448,0.800000011920929,0.010206197528198842
2026-04-17T09:40:49.366729,german,8,23,2,767,ffnn_0layer,sgd,0.005,0.6541666865348816,0.007795108935784475,0.65357905626297,0.0015651585171957056,0.800000011920929,0.010206197528198842
2026-04-17T09:41:15.045256,german,8,23,2,767,ffnn_0layer,sgd,0.01,0.6520833492279052,0.010622951864925439,0.6537254810333252,0.0014911621907135503,0.800000011920929,0.010206197528198842
2026-04-17T09:41:54.681112,german,8,23,2,767,ffnn_0layer,sgd,0.05,0.6500000119209289,0.008333322405823117,0.6550280094146729,0.0009702239977366309,0.7895833611488342,0.012147821217922886
2026-04-17T09:42:42.369315,german,8,23,2,767,ffnn_0layer,sgd,0.1,0.6395833611488342,0.005103113364196021,0.6558045864105224,0.000859491944449612,0.7854166865348816,0.018162069815259318
2026-04-17T09:43:51.959912,german,8,23,2,767,sampler,adam,0.001,0.650000023841858,0.005103084164002822,0.6562068462371826,0.0001928629214275748,0.7937500357627869,0.012147817129071106
2026-04-17T09:44:46.253875,german,8,23,2,767,sampler,adam,0.005,0.6395833492279053,0.010622958878586268,0.6589646220207215,9.536619781649679e-05,0.7729166865348815,0.017921499424845208
2026-04-17T09:45:24.689968,german,8,23,2,767,sampler,adam,0.01,0.6395833492279053,0.010622958878586268,0.6595312356948853,0.0005285245213440612,0.768750011920929,0.02019865910512343
2026-04-17T09:46:11.870286,german,8,23,2,767,sampler,adam,0.05,0.65625,0.0,0.6600979924201965,0.0006851691419500163,0.7416666865348815,0.007795108935784475
2026-04-17T09:47:16.741462,german,8,23,2,767,sampler,adam,0.1,0.6479166865348815,0.012147813040229648,0.6598240494728088,0.0009824329275434126,0.7520833611488342,0.02019865910512343
2026-04-17T09:48:11.711046,german,8,23,2,767,sampler,sgd,0.001,0.6666666984558105,0.016137438304125225,0.6535650134086609,0.0007455568414062384,0.7979166746139527,0.012499996026360174
2026-04-17T09:48:36.019859,german,8,23,2,767,sampler,sgd,0.005,0.6645833611488342,0.020198681237017856,0.6535603642463684,0.0007635185221572059,0.7979166746139527,0.012499996026360174
2026-04-17T09:49:09.130918,german,8,23,2,767,sampler,sgd,0.01,0.6645833611488342,0.020198681237017856,0.6535565853118896,0.0007918622688021049,0.7979166746139527,0.012499996026360174
2026-04-17T09:49:38.171672,german,8,23,2,767,sampler,sgd,0.05,0.6583333611488342,0.02585347651591495,0.653573727607727,0.0012110263659521096,0.7979166746139527,0.012499996026360174
2026-04-17T09:50:03.132783,german,8,23,2,767,sampler,sgd,0.1,0.650000023841858,0.02763853333009013,0.6536670804023743,0.0018142251447371674,0.7958333373069764,0.014129852959749771
2026-04-17T09:50:40.966716,german,12,23,2,767,ffnn_0layer,adam,0.001,0.59375,0.0,0.6616323828697205,0.00011778053121188649,0.75,0.0
2026-04-17T09:51:39.218715,german,12,23,2,767,ffnn_0layer,adam,0.005,0.612500011920929,0.012147815084656398,0.6613266944885254,0.00043365838037418464,0.7416666984558106,0.004166650772094726
2026-04-17T09:52:36.196469,german,12,23,2,767,ffnn_0layer,adam,0.01,0.6145833492279053,0.011410886614707566,0.6613268375396728,0.000642392434608167,0.7354166865348816,0.008333328366287597
2026-04-17T09:53:14.220048,german,12,23,2,767,ffnn_0layer,adam,0.05,0.6166666865348815,0.007795108935784475,0.6604905605316163,0.002344282533837537,0.737500011920929,0.016666650772094727
2026-04-17T09:53:44.750704,german,12,23,2,767,ffnn_0layer,adam,0.1,0.6145833611488343,0.006588072175819081,0.6603190064430237,0.003370851965265286,0.7270833492279053,0.021245902560891382
2026-04-17T09:54:10.117341,german,12,23,2,767,ffnn_0layer,sgd,0.001,0.6270833611488342,0.016666673123842846,0.6528530716896057,0.0037245688783203064,0.7562500357627868,0.018162084856925685
2026-04-17T09:54:36.450895,german,12,23,2,767,ffnn_0layer,sgd,0.005,0.6250000238418579,0.014731394084516876,0.6531895279884339,0.0037888798711974074,0.7562500357627868,0.018162084856925685
2026-04-17T09:55:00.890542,german,12,23,2,767,ffnn_0layer,sgd,0.01,0.6270833611488342,0.015309312514630826,0.6536221146583557,0.0038687603253486197,0.7541666984558105,0.016925084411755234
2026-04-17T09:55:27.729320,german,12,23,2,767,ffnn_0layer,sgd,0.05,0.618750023841858,0.026841876356733504,0.6567185044288635,0.0038474171759338934,0.7541666865348816,0.01932003424740099
2026-04-17T09:55:52.790858,german,12,23,2,767,ffnn_0layer,sgd,0.1,0.6062500238418579,0.015309307647940985,0.6593471884727478,0.0028949910104997503,0.7562500357627868,0.02144922289916652
2026-04-17T09:56:17.683570,german,12,23,2,767,sampler,adam,0.001,0.5937500238418579,0.011410886614707566,0.6629502177238464,0.0013146089836879788,0.7645833611488342,0.008333349227905273
2026-04-17T09:56:41.797517,german,12,23,2,767,sampler,adam,0.005,0.5958333373069763,0.0041666746139526365,0.6611185193061828,0.000263461396016375,0.7395833730697632,0.0
2026-04-17T09:57:06.843712,german,12,23,2,767,sampler,adam,0.01,0.612500011920929,0.012147815084656398,0.6613268375396728,0.00043371084640439364,0.7416666984558106,0.004166650772094726
2026-04-17T09:57:37.917595,german,12,23,2,767,sampler,adam,0.05,0.618750023841858,0.005103084164002822,0.661090862751007,0.00214384180860568,0.7312500238418579,0.0041666746139526365
2026-04-17T09:58:04.599466,german,12,23,2,767,sampler,adam,0.1,0.6166666865348815,0.007795108935784475,0.6604905605316163,0.002344272764728949,0.737500011920929,0.016666650772094727
2026-04-17T09:58:28.600722,german,12,23,2,767,sampler,sgd,0.001,0.6520833611488343,0.0141298564750465,0.6488785743713379,0.0016777683907787991,0.7520833373069763,0.0041666746139526365
2026-04-17T09:58:51.604967,german,12,23,2,767,sampler,sgd,0.005,0.6520833611488343,0.0141298564750465,0.6489364981651307,0.0016882607668470175,0.7520833373069763,0.0041666746139526365
2026-04-17T09:59:18.174436,german,12,23,2,767,sampler,sgd,0.01,0.6520833611488343,0.0141298564750465,0.649018156528473,0.001704726049376516,0.7520833373069763,0.0041666746139526365
2026-04-17T10:00:02.237419,german,12,23,2,767,sampler,sgd,0.05,0.6479166865348815,0.016666671633724397,0.65004643201828,0.001971014414339875,0.7604166865348816,0.00931696767692079
2026-04-17T10:00:41.111305,german,12,23,2,767,sampler,sgd,0.1,0.6375000357627869,0.012147817129071106,0.6521994471549988,0.002477296961536866,0.7625000238418579,0.013819260375031325
2026-04-17T10:02:14.272098,churn,4,40,2,5634,ffnn_0layer,adam,0.001,0.7361701726913452,0.0,0.6258583664894104,0.0,0.7073863744735718,0.0
2026-04-17T10:03:55.955409,churn,4,40,2,5634,ffnn_0layer,adam,0.005,0.7361701726913452,0.0,0.6258583664894104,0.0,0.7073863744735718,0.0
2026-04-17T10:05:55.954559,churn,4,40,2,5634,ffnn_0layer,adam,0.01,0.7361701726913452,0.0,0.6258583664894104,0.0,0.7073863744735718,0.0
2026-04-17T10:08:02.610000,churn,4,40,2,5634,ffnn_0layer,adam,0.05,0.7361701726913452,0.0,0.6258583664894104,0.0,0.7073863744735718,0.0
2026-04-17T10:10:21.122585,churn,4,40,2,5634,ffnn_0layer,adam,0.1,0.7361701726913452,0.0,0.6258583664894104,0.0,0.7073863744735718,0.0
2026-04-17T10:20:33.402385,churn,4,40,2,5634,ffnn_0layer,sgd,0.001,0.7361701726913452,0.0,0.6258729338645935,1.1191244677304718e-05,0.7073863744735718,0.0
2026-04-17T10:22:07.380507,sonar,4,60,2,166,ffnn_0layer,adam,0.001,0.6857143044471741,0.04856208771111941,0.6537946462631226,0.004802268385418988,0.723809540271759,0.01904761791229248
2026-04-17T10:22:24.313202,sonar,4,60,2,166,ffnn_0layer,adam,0.005,0.8095238208770752,0.03011692830173279,0.6416165828704834,0.0005028259236972624,0.6857143044471741,0.023328472350306783
2026-04-17T10:22:41.016371,sonar,4,60,2,166,ffnn_0layer,adam,0.01,0.8285714387893677,0.023328472350306783,0.6419384241104126,0.0005432945952175672,0.6857143044471741,0.023328472350306783
2026-04-17T10:23:00.458658,sonar,4,60,2,166,ffnn_0layer,adam,0.05,0.8095238208770752,0.03011692830173279,0.6430490851402283,0.002581771975614021,0.6952381134033203,0.03809523582458496
2026-04-17T10:23:31.548306,sonar,4,60,2,166,ffnn_0layer,adam,0.1,0.800000011920929,0.01904761791229248,0.645249855518341,0.0036510454731515404,0.6952381134033203,0.03809523582458496
2026-04-17T10:23:50.262532,sonar,4,60,2,166,ffnn_0layer,sgd,0.001,0.6476190686225891,0.07737178971814797,0.6615657091140748,0.004895686738021035,0.6190476417541504,0.0673434989561618
2026-04-17T10:24:09.215794,sonar,4,60,2,166,ffnn_0layer,sgd,0.005,0.6476190686225891,0.07737178971814797,0.6614354610443115,0.0048412308836599275,0.6190476417541504,0.0673434989561618
2026-04-17T10:24:27.432641,sonar,4,60,2,166,ffnn_0layer,sgd,0.01,0.6476190686225891,0.07737178971814797,0.661274003982544,0.004774770005875437,0.6285714507102966,0.06998541705092035
2026-04-17T10:24:43.457198,sonar,4,60,2,166,ffnn_0layer,sgd,0.05,0.6571428775787354,0.06998541705092035,0.6600494861602784,0.004325138491567581,0.6380952596664429,0.07737178971814797
2026-04-17T10:25:01.990000,sonar,4,60,2,166,ffnn_0layer,sgd,0.1,0.6571428775787354,0.09233675368518272,0.6587360024452209,0.004018981731577181,0.6476190686225891,0.0883201708832854
2026-04-17T10:25:21.498643,sonar,4,60,2,166,sampler,adam,0.001,0.6285714507102966,0.01904761791229248,0.6520177245140075,0.0021318843227206632,0.6761904954910278,0.08192690242194367
2026-04-17T10:25:39.145782,sonar,4,60,2,166,sampler,adam,0.005,0.7047619223594666,0.08728715089167702,0.6480570316314698,0.003536823482498273,0.723809540271759,0.0356348301309884
2026-04-17T10:25:53.255541,sonar,4,60,2,166,sampler,adam,0.01,0.8285714387893677,0.023328472350306783,0.6417754530906677,0.0002731390104086475,0.6761904954910278,0.01904761791229248
2026-04-17T10:26:11.102476,sonar,4,60,2,166,sampler,adam,0.05,0.8380952477455139,0.023328472350306783,0.6423490166664123,0.0013639936961192145,0.6952381134033203,0.023328472350306783
2026-04-17T10:26:43.325650,sonar,4,60,2,166,sampler,adam,0.1,0.8095238208770752,0.03011692830173279,0.6430489659309387,0.002581754367014099,0.6952381134033203,0.03809523582458496
2026-04-17T10:26:58.201556,sonar,4,60,2,166,sampler,sgd,0.001,0.6380952596664429,0.023328472350306783,0.6546697378158569,0.004618085605991868,0.6190476417541504,0.0796819025395478
2026-04-17T10:27:16.108852,sonar,4,60,2,166,sampler,sgd,0.005,0.6476190686225891,0.023328472350306783,0.6546265363693238,0.004595542897659782,0.6190476417541504,0.0796819025395478
2026-04-17T10:27:50.445262,sonar,4,60,2,166,sampler,sgd,0.01,0.6476190686225891,0.023328472350306783,0.6545731902122498,0.004566884338779497,0.6285714507102966,0.09233675368518272
2026-04-17T10:28:09.837072,sonar,4,60,2,166,sampler,sgd,0.05,0.6380952596664429,0.03809523582458496,0.6541692733764648,0.004321636890215268,0.6285714507102966,0.09233675368518272
2026-04-17T10:28:27.986987,sonar,4,60,2,166,sampler,sgd,0.1,0.6476190686225891,0.023328472350306783,0.6537147641181946,0.003977566483329529,0.6571428775787354,0.07619047164916992
2026-04-17T10:28:47.537631,sonar,8,60,2,166,ffnn_0layer,adam,0.001,0.723809540271759,0.09233675368518272,0.6403570175170898,0.013205614677497115,0.7428571581840515,0.0830266415948581
2026-04-17T10:29:11.816006,sonar,8,60,2,166,ffnn_0layer,adam,0.005,0.8190476298332214,0.01904761791229248,0.6198596596717835,0.0007417827747334537,0.8095238208770752,0.0
2026-04-17T10:29:33.130023,sonar,8,60,2,166,ffnn_0layer,adam,0.01,0.8380952477455139,0.023328472350306783,0.6202071905136108,0.0011287572436455469,0.800000011920929,0.01904761791229248
2026-04-17T10:29:47.521900,sonar,8,60,2,166,ffnn_0layer,adam,0.05,0.8476190567016602,0.01904761791229248,0.6215057969093323,0.0027907101394832054,0.7809523940086365,0.023328472350306783
2026-04-17T10:30:02.899312,sonar,8,60,2,166,ffnn_0layer,adam,0.1,0.8476190567016602,0.05553287187898556,0.621854305267334,0.004210631347552464,0.7714285850524902,0.01904761791229248
2026-04-17T10:30:33.584778,sonar,8,60,2,166,ffnn_0layer,sgd,0.001,0.6857143044471741,0.04856208771111941,0.6528011441230774,0.012017530131984448,0.7714285850524902,0.05553287187898556
2026-04-17T10:30:50.833799,sonar,8,60,2,166,ffnn_0layer,sgd,0.005,0.6857143044471741,0.04856208771111941,0.6525492668151855,0.012316592018998412,0.761904776096344,0.0673434989561618
2026-04-17T10:31:20.024380,sonar,8,60,2,166,ffnn_0layer,sgd,0.01,0.6857143044471741,0.04856208771111941,0.6522288918495178,0.012692851778246621,0.7523809671401978,0.06317380176512681
2026-04-17T10:31:54.111613,sonar,8,60,2,166,ffnn_0layer,sgd,0.05,0.6952381134033203,0.07737178971814797,0.6495626211166382,0.015602374706315647,0.7714285850524902,0.06317380176512681
2026-04-17T10:32:08.941244,sonar,8,60,2,166,ffnn_0layer,sgd,0.1,0.7142857313156128,0.1043280999730205,0.6464919567108154,0.018541514141977484,0.7333333492279053,0.04856208771111941
2026-04-17T10:32:23.133911,sonar,8,60,2,166,sampler,adam,0.001,0.7333333492279053,0.023328472350306783,0.6565464496612549,0.0033874729279619446,0.7333333492279053,0.023328472350306783
2026-04-17T10:32:39.412090,sonar,8,60,2,166,sampler,adam,0.005,0.800000011920929,0.01904761791229248,0.6272890329360962,0.005651045249949701,0.7809523940086365,0.023328472350306783
2026-04-17T10:32:55.199767,sonar,8,60,2,166,sampler,adam,0.01,0.8095238208770752,0.0,0.6199175834655761,0.0007361964146642434,0.8095238208770752,0.0
2026-04-17T10:33:10.154594,sonar,8,60,2,166,sampler,adam,0.05,0.8380952477455139,0.023328472350306783,0.6212162137031555,0.0022199518258154143,0.7904762029647827,0.023328472350306783
2026-04-17T10:33:27.362089,sonar,8,60,2,166,sampler,adam,0.1,0.8476190567016602,0.01904761791229248,0.6215057253837586,0.0027906874417742084,0.7809523940086365,0.023328472350306783
2026-04-17T10:33:46.855313,sonar,8,60,2,166,sampler,sgd,0.001,0.7142857313156128,0.03011692830173279,0.6587167263031006,0.001965298347814905,0.723809540271759,0.06317380176512681
2026-04-17T10:34:00.221979,sonar,8,60,2,166,sampler,sgd,0.005,0.723809540271759,0.0356348301309884,0.6586832404136658,0.0019538549757380274,0.723809540271759,0.06317380176512681
2026-04-17T10:34:15.784000,sonar,8,60,2,166,sampler,sgd,0.01,0.723809540271759,0.0356348301309884,0.6586413621902466,0.0019402928891454326,0.723809540271759,0.06317380176512681
2026-04-17T10:34:30.795523,sonar,8,60,2,166,sampler,sgd,0.05,0.7333333492279053,0.023328472350306783,0.6583003640174866,0.0018756413497645332,0.723809540271759,0.06317380176512681
2026-04-17T10:34:45.002998,sonar,8,60,2,166,sampler,sgd,0.1,0.7333333492279053,0.023328472350306783,0.6578458905220032,0.0019685610394187644,0.723809540271759,0.06317380176512681
2026-04-17T10:35:10.403443,sonar,12,60,2,166,ffnn_0layer,adam,0.001,0.761904776096344,0.08518353692265723,0.6357782244682312,0.015978904114217592,0.8095238208770752,0.042591768461328616
2026-04-17T10:35:26.038429,sonar,12,60,2,166,ffnn_0layer,adam,0.005,0.8666666746139526,0.01904761791229248,0.6149932146072388,0.00047790265101386455,0.800000011920929,0.01904761791229248
2026-04-17T10:35:47.056734,sonar,12,60,2,166,ffnn_0layer,adam,0.01,0.8571428656578064,0.03011692830173279,0.6144119501113892,0.0005286738363653255,0.800000011920929,0.01904761791229248
2026-04-17T10:36:02.377225,sonar,12,60,2,166,ffnn_0layer,adam,0.05,0.8666666746139526,0.0356348301309884,0.6164232492446899,0.0017255303491544275,0.7809523940086365,0.023328472350306783
2026-04-17T10:36:18.006180,sonar,12,60,2,166,ffnn_0layer,adam,0.1,0.8476190567016602,0.05553287187898556,0.6158026218414306,0.0041942105254415525,0.8095238208770752,0.0
2026-04-17T10:36:33.691955,sonar,12,60,2,166,ffnn_0layer,sgd,0.001,0.6761904954910278,0.0356348301309884,0.6525929570198059,0.006539515996590953,0.761904776096344,0.06023385660346558
2026-04-17T10:36:50.965989,sonar,12,60,2,166,ffnn_0layer,sgd,0.005,0.6761904954910278,0.0356348301309884,0.652212393283844,0.006666792562009,0.7714285850524902,0.06998541705092035
2026-04-17T10:37:08.919851,sonar,12,60,2,166,ffnn_0layer,sgd,0.01,0.6761904954910278,0.0356348301309884,0.6517300128936767,0.006844680930350817,0.7714285850524902,0.06998541705092035
2026-04-17T10:37:44.554216,sonar,12,60,2,166,ffnn_0layer,sgd,0.05,0.7047619223594666,0.06317380176512681,0.6479245662689209,0.008750502488100059,0.7904762029647827,0.0645936150368276
2026-04-17T10:38:09.992513,sonar,12,60,2,166,ffnn_0layer,sgd,0.1,0.7333333492279053,0.0645936150368276,0.6442659616470336,0.011118515594207606,0.7809523940086365,0.03809523582458496
2026-04-17T10:38:30.179246,sonar,12,60,2,166,sampler,adam,0.001,0.7333333492279053,0.023328472350306783,0.6428068399429321,0.004164032201578213,0.723809540271759,0.01904761791229248
2026-04-17T10:38:47.768500,sonar,12,60,2,166,sampler,adam,0.005,0.8857142925262451,0.023328472350306783,0.6148782730102539,0.003394823050677991,0.9238095283508301,0.023328472350306783
2026-04-17T10:39:02.182260,sonar,12,60,2,166,sampler,adam,0.01,0.8666666746139526,0.01904761791229248,0.6147000074386597,0.00039956159062907353,0.800000011920929,0.01904761791229248
2026-04-17T10:39:16.234825,sonar,12,60,2,166,sampler,adam,0.05,0.8571428656578064,0.03011692830173279,0.6154003620147706,0.0019459767159437488,0.7904762029647827,0.023328472350306783
2026-04-17T10:39:31.030577,sonar,12,60,2,166,sampler,adam,0.1,0.8666666746139526,0.0356348301309884,0.6164232611656189,0.0017255229726364984,0.7809523940086365,0.023328472350306783
2026-04-17T10:39:45.259522,sonar,12,60,2,166,sampler,sgd,0.001,0.723809540271759,0.0356348301309884,0.6406632900238037,0.0032980960276844553,0.6857143044471741,0.0883201708832854
2026-04-17T10:40:00.100210,sonar,12,60,2,166,sampler,sgd,0.005,0.723809540271759,0.0356348301309884,0.6406556844711304,0.0032994170214956133,0.6857143044471741,0.0883201708832854
2026-04-17T10:40:22.259265,sonar,12,60,2,166,sampler,sgd,0.01,0.723809540271759,0.0356348301309884,0.6406467914581299,0.0033011708785972865,0.6857143044471741,0.0883201708832854
2026-04-17T10:40:39.538698,sonar,12,60,2,166,sampler,sgd,0.05,0.723809540271759,0.01904761791229248,0.6405967712402344,0.00331851351880213,0.6857143044471741,0.0883201708832854
2026-04-17T10:40:55.438555,sonar,12,60,2,166,sampler,sgd,0.1,0.723809540271759,0.01904761791229248,0.640555739402771,0.0033453759086172845,0.6761904954910278,0.08192690242194367
2026-04-17T10:43:10.687307,fico,4,23,2,8367,ffnn_0layer,adam,0.001,0.6277246475219727,0.002310335907551397,0.6806973576545715,3.7236001949218795e-05,0.5996175885200501,0.0003823995590209961
2026-04-17T10:45:29.063416,fico,4,23,2,8367,ffnn_0layer,adam,0.005,0.6275334477424621,0.00260767764525826,0.6807453632354736,8.744805425148213e-05,0.5990439772605896,0.0014308527387418897
2026-04-17T10:47:46.466699,fico,4,23,2,8367,ffnn_0layer,adam,0.01,0.6263862252235413,0.003983295115834817,0.6807694792747497,0.00011039157787852362,0.5984703660011291,0.0021800599478947443
2026-04-17T10:50:00.296316,fico,4,23,2,8367,ffnn_0layer,adam,0.05,0.6292542815208435,0.01244152496561061,0.6808873057365418,0.00032952218700001097,0.5998087882995605,0.0042583336799335856
2026-04-17T10:52:16.688464,fico,4,23,2,8367,ffnn_0layer,adam,0.1,0.6244741797447204,0.005037065271951111,0.6815853714942932,0.0008009578281950401,0.600382387638092,0.004189083391257351
2026-04-17T10:54:24.942341,fico,4,23,2,8367,ffnn_0layer,sgd,0.001,0.556596577167511,0.008832737090047083,0.6878284335136413,0.001518856252159284,0.5483747482299804,0.01454412847270504
2026-04-17T10:56:30.071077,fico,4,23,2,8367,ffnn_0layer,sgd,0.005,0.5621414899826049,0.011863943642855212,0.6875239968299866,0.001517362164196162,0.5500955939292907,0.01794269179541191
2026-04-17T10:58:40.795529,fico,4,23,2,8367,ffnn_0layer,sgd,0.01,0.5684512376785278,0.010960548152138158,0.687130618095398,0.001528284338671007,0.5590822219848632,0.006770895139466087
2026-04-17T11:00:47.001866,fico,4,23,2,8367,ffnn_0layer,sgd,0.05,0.5990439772605896,0.02471352853497074,0.6840194344520569,0.002596758000877376,0.576099407672882,0.011873170371482632
2026-04-17T11:02:59.779698,fico,4,23,2,8367,ffnn_0layer,sgd,0.1,0.6118546843528747,0.02384313381969438,0.6822839260101319,0.002211227268746631,0.5841300249099731,0.017772762812550885
2026-04-17T11:05:09.791894,fico,4,23,2,8367,sampler,adam,0.001,0.6284894704818725,0.0016668752195110668,0.6806886553764343,2.5917744518529228e-05,0.5992351651191712,0.0007154295555151035
2026-04-17T11:07:20.010950,fico,4,23,2,8367,sampler,adam,0.005,0.6269598484039307,0.0029867146373758345,0.6807249903678894,6.171946735190716e-05,0.5994263768196106,0.0010472878514023365
2026-04-17T11:09:29.616339,fico,4,23,2,8367,sampler,adam,0.01,0.6275334477424621,0.00260767764525826,0.6807453632354736,8.744805425148213e-05,0.5990439772605896,0.0014308527387418897
2026-04-17T11:11:31.579099,fico,4,23,2,8367,sampler,adam,0.05,0.62753347158432,0.007827723218141666,0.6808269500732422,0.00014286906555330977,0.5973231196403503,0.004927000429859404
2026-04-17T11:13:33.612934,fico,4,23,2,8367,sampler,adam,0.1,0.6292542815208435,0.01244152496561061,0.6808872818946838,0.00032947925349248686,0.5998087882995605,0.0042583336799335856
2026-04-17T11:15:32.094274,fico,4,23,2,8367,sampler,sgd,0.001,0.5971319198608398,0.011126055034674705,0.6858557462692261,0.001101216199567429,0.5632887244224548,0.014172372618738396
2026-04-17T11:17:35.448933,fico,4,23,2,8367,sampler,sgd,0.005,0.5986615538597106,0.012007885456730703,0.6856356501579285,0.001164000099186999,0.5640535354614258,0.015474583589672278
2026-04-17T11:19:34.542878,fico,4,23,2,8367,sampler,sgd,0.01,0.6017208337783814,0.014174964085127983,0.6853554368019104,0.0012393845796878041,0.5663479804992676,0.016027007188505207
2026-04-17T11:21:32.046033,fico,4,23,2,8367,sampler,sgd,0.05,0.6074569702148438,0.014569248678273939,0.6832459092140197,0.0015034967216664894,0.5791586995124817,0.01437725984425081
2026-04-17T11:23:34.114761,fico,4,23,2,8367,sampler,sgd,0.1,0.6120458841323853,0.004814407688668281,0.6818260073661804,0.0006354477455588284,0.5873804926872254,0.004385210044761276
2026-04-17T11:26:10.612715,fico,8,23,2,8367,ffnn_0layer,adam,0.001,0.7261950373649597,0.0009749571235684276,0.6653439998626709,6.184781982185453e-05,0.7021032452583313,0.0015533554380159737
2026-04-17T11:28:26.253446,fico,8,23,2,8367,ffnn_0layer,adam,0.005,0.7221797227859497,0.004038002601276715,0.6653720498085022,0.00015322126590534195,0.6988527536392212,0.0020053656698786125
2026-04-17T11:30:44.772953,fico,8,23,2,8367,ffnn_0layer,adam,0.01,0.7206500887870788,0.004162826096752043,0.6654053568840027,0.00019528293918515742,0.699617576599121,0.0031067204137284875
2026-04-17T11:33:10.505836,fico,8,23,2,8367,ffnn_0layer,adam,0.05,0.719502866268158,0.006584783678320763,0.6655116438865661,0.0001988994746531992,0.695602285861969,0.004548889235215533
2026-04-17T11:35:27.107891,fico,8,23,2,8367,ffnn_0layer,adam,0.1,0.7149139523506165,0.009394357909736853,0.6656472325325012,0.00019283600141749928,0.6992351770401001,0.005973417064107724
2026-04-17T11:38:08.472926,fico,8,23,2,8367,ffnn_0layer,sgd,0.001,0.632695984840393,0.05337109960797552,0.6825927257537842,0.005618542381437532,0.6114722847938537,0.047803432066181185
2026-04-17T11:40:58.412177,fico,8,23,2,8367,ffnn_0layer,sgd,0.005,0.6644359469413758,0.06167051648808296,0.6773743987083435,0.007338626476348761,0.6409177780151367,0.05861785447577222
2026-04-17T11:43:28.539630,fico,8,23,2,8367,ffnn_0layer,sgd,0.01,0.7026768565177918,0.04734775013928158,0.6717178225517273,0.006852294498659173,0.6724665284156799,0.05277593210763946
2026-04-17T11:46:11.260076,fico,8,23,2,8367,ffnn_0layer,sgd,0.05,0.7267686486244201,0.001644805653555042,0.6659636259078979,0.0007037113287084526,0.704780113697052,0.003843170610058145
2026-04-17T11:48:24.941215,fico,8,23,2,8367,ffnn_0layer,sgd,0.1,0.7250477910041809,0.001430851145789523,0.6653696060180664,0.00014925783604634332,0.7066921472549439,0.004249726703153443
2026-04-17T11:50:30.111309,fico,8,23,2,8367,sampler,adam,0.001,0.7256214141845703,0.0013520287534598003,0.6652960777282715,3.97263951346804e-05,0.7013384222984314,0.0009749501099229018
2026-04-17T11:52:36.297787,fico,8,23,2,8367,sampler,adam,0.005,0.7237093687057495,0.0033664905934832033,0.6653640270233154,0.00010615064133120309,0.7007648110389709,0.002094548497067338
2026-04-17T11:54:40.566429,fico,8,23,2,8367,sampler,adam,0.01,0.7221797227859497,0.004038002601276715,0.6653720498085022,0.00015322126590534195,0.6988527536392212,0.0020053656698786125
2026-04-17T11:56:48.934761,fico,8,23,2,8367,sampler,adam,0.05,0.7216061115264892,0.003546315677713086,0.6654941320419312,0.0002510396255691135,0.700382399559021,0.00693627853888056
2026-04-17T11:59:02.817856,fico,8,23,2,8367,sampler,adam,0.1,0.719502866268158,0.006584783678320763,0.6655116438865661,0.000198916160498729,0.695602285861969,0.004548889235215533
2026-04-17T12:01:13.904626,fico,8,23,2,8367,sampler,sgd,0.001,0.6644359350204467,0.04227740872909725,0.6796722769737243,0.005525660237849436,0.6491395831108093,0.05313629525864837
2026-04-17T12:03:13.896505,fico,8,23,2,8367,sampler,sgd,0.005,0.6841300129890442,0.04412065148340331,0.67614905834198,0.0060533053365000485,0.671319305896759,0.05336422298989989
2026-04-17T12:05:13.752501,fico,8,23,2,8367,sampler,sgd,0.01,0.7072657704353332,0.01755962171106485,0.6729737997055054,0.0054729777961396095,0.6990439772605896,0.011808324357125543
2026-04-17T12:07:19.403112,fico,8,23,2,8367,sampler,sgd,0.05,0.7281070828437806,0.00624276903194707,0.668020224571228,0.00034855599585055036,0.7040152907371521,0.0035048246389748974
2026-04-17T12:09:22.095097,fico,8,23,2,8367,sampler,sgd,0.1,0.7326959729194641,0.003707599643533833,0.666897976398468,0.0003888969160404814,0.7030592560768127,0.002536611020447776
2026-04-17T12:12:05.898038,fico,12,23,2,8367,ffnn_0layer,adam,0.001,0.7254302024841308,0.001853787526265478,0.6616063117980957,5.0589548909323485e-05,0.705162513256073,0.001296804604467462
2026-04-17T12:14:51.334719,fico,12,23,2,8367,ffnn_0layer,adam,0.005,0.7256214022636414,0.0017101961290887774,0.6616569638252259,0.0001247949859432514,0.7030592679977417,0.001968567369594007
2026-04-17T12:17:32.526356,fico,12,23,2,8367,ffnn_0layer,adam,0.01,0.7252389907836914,0.001968566211685062,0.6617063283920288,0.00016566549752865855,0.7024856567382812,0.0027970906855554964
2026-04-17T12:20:11.965472,fico,12,23,2,8367,ffnn_0layer,adam,0.05,0.7263862490653992,0.004074040977496501,0.6616673469543457,0.0001804531580352213,0.7,0.0027309483563663275
2026-04-17T12:22:56.941069,fico,12,23,2,8367,ffnn_0layer,adam,0.1,0.7267686486244201,0.003983296260253492,0.6616791486740112,0.0002578207380894692,0.7017208337783813,0.0038240939379098403
2026-04-17T12:25:17.019250,fico,12,23,2,8367,ffnn_0layer,sgd,0.001,0.6495219826698303,0.0323898540395761,0.6812373518943786,0.003932267943650598,0.6399617552757263,0.03013276005591208
2026-04-17T12:27:39.124170,fico,12,23,2,8367,ffnn_0layer,sgd,0.005,0.6648183584213256,0.036467487275758555,0.6774889588356018,0.0070876485386572674,0.6543020963668823,0.03827722534522873
2026-04-17T12:30:04.843979,fico,12,23,2,8367,ffnn_0layer,sgd,0.01,0.6743785858154296,0.03739309834386002,0.6755683064460755,0.00776207669472964,0.662141489982605,0.03862898978532077
2026-04-17T12:32:31.138455,fico,12,23,2,8367,ffnn_0layer,sgd,0.05,0.7254302024841308,0.0021291748689726752,0.6631553053855896,0.0008080393281214341,0.7082217931747437,0.002522156149069128
2026-04-17T12:34:51.401175,fico,12,23,2,8367,ffnn_0layer,sgd,0.1,0.7277246475219726,0.0011148992053058022,0.6615791320800781,4.728043910604387e-05,0.7093690156936645,0.0015997348707423992
2026-04-17T12:37:17.972159,fico,12,23,2,8367,sampler,adam,0.001,0.7277246713638306,0.0015296190977532047,0.6615785002708435,3.262411323154451e-05,0.7049713015556336,0.0007648229598999024
2026-04-17T12:39:36.105519,fico,12,23,2,8367,sampler,adam,0.005,0.7254302024841308,0.001949915415903169,0.6616281986236572,8.915234229766203e-05,0.7042064905166626,0.0012968151503141446
2026-04-17T12:41:54.793471,fico,12,23,2,8367,sampler,adam,0.01,0.7256214022636414,0.0017101961290887774,0.6616569519042969,0.00012479867653216102,0.7030592679977417,0.001968567369594007
2026-04-17T12:44:13.452061,fico,12,23,2,8367,sampler,adam,0.05,0.7256214141845703,0.0013520287534598005,0.661661171913147,0.0001661158142535428,0.7028680562973022,0.0033881481079529436
2026-04-17T12:46:33.285955,fico,12,23,2,8367,sampler,adam,0.1,0.7263862490653992,0.004074040977496501,0.6616673469543457,0.0001804531580352213,0.7,0.0027309483563663275
2026-04-17T12:48:43.819564,fico,12,23,2,8367,sampler,sgd,0.001,0.6915870070457458,0.013060820505189374,0.6764705181121826,0.004752968155774298,0.6671128034591675,0.02343641895902195
2026-04-17T12:50:51.251858,fico,12,23,2,8367,sampler,sgd,0.005,0.7013384222984314,0.01387517431422246,0.6734831809997559,0.004608453609511592,0.6782026767730713,0.022409301349784295
2026-04-17T12:53:08.232205,fico,12,23,2,8367,sampler,sgd,0.01,0.7101338505744934,0.012470876431245722,0.6706891894340515,0.0037609268410619392,0.6900573611259461,0.01772540774172322
2026-04-17T12:55:40.193356,fico,12,23,2,8367,sampler,sgd,0.05,0.7237093806266784,0.0026355762690307284,0.66575927734375,0.0008433961660497355,0.6984703540802002,0.002744292063974401
2026-04-17T12:57:54.218973,fico,12,23,2,8367,sampler,sgd,0.1,0.7275334596633911,0.004484156831446759,0.663190770149231,0.000555709299756179,0.7076481819152832,0.0016448070393845053
2026-04-17T13:00:44.555029,drybean,4,16,7,10888,ffnn_0layer,adam,0.001,0.6582966327667237,0.0009959309188382274,1.902726697921753,2.3330936093759667e-06,0.6158706784248352,0.0010798523447259033
2026-04-17T13:03:37.592755,drybean,4,16,7,10888,ffnn_0layer,adam,0.005,0.6574155688285828,0.0035546916599775587,1.902744507789612,2.559669682225032e-05,0.6146950721740723,0.0033702795643021986
2026-04-17T13:06:31.460406,drybean,4,16,7,10888,ffnn_0layer,adam,0.01,0.6572687149047851,0.005521750758067194,1.9027735948562623,3.649567819777656e-05,0.6135194540023804,0.006405440841592854
2026-04-17T13:09:25.814296,drybean,4,16,7,10888,ffnn_0layer,adam,0.05,0.6402349352836609,0.0265619133285595,1.9037460088729858,0.001401391220413688,0.6026451110839843,0.021297210777541924
2026-04-17T13:12:17.253375,drybean,4,16,7,10888,ffnn_0layer,adam,0.1,0.6497797250747681,0.0452909794371687,1.903872275352478,0.0013376056794064453,0.6295370936393738,0.0478919749645344
2026-04-17T13:14:59.891731,drybean,4,16,7,10888,ffnn_0layer,sgd,0.001,0.5370043992996216,0.05500750443040709,1.9120209455490111,0.005162710160814815,0.5207935273647308,0.044843822724311554
2026-04-17T13:17:52.564107,drybean,4,16,7,10888,ffnn_0layer,sgd,0.005,0.5535976409912109,0.04398427771191579,1.9094351291656495,0.0034578012467873682,0.5369581043720245,0.03610745580567542
2026-04-17T13:20:37.771202,drybean,4,16,7,10888,ffnn_0layer,sgd,0.01,0.5634361207485199,0.03802237815081844,1.9081620454788208,0.0027927907374277437,0.5416605234146118,0.030331722493113215
2026-04-17T13:23:38.023048,drybean,4,16,7,10888,ffnn_0layer,sgd,0.05,0.5882525682449341,0.0016351804696577996,1.9058204650878907,0.00076875772344236,0.5644379258155823,0.006692316812953438
2026-04-17T13:26:32.345268,drybean,4,16,7,10888,ffnn_0layer,sgd,0.1,0.6038179159164428,0.027770781018900424,1.9054213523864747,0.0014867586733449852,0.5731080055236817,0.018795913201580024
2026-04-17T13:29:24.456021,drybean,4,16,7,10888,sampler,adam,0.001,0.6588840007781982,0.00035968797983650195,1.9027268409729003,1.2606910768892561e-06,0.615135931968689,0.0007199015631506022
2026-04-17T13:33:27.692873,drybean,4,16,7,10888,sampler,adam,0.005,0.6575624108314514,0.0014387738195217735,1.9027321100234986,7.719535590211337e-06,0.6154298305511474,0.0011938216854804455
2026-04-17T13:36:20.979034,drybean,4,16,7,10888,sampler,adam,0.01,0.6574155688285828,0.0035546916599775587,1.902744507789612,2.559669682225032e-05,0.6146950721740723,0.0033702795643021986
2026-04-17T13:41:19.397675,drybean,4,16,7,10888,sampler,adam,0.05,0.6395007252693177,0.025505893906193882,1.9036243438720704,0.001465994334443631,0.5986774206161499,0.018596094762985127
2026-04-17T13:45:02.150912,drybean,4,16,7,10888,sampler,adam,0.1,0.6402349352836609,0.0265619133285595,1.903745985031128,0.0014014024224135405,0.6026451110839843,0.021297210777541924
2026-04-17T13:48:00.713644,drybean,4,16,7,10888,sampler,sgd,0.001,0.4869309842586517,0.018040777469967306,1.9149029493331908,0.001298457618853468,0.4834680318832397,0.013902188921174993
2026-04-17T13:50:56.958512,drybean,4,16,7,10888,sampler,sgd,0.005,0.5016152739524842,0.01617539869660424,1.9133030652999878,0.0006517785260465636,0.49331373572349546,0.013481085965976736
2026-04-17T13:53:39.091432,drybean,4,16,7,10888,sampler,sgd,0.01,0.5249632835388184,0.02130486787358233,1.911531138420105,0.0010216543316534466,0.5137398958206176,0.01925222541663883
2026-04-17T13:57:23.028322,drybean,4,16,7,10888,sampler,sgd,0.05,0.5856094002723694,0.006527500441780022,1.906430983543396,9.689697123543408e-05,0.5628214359283448,0.0022286199252521954
2026-04-17T14:03:06.021151,drybean,4,16,7,10888,sampler,sgd,0.1,0.5883994221687316,0.0005873680114746094,1.9061378717422486,0.0005876351844920278,0.5601763248443603,0.005039358218561329
2026-04-17T14:08:30.288868,drybean,8,16,7,10888,ffnn_0layer,adam,0.001,0.8306901574134826,0.000748750238042306,1.8783664226531982,5.013937616821828e-06,0.8201322555541992,0.0008568787813550837
2026-04-17T14:14:11.548776,drybean,8,16,7,10888,ffnn_0layer,adam,0.005,0.8298091053962707,0.0021481133104624957,1.8784400463104247,5.221820837693029e-05,0.8192505359649658,0.0024146450130282577
2026-04-17T14:22:49.836206,drybean,8,16,7,10888,ffnn_0layer,adam,0.01,0.828046977519989,0.00332916370650619,1.8784718990325928,5.583453638114904e-05,0.8189566373825073,0.0031380016095165515
2026-04-17T14:29:29.714318,drybean,8,16,7,10888,ffnn_0layer,adam,0.05,0.8292217254638672,0.006849873194045637,1.8784201860427856,0.0002642445784028936,0.8198383450508118,0.00830499098206166
2026-04-17T14:34:47.048860,drybean,8,16,7,10888,ffnn_0layer,adam,0.1,0.8296622514724732,0.009751516333655456,1.8786508083343505,0.0006217271618623355,0.8220425963401794,0.013302093051440887
2026-04-17T14:41:44.322390,drybean,8,16,7,10888,ffnn_0layer,sgd,0.001,0.6455212831497192,0.06999554347756323,1.899077296257019,0.007292258619807889,0.6480528831481933,0.06246705251007348
2026-04-17T14:47:00.469600,drybean,8,16,7,10888,ffnn_0layer,sgd,0.005,0.6929515361785888,0.05244654080591208,1.8913883447647095,0.005095626345453698,0.7034533262252808,0.04654327092252211
2026-04-17T14:52:34.334274,drybean,8,16,7,10888,ffnn_0layer,sgd,0.01,0.7292217135429382,0.05496396680997017,1.8862104892730713,0.0031698535317317505,0.7378398180007935,0.0492655727722549
2026-04-17T15:00:26.635752,drybean,8,16,7,10888,ffnn_0layer,sgd,0.05,0.8098384618759156,0.014595915522011981,1.8805559396743774,0.0010362663437703853,0.8044085144996643,0.014490857893388288
2026-04-17T15:06:01.382954,drybean,8,16,7,10888,ffnn_0layer,sgd,0.1,0.8098384737968445,0.0174736875374497,1.8797155618667603,0.0014987833643913184,0.8077883839607238,0.019658465177561518
2026-04-17T15:11:25.067367,drybean,8,16,7,10888,sampler,adam,0.001,0.8303964734077454,0.0004643551852459204,1.8783627271652221,5.0837416160988135e-06,0.8204261541366578,0.00035997998176850104
2026-04-17T15:14:27.638431,drybean,8,16,7,10888,sampler,adam,0.005,0.8299559473991394,0.0011929500707185956,1.878389596939087,1.9826336275425663e-05,0.8196913957595825,0.0015827188670998575
2026-04-17T15:18:35.176379,drybean,8,16,7,10888,sampler,adam,0.01,0.8298091053962707,0.0021481133104624957,1.8784400463104247,5.221820837693029e-05,0.8192505359649658,0.0024146450130282577
2026-04-17T15:23:06.764700,drybean,8,16,7,10888,sampler,adam,0.05,0.8274596095085144,0.006298867435804668,1.878530168533325,0.00019192268236507845,0.8164584875106812,0.007294445434395125
2026-04-17T15:27:21.183735,drybean,8,16,7,10888,sampler,adam,0.1,0.8292217254638672,0.006849873194045637,1.8784202575683593,0.0002641675962867471,0.8198383450508118,0.00830499098206166
2026-04-17T15:30:19.947571,drybean,8,16,7,10888,sampler,sgd,0.001,0.6158590197563172,0.05263534000011071,1.898739504814148,0.003859331496438493,0.6208670139312744,0.053704429495052206
2026-04-17T15:33:29.090994,drybean,8,16,7,10888,sampler,sgd,0.005,0.6477239251136779,0.050928012902904586,1.8944069147109985,0.004229032100667455,0.6567229866981507,0.05222935645312074
2026-04-17T15:36:12.456900,drybean,8,16,7,10888,sampler,sgd,0.01,0.6513949990272522,0.054810754879147376,1.8914217710494996,0.004624715362008549,0.6633357763290405,0.05781425732242895
2026-04-17T15:39:02.875349,drybean,8,16,7,10888,sampler,sgd,0.05,0.7744493246078491,0.05128665455848495,1.8820652961730957,0.002974492598078291,0.7754592180252076,0.047926233005189445
2026-04-17T15:41:52.631925,drybean,8,16,7,10888,sampler,sgd,0.1,0.8212922096252442,0.00520413084105646,1.879034733772278,0.00045799624723790816,0.8202792048454285,0.00522863201279679
2026-04-17T15:45:27.310215,drybean,12,16,7,10888,ffnn_0layer,adam,0.001,0.8718061566352844,0.00035968797983650195,1.8645402669906617,1.6400806951320264e-05,0.8772960901260376,0.0009293889216636565
2026-04-17T15:49:10.851974,drybean,12,16,7,10888,ffnn_0layer,adam,0.005,0.8710719466209411,0.0009959309188382274,1.864610481262207,4.868648659639373e-05,0.8775899887084961,0.0007492973034865649
2026-04-17T15:52:35.885389,drybean,12,16,7,10888,ffnn_0layer,adam,0.01,0.8707782626152039,0.0015400919189166935,1.8646501779556275,6.168246673555736e-05,0.8765613436698914,0.001675479705953249
2026-04-17T15:55:57.829870,drybean,12,16,7,10888,ffnn_0layer,adam,0.05,0.8735682606697083,0.001991861837676455,1.86479811668396,0.0001646965897154676,0.878765606880188,0.0016097760380217776
2026-04-17T16:00:05.947185,drybean,12,16,7,10888,ffnn_0layer,adam,0.1,0.8735682606697083,0.0014236860390580736,1.8651432752609254,0.0002473305133964804,0.8795003652572632,0.0019160117744806834
2026-04-17T16:03:23.438207,drybean,12,16,7,10888,ffnn_0layer,sgd,0.001,0.7544787168502808,0.0379656306031185,1.8850653409957885,0.004651182934633875,0.7560617208480835,0.0324292177184072
2026-04-17T16:06:36.631953,drybean,12,16,7,10888,ffnn_0layer,sgd,0.005,0.8102789998054505,0.0308600754705247,1.8777541160583495,0.0032610047080921536,0.8020573019981384,0.027899753342052937
2026-04-17T16:09:48.046435,drybean,12,16,7,10888,ffnn_0layer,sgd,0.01,0.8201174736022949,0.0279387646822611,1.8741962671279908,0.002596566949819964,0.8168993353843689,0.01991927168141588
2026-04-17T16:12:56.491044,drybean,12,16,7,10888,ffnn_0layer,sgd,0.05,0.8568281888961792,0.01120247862917253,1.8680233001708983,0.001744567961454748,0.8555473804473877,0.01314039066060467
2026-04-17T16:19:02.970847,drybean,12,16,7,10888,ffnn_0layer,sgd,0.1,0.8687224626541138,0.004582809503274461,1.8656696557998658,0.0005597424967733865,0.8717119574546814,0.006051805890386942
2026-04-17T16:25:33.657445,drybean,12,16,7,10888,sampler,adam,0.001,0.8716593146324157,0.0005494324647221734,1.8645331382751464,9.446191041416746e-06,0.8774430394172669,0.0005498339010091111
2026-04-17T16:30:12.085357,drybean,12,16,7,10888,sampler,adam,0.005,0.8712187886238099,0.000748750238042306,1.8645651578903197,3.0695908274125205e-05,0.8772960901260376,0.0010390884031875815
2026-04-17T16:34:52.418990,drybean,12,16,7,10888,sampler,adam,0.01,0.8710719466209411,0.0009959309188382274,1.864610481262207,4.868648659639373e-05,0.8775899887084961,0.0007492973034865649
2026-04-17T16:38:39.410489,drybean,12,16,7,10888,sampler,adam,0.05,0.872393524646759,0.0017621040344238282,1.8647388219833374,0.00011652067476602447,0.8767082810401916,0.0017010826543196792
2026-04-17T16:41:56.959981,drybean,12,16,7,10888,sampler,adam,0.1,0.8735682606697083,0.001991861837676455,1.864798092842102,0.00016468604189227542,0.878765606880188,0.0016097760380217776
2026-04-17T16:45:21.589744,drybean,12,16,7,10888,sampler,sgd,0.001,0.6362701773643493,0.057058596378391065,1.894854521751404,0.0039240735486522705,0.6415870547294616,0.05357438520695718
2026-04-17T16:48:41.493219,drybean,12,16,7,10888,sampler,sgd,0.005,0.6651982307434082,0.06283949102435915,1.8907926321029662,0.004477904339801843,0.6743570685386657,0.06271786350545072
2026-04-17T16:51:29.337552,drybean,12,16,7,10888,sampler,sgd,0.01,0.6763582825660706,0.06420477382539849,1.8876221895217895,0.005028785098508762,0.6905216574668884,0.0664461289631837
2026-04-17T16:54:13.439898,drybean,12,16,7,10888,sampler,sgd,0.05,0.8074889779090881,0.01834303392180771,1.8753204584121703,0.0024380148843153597,0.8124908208847046,0.016563130762444228
2026-04-17T16:56:59.829603,drybean,12,16,7,10888,sampler,sgd,0.1,0.842731261253357,0.010092714031716802,1.8698426485061646,0.0017828233918578632,0.8480528950691223,0.01122418089880239
2026-04-17T16:59:16.441875,avila,4,10,12,8344,ffnn_0layer,adam,0.001,0.4106543958187103,0.0,2.470715379714966,2.1034951210129527e-06,0.4185043275356293,0.0
2026-04-17T17:01:32.597726,avila,4,10,12,8344,ffnn_0layer,adam,0.005,0.4106543958187103,0.0,2.470713996887207,3.544667728432808e-06,0.4185043275356293,0.0
2026-04-17T17:04:05.412911,avila,4,10,12,8344,ffnn_0layer,adam,0.01,0.4106543958187103,0.0,2.4707172393798826,5.8718773951958254e-06,0.4185043275356293,0.0
2026-04-17T17:06:23.662645,avila,4,10,12,8344,ffnn_0layer,adam,0.05,0.4106543958187103,0.0,2.4707465171813965,2.691786937212802e-05,0.4185043275356293,0.0
2026-04-17T17:08:37.395356,avila,4,10,12,8344,ffnn_0layer,adam,0.1,0.4106543958187103,0.0,2.470758867263794,5.5536362210711746e-05,0.4185043275356293,0.0
2026-04-17T17:10:48.285889,avila,4,10,12,8344,ffnn_0layer,sgd,0.001,0.4106543958187103,0.0,2.470838212966919,0.00011757237963524619,0.4185043275356293,0.0
2026-04-17T17:12:53.454362,avila,4,10,12,8344,ffnn_0layer,sgd,0.005,0.4106543958187103,0.0,2.4708364486694334,0.0001180043743373496,0.4185043275356293,0.0
2026-04-17T17:15:04.085427,avila,4,10,12,8344,ffnn_0layer,sgd,0.01,0.4106543958187103,0.0,2.4708341121673585,0.00011828989255099885,0.4185043275356293,0.0
2026-04-17T17:17:16.041698,avila,4,10,12,8344,ffnn_0layer,sgd,0.05,0.4106543958187103,0.0,2.4708154678344725,0.00011562503708551068,0.4185043275356293,0.0
2026-04-17T17:19:33.527922,avila,4,10,12,8344,ffnn_0layer,sgd,0.1,0.4106543958187103,0.0,2.4708017349243163,0.00010677943854723039,0.4185043275356293,0.0
2026-04-17T17:21:40.003759,avila,4,10,12,8344,sampler,adam,0.001,0.4106543958187103,0.0,2.4707354068756104,3.229141798655894e-06,0.4185043275356293,0.0
2026-04-17T17:23:44.907904,avila,4,10,12,8344,sampler,adam,0.005,0.4106543958187103,0.0,2.470713424682617,2.1292794763342004e-06,0.4185043275356293,0.0
2026-04-17T17:26:02.195728,avila,4,10,12,8344,sampler,adam,0.01,0.4106543958187103,0.0,2.470713996887207,3.544667728432808e-06,0.4185043275356293,0.0
2026-04-17T17:28:20.312684,avila,4,10,12,8344,sampler,adam,0.05,0.4106543958187103,0.0,2.470726156234741,6.3126468583456215e-06,0.4185043275356293,0.0
2026-04-17T17:32:51.898984,avila,4,10,12,8344,sampler,adam,0.1,0.4106543958187103,0.0,2.470746564865112,2.6852071747726487e-05,0.4185043275356293,0.0
2026-04-17T17:36:38.388575,avila,4,10,12,8344,sampler,sgd,0.001,0.4106543958187103,0.0,2.4708167552947997,4.398718757743275e-05,0.4185043275356293,0.0
2026-04-17T17:38:30.267762,avila,4,10,12,8344,sampler,sgd,0.005,0.4106543958187103,0.0,2.470815658569336,4.378003965146461e-05,0.4185043275356293,0.0
2026-04-17T17:40:26.284491,avila,4,10,12,8344,sampler,sgd,0.01,0.4106543958187103,0.0,2.4708141803741457,4.39775720214248e-05,0.4185043275356293,0.0
2026-04-17T17:42:20.333333,avila,4,10,12,8344,sampler,sgd,0.05,0.4106543958187103,0.0,2.470802736282349,4.437338067110477e-05,0.4185043275356293,0.0
2026-04-17T17:44:31.739416,avila,4,10,12,8344,sampler,sgd,0.1,0.4106543958187103,0.0,2.4707897186279295,4.425562631440131e-05,0.4185043275356293,0.0
2026-04-17T17:46:45.539766,avila,8,10,12,8344,ffnn_0layer,adam,0.001,0.4106543958187103,0.0,2.4699923038482665,3.333088324985751e-06,0.4185043275356293,0.0
2026-04-17T17:49:00.302794,avila,8,10,12,8344,ffnn_0layer,adam,0.005,0.4106543958187103,0.0,2.470003128051758,1.6722645826173295e-05,0.4185043275356293,0.0
2026-04-17T17:51:16.765929,avila,8,10,12,8344,ffnn_0layer,adam,0.01,0.4118808090686798,0.0015032652308709625,2.4700305461883545,3.1724187926791414e-05,0.4196548521518707,0.0014090991231514981
2026-04-17T17:53:49.933055,avila,8,10,12,8344,ffnn_0layer,adam,0.05,0.4106543958187103,0.0,2.4701702117919924,9.24264178558119e-05,0.4185043275356293,0.0
2026-04-17T17:56:04.655116,avila,8,10,12,8344,ffnn_0layer,adam,0.1,0.4106543958187103,0.0,2.4701812267303467,0.00011359788406014839,0.4185043275356293,0.0
2026-04-17T17:58:17.332011,avila,8,10,12,8344,ffnn_0layer,sgd,0.001,0.41260899901390075,0.0007004185461190376,2.4705955505371096,0.00019890222821778564,0.4199424862861633,0.0009587764739990236
2026-04-17T18:00:34.113906,avila,8,10,12,8344,ffnn_0layer,sgd,0.005,0.41262816190719603,0.0007362036141934929,2.470591115951538,0.00019833424689613682,0.4199424862861633,0.0009587764739990236
2026-04-17T18:02:50.434618,avila,8,10,12,8344,ffnn_0layer,sgd,0.01,0.4126473248004913,0.0007306965552695012,2.470586395263672,0.00019881717162903117,0.4199424862861633,0.0009587764739990236
2026-04-17T18:05:03.401068,avila,8,10,12,8344,ffnn_0layer,sgd,0.05,0.41268564462661744,0.0007722310734464741,2.4705528259277343,0.00019716225314337605,0.42003836035728453,0.0009295686490463698
2026-04-17T18:07:24.912359,avila,8,10,12,8344,ffnn_0layer,sgd,0.1,0.4126281559467316,0.000796113773363667,2.4705145835876463,0.00018176807310104815,0.4200383543968201,0.0009777672630880106
2026-04-17T18:09:46.290114,avila,8,10,12,8344,sampler,adam,0.001,0.41193829774856566,0.001572744190715083,2.470011758804321,2.8654064929299798e-05,0.4196548521518707,0.0014090991231514981
2026-04-17T18:11:57.396717,avila,8,10,12,8344,sampler,adam,0.005,0.4106543958187103,0.0,2.4699958324432374,8.073347372840891e-06,0.4185043275356293,0.0
2026-04-17T18:14:14.520307,avila,8,10,12,8344,sampler,adam,0.01,0.4106543958187103,0.0,2.470003128051758,1.6722645826173295e-05,0.4185043275356293,0.0
2026-04-17T18:16:22.090105,avila,8,10,12,8344,sampler,adam,0.05,0.4137587547302246,0.00012996906576006256,2.470088768005371,5.676553607569436e-05,0.4213806390762329,0.0004287885366208746
2026-04-17T18:18:29.536315,avila,8,10,12,8344,sampler,adam,0.1,0.4106543958187103,0.0,2.470170259475708,9.250825211566072e-05,0.4185043275356293,0.0
2026-04-17T18:20:29.661773,avila,8,10,12,8344,sampler,sgd,0.001,0.4125706672668457,0.0003373840115684589,2.470248556137085,5.509246192699272e-05,0.4198465943336487,0.00019174814224243164
2026-04-17T18:22:32.990236,avila,8,10,12,8344,sampler,sgd,0.005,0.4125706672668457,0.0003373840115684589,2.4702468872070313,5.488509616945374e-05,0.4198465943336487,0.00019174814224243164
2026-04-17T18:24:32.481786,avila,8,10,12,8344,sampler,sgd,0.01,0.4125706672668457,0.0003373840115684589,2.470244550704956,5.44460760628727e-05,0.4198465943336487,0.00019174814224243164
2026-04-17T18:26:32.469935,avila,8,10,12,8344,sampler,sgd,0.05,0.41266648173332215,0.00020096791277477563,2.470230722427368,4.991271172907145e-05,0.4199424684047699,0.0
2026-04-17T18:28:34.581530,avila,8,10,12,8344,sampler,sgd,0.1,0.41266648173332215,0.00016031401992537545,2.470222902297974,4.2144258928967116e-05,0.4199424684047699,0.0
2026-04-17T18:30:53.692905,avila,10,10,12,8344,ffnn_0layer,adam,0.001,0.4106543958187103,0.0,2.469926118850708,5.7458382916992445e-06,0.4185043275356293,0.0
2026-04-17T18:33:13.594708,avila,10,10,12,8344,ffnn_0layer,adam,0.005,0.4112676024436951,0.0012264132499694826,2.4699568271636965,7.50227163059414e-06,0.41907958984375,0.001150524616241455
2026-04-17T18:35:34.396866,avila,10,10,12,8344,ffnn_0layer,adam,0.01,0.4132605254650116,0.0013100911255729216,2.470002794265747,3.1709706872905456e-05,0.4209971368312836,0.001264709234729266
2026-04-17T18:37:53.294931,avila,10,10,12,8344,ffnn_0layer,adam,0.05,0.4106543958187103,0.0,2.4700982093811037,6.503985424130829e-05,0.4185043275356293,0.0
2026-04-17T18:40:12.487376,avila,10,10,12,8344,ffnn_0layer,adam,0.1,0.4106543958187103,0.0,2.4700757026672364,7.222132844494888e-05,0.4185043275356293,0.0
2026-04-17T18:43:07.312426,avila,10,10,12,8344,ffnn_0layer,sgd,0.001,0.41241737008094786,0.0005573609306509756,2.470474624633789,7.184348978475413e-05,0.41984660029411314,0.0009295680342561529
2026-04-17T18:45:24.801388,avila,10,10,12,8344,ffnn_0layer,sgd,0.005,0.41243653297424315,0.0005671569589461553,2.4704694747924805,7.480874463379445e-05,0.41994247436523435,0.0009095758557423531
2026-04-17T18:47:39.056366,avila,10,10,12,8344,ffnn_0layer,sgd,0.01,0.41247485876083373,0.0005619531332508217,2.470462942123413,7.836838641836175e-05,0.41994247436523435,0.0009095758557423531
2026-04-17T18:49:49.748262,avila,10,10,12,8344,ffnn_0layer,sgd,0.05,0.4127239763736725,0.0008365954784296361,2.4704158306121826,9.67454298044504e-05,0.42013423442840575,0.000987123922666917
2026-04-17T18:52:05.145904,avila,10,10,12,8344,ffnn_0layer,sgd,0.1,0.41260899901390075,0.0007961123386460234,2.4703695297241213,0.0001021798056639479,0.42013423442840575,0.000987123922666917
2026-04-17T18:54:30.590003,avila,10,10,12,8344,sampler,adam,0.001,0.41251317858695985,0.0015180929839634441,2.4699501991271973,2.789599261909247e-05,0.4202301144599915,0.0014090991231514981
2026-04-17T18:58:39.458693,avila,10,10,12,8344,sampler,adam,0.005,0.4106543958187103,0.0,2.469936752319336,6.657985563547921e-06,0.4185043275356293,0.0
2026-04-17T19:02:12.595440,avila,10,10,12,8344,sampler,adam,0.01,0.4112676024436951,0.0012264132499694826,2.4699568271636965,7.50227163059414e-06,0.41907958984375,0.001150524616241455
2026-04-17T19:04:28.503600,avila,10,10,12,8344,sampler,adam,0.05,0.4139120578765869,0.00013550211796252432,2.470021390914917,5.6574191861635836e-05,0.42195590734481814,0.0005590585631392136
2026-04-17T19:06:38.326547,avila,10,10,12,8344,sampler,adam,0.1,0.4106543958187103,0.0,2.4700982093811037,6.503985424130829e-05,0.4185043275356293,0.0
2026-04-17T19:08:41.548042,avila,10,10,12,8344,sampler,sgd,0.001,0.4125515043735504,0.0003229253778745078,2.4702486991882324,5.66001890470113e-05,0.4198465943336487,0.00019174814224243164
2026-04-17T19:10:44.219842,avila,10,10,12,8344,sampler,sgd,0.005,0.4125515043735504,0.0003229253778745078,2.4702468395233153,5.628585492259798e-05,0.4198465943336487,0.00019174814224243164
2026-04-17T19:12:47.685212,avila,10,10,12,8344,sampler,sgd,0.01,0.4125706672668457,0.0003373840115684589,2.4702446937561033,5.580673617250928e-05,0.4198465943336487,0.00019174814224243164
2026-04-17T19:14:50.334922,avila,10,10,12,8344,sampler,sgd,0.05,0.41266648173332215,0.00020096791277477563,2.4702304363250733,5.14835318504604e-05,0.4199424684047699,0.0
2026-04-17T19:16:52.822320,avila,10,10,12,8344,sampler,sgd,0.1,0.41268564462661744,0.00017561651066430782,2.4702220916748048,4.383624967642548e-05,0.4198465943336487,0.00019174814224243164
2026-04-17T19:17:20.579639,banknote,4,4,2,1097,ffnn_0layer,adam,0.001,0.9333333492279052,0.012467135095780376,0.5807327508926392,0.001203882545098491,0.9240875840187073,0.01353812528720277
2026-04-17T19:17:48.248086,banknote,4,4,2,1097,ffnn_0layer,adam,0.005,0.943478274345398,0.002898550033569336,0.5796415686607361,6.994687118707247e-05,0.9489051103591919,0.0
2026-04-17T19:18:14.550137,banknote,4,4,2,1097,ffnn_0layer,adam,0.01,0.9463768243789673,0.003549984288085962,0.5796218037605285,7.843794972894156e-05,0.9459854006767273,0.005839419364929199
2026-04-17T19:18:41.397690,banknote,4,4,2,1097,ffnn_0layer,adam,0.05,0.9376811742782593,0.005797100067138672,0.5800907015800476,0.00042745279237267446,0.9416058301925659,0.00799594339001474
2026-04-17T19:19:09.952149,banknote,4,4,2,1097,ffnn_0layer,adam,0.1,0.9275362491607666,0.010247921921726862,0.5807823419570923,0.001416219847306655,0.9270073056221009,0.012214014777902125
2026-04-17T19:19:39.523407,banknote,4,4,2,1097,ffnn_0layer,sgd,0.001,0.8666666984558106,0.028102485226894985,0.6032335877418518,0.011195743227417478,0.8569342970848084,0.03851359686866299
2026-04-17T19:20:07.052970,banknote,4,4,2,1097,ffnn_0layer,sgd,0.005,0.8782608985900879,0.031218339264992245,0.5997021675109864,0.010317875147849171,0.8700729608535767,0.040875911712646484
2026-04-17T19:20:33.952094,banknote,4,4,2,1097,ffnn_0layer,sgd,0.01,0.8927536487579346,0.0221696447734426,0.5958148002624511,0.008375374148832106,0.8700729846954346,0.02707624928891659
2026-04-17T19:21:00.180156,banknote,4,4,2,1097,ffnn_0layer,sgd,0.05,0.9014492988586426,0.01751165665619119,0.5908358335494995,0.009169603636422044,0.8788321018218994,0.024688372156328145
2026-04-17T19:21:27.154584,banknote,4,4,2,1097,ffnn_0layer,sgd,0.1,0.9101449489593506,0.018672602398429876,0.589640760421753,0.008316340997991367,0.8861313819885254,0.024252915770051786
2026-04-17T19:21:52.822290,banknote,4,4,2,1097,sampler,adam,0.001,0.9202898740768433,0.004583010009018308,0.5835829496383667,0.0008338014752233698,0.9065693259239197,0.0029197216033935544
2026-04-17T19:22:20.052764,banknote,4,4,2,1097,sampler,adam,0.005,0.9420289993286133,0.0,0.5796252608299255,5.38983074220833e-05,0.9489051103591919,0.0
2026-04-17T19:22:45.145895,banknote,4,4,2,1097,sampler,adam,0.01,0.943478274345398,0.002898550033569336,0.5796415686607361,6.994687118707247e-05,0.9489051103591919,0.0
2026-04-17T19:23:10.929559,banknote,4,4,2,1097,sampler,adam,0.05,0.943478274345398,0.002898550033569336,0.5796820521354675,0.00016103584453132347,0.9430656790733337,0.005462279836335394
2026-04-17T19:23:37.772494,banknote,4,4,2,1097,sampler,adam,0.1,0.9376811742782593,0.005797100067138672,0.5800907135009765,0.00042746519673000216,0.9416058301925659,0.00799594339001474
2026-04-17T19:24:04.107512,banknote,4,4,2,1097,sampler,sgd,0.001,0.8782608985900879,0.027267946719431856,0.6082269310951233,0.011877900536964504,0.8642335772514343,0.023809506073034264
2026-04-17T19:24:30.811207,banknote,4,4,2,1097,sampler,sgd,0.005,0.8884058237075806,0.01751165665619119,0.6035233020782471,0.009666902828932726,0.8686131238937378,0.021155294159716863
2026-04-17T19:24:55.774861,banknote,4,4,2,1097,sampler,sgd,0.01,0.8927536487579346,0.01613844358078711,0.5986879587173461,0.007015267294085447,0.8729926943778992,0.015030109294783198
2026-04-17T19:25:42.578180,banknote,4,4,2,1097,sampler,sgd,0.05,0.9014492988586426,0.005797100067138672,0.5858397841453552,0.0012871183235845006,0.8963503479957581,0.005462279836335394
2026-04-17T19:27:09.513385,banknote,4,4,2,1097,sampler,sgd,0.1,0.9159420490264892,0.008695650100708007,0.5839304685592651,0.0001329764348322357,0.9036496162414551,0.0029196977615356446
2026-04-17T19:28:52.906122,wine,4,11,7,5197,ffnn_0layer,adam,0.001,0.5003076910972595,0.000615382194519043,1.9128441095352173,5.558068406748403e-06,0.5316923022270202,0.0015689229090850756
2026-04-17T19:30:20.694772,wine,4,11,7,5197,ffnn_0layer,adam,0.005,0.5003076910972595,0.002040991841885167,1.9128448486328125,1.053141040623022e-05,0.5326153755187988,0.0015073723733657982
2026-04-17T19:31:47.643068,wine,4,11,7,5197,ffnn_0layer,adam,0.01,0.5021538317203522,0.004081993568087898,1.9128730058670045,4.4117707268259026e-05,0.5341538429260254,0.004058741498924405
2026-04-17T19:33:13.955490,wine,4,11,7,5197,ffnn_0layer,adam,0.05,0.4975384533405304,0.005555520936978616,1.912967276573181,0.00010364329040708552,0.5353846073150634,0.009230774641050458
2026-04-17T19:34:41.086820,wine,4,11,7,5197,ffnn_0layer,adam,0.1,0.500307685136795,0.004058733817249133,1.9129780292510987,6.512142392105267e-05,0.5295384645462036,0.004173725108967931
2026-04-17T19:36:06.648996,wine,4,11,7,5197,ffnn_0layer,sgd,0.001,0.44615383744239806,0.021538472175598147,1.9148903369903565,0.001022557136446527,0.4578461468219757,0.029634459593249257
2026-04-17T19:37:30.897844,wine,4,11,7,5197,ffnn_0layer,sgd,0.005,0.44615383744239806,0.021538472175598147,1.9146492719650268,0.0009239920396644766,0.4578461468219757,0.029634459593249257
2026-04-17T19:38:53.510607,wine,4,11,7,5197,ffnn_0layer,sgd,0.01,0.4467692255973816,0.021264196982977896,1.9143656015396118,0.0007918518657273558,0.4563076853752136,0.030313548764514024
2026-04-17T19:40:17.032491,wine,4,11,7,5197,ffnn_0layer,sgd,0.05,0.491076922416687,0.008163995672619448,1.9132460832595826,9.758751166450276e-05,0.5104615390300751,0.009989336633410326
2026-04-17T19:41:42.453732,wine,4,11,7,5197,ffnn_0layer,sgd,0.1,0.49200000166893004,0.0015073723733657982,1.913128876686096,3.348210159897302e-05,0.5209230661392212,0.0020868748580994798
2026-04-17T19:43:03.226556,wine,4,11,7,5197,sampler,adam,0.001,0.49938461780548093,0.0007536861866828991,1.9128534317016601,4.498220023264005e-06,0.5319999933242798,0.0011512746669056677
2026-04-17T19:44:24.635943,wine,4,11,7,5197,sampler,adam,0.005,0.5003076910972595,0.0011512746669056677,1.9128413200378418,6.6897551277392915e-06,0.5313846111297608,0.0007536861866828991
2026-04-17T19:45:44.903553,wine,4,11,7,5197,sampler,adam,0.01,0.5003076910972595,0.002040991841885167,1.9128448724746705,1.051244806617618e-05,0.5326153755187988,0.0015073723733657982
2026-04-17T19:47:08.005702,wine,4,11,7,5197,sampler,adam,0.05,0.5006153762340546,0.0034538330277322313,1.912880301475525,5.860622567799265e-05,0.5338461399078369,0.0027520728381751573
2026-04-17T19:49:23.062998,wine,4,11,7,5197,sampler,adam,0.1,0.4975384533405304,0.005555520936978616,1.912967276573181,0.00010364329040708552,0.5353846073150634,0.009230774641050458
2026-04-17T19:51:24.046702,wine,4,11,7,5197,sampler,sgd,0.001,0.4356923043727875,0.0011512874109368188,1.915948748588562,0.001026171922076352,0.4430769205093384,0.001376049747104237
2026-04-17T19:52:41.338296,wine,4,11,7,5197,sampler,sgd,0.005,0.4356923043727875,0.0011512874109368188,1.9158211708068849,0.0010364175374155697,0.44276922941207886,0.0015073869734623982
2026-04-17T19:53:57.243202,wine,4,11,7,5197,sampler,sgd,0.01,0.4356923043727875,0.0011512874109368188,1.9156580448150635,0.0010410698941780263,0.4433846116065979,0.0022610731601452974
2026-04-17T19:55:45.216882,wine,4,11,7,5197,sampler,sgd,0.05,0.44953845739364623,0.02908304413504029,1.9143548488616944,0.0007360694155348,0.4563076853752136,0.029538464546203614
2026-04-17T19:57:09.481404,wine,4,11,7,5197,sampler,sgd,0.1,0.47876922488212587,0.02421598887799611,1.9134114503860473,0.00020977467841111342,0.49599999785423277,0.02900479463569426
2026-04-17T19:58:36.690117,wine,8,11,7,5197,ffnn_0layer,adam,0.001,0.4873846173286438,0.0015073869734623982,1.9154236793518067,5.395112701498029e-06,0.48615384101867676,0.0
2026-04-17T20:00:04.184249,wine,8,11,7,5197,ffnn_0layer,adam,0.005,0.48799999356269835,0.0022610699156822957,1.91541268825531,6.7390267149384374e-06,0.4867692232131958,0.0007536861866828991
2026-04-17T20:01:52.660013,wine,8,11,7,5197,ffnn_0layer,adam,0.01,0.4892307698726654,0.0041281314706114024,1.9154111385345458,1.1180382453729893e-05,0.4870769143104553,0.0007536861866828991
2026-04-17T20:03:21.257474,wine,8,11,7,5197,ffnn_0layer,adam,0.05,0.4907692313194275,0.005329386782562372,1.9154231309890748,1.7812181677390178e-05,0.48584615588188174,0.002983182631523445
2026-04-17T20:04:55.263912,wine,8,11,7,5197,ffnn_0layer,adam,0.1,0.49292307496070864,0.004625629299882113,1.9154507160186767,6.285002264771925e-05,0.4870769202709198,0.003964332652109719
2026-04-17T20:06:20.933176,wine,8,11,7,5197,ffnn_0layer,sgd,0.001,0.45138461589813234,0.007698458334156052,1.9175380229949952,0.00045315155923078765,0.46399999856948854,0.01346835100144637
2026-04-17T20:07:45.772902,wine,8,11,7,5197,ffnn_0layer,sgd,0.005,0.45200000405311586,0.008105810976869743,1.9175121307373046,0.00046428777694247647,0.46215384006500243,0.011821149685832207
2026-04-17T20:09:09.593831,wine,8,11,7,5197,ffnn_0layer,sgd,0.01,0.453846150636673,0.009281907681488564,1.9174807786941528,0.00047689186378430446,0.46307692527770994,0.012574045573135174
2026-04-17T20:10:33.607350,wine,8,11,7,5197,ffnn_0layer,sgd,0.05,0.4581538438796997,0.01205117377400673,1.917277717590332,0.0005121452033304059,0.4661538481712341,0.013270066486948758
2026-04-17T20:11:59.919333,wine,8,11,7,5197,ffnn_0layer,sgd,0.1,0.46584615111351013,0.012129479195660587,1.917023229598999,0.0003754201859075796,0.47630769610404966,0.0069894296480055886
2026-04-17T20:13:20.339448,wine,8,11,7,5197,sampler,adam,0.001,0.4867692232131958,0.0007536861866828991,1.9154348850250245,3.296390139141916e-06,0.48615384101867676,0.0
2026-04-17T20:14:39.775563,wine,8,11,7,5197,sampler,adam,0.005,0.48799999952316286,0.0011512874109368188,1.9154164791107178,7.023845330678579e-06,0.48799999952316286,0.0011512874109368188
2026-04-17T20:16:01.332341,wine,8,11,7,5197,sampler,adam,0.01,0.48799999356269835,0.0022610699156822957,1.91541268825531,6.7390267149384374e-06,0.4867692232131958,0.0007536861866828991
2026-04-17T20:20:04.369450,wine,8,11,7,5197,sampler,adam,0.05,0.490461540222168,0.0056232808693252615,1.9154186487197875,1.1713949057634616e-05,0.48738461136817934,0.00204100172620817
2026-04-17T20:22:53.679249,wine,8,11,7,5197,sampler,adam,0.1,0.4907692313194275,0.005329386782562372,1.9154231309890748,1.7812181677390178e-05,0.48584615588188174,0.002983182631523445
2026-04-17T20:24:16.603354,wine,8,11,7,5197,sampler,sgd,0.001,0.4381538450717926,0.0020409999290684233,1.9181734323501587,6.205000976155072e-05,0.44615384340286257,0.0016853044294020778
2026-04-17T20:25:37.478600,wine,8,11,7,5197,sampler,sgd,0.005,0.4381538450717926,0.0020409999290684233,1.9181694746017457,6.366099302964645e-05,0.44646153450012205,0.00204100172620817
2026-04-17T20:26:55.675909,wine,8,11,7,5197,sampler,sgd,0.01,0.4381538450717926,0.0020409999290684233,1.9181644439697265,6.577361505055799e-05,0.4467692255973816,0.0023025588918291887
2026-04-17T20:28:09.083802,wine,8,11,7,5197,sampler,sgd,0.05,0.43907691836357116,0.0023025588918291887,1.9181161880493165,8.67370067546206e-05,0.44646153450012205,0.00204100172620817
2026-04-17T20:29:22.559429,wine,8,11,7,5197,sampler,sgd,0.1,0.4396923065185547,0.002461528778076172,1.9180329084396361,0.00012747016276769144,0.4489230811595917,0.003818368675247212
2026-04-17T20:30:53.921242,wine,11,11,7,5197,ffnn_0layer,adam,0.001,0.5246153950691224,0.0019460282148913918,1.9104806900024414,9.148751856717143e-06,0.5458461523056031,0.0017941319865924362
2026-04-17T20:32:22.973271,wine,11,11,7,5197,ffnn_0layer,adam,0.005,0.5243077158927918,0.0011512746669056677,1.9104776620864867,2.0712990551552492e-05,0.5455384612083435,0.0012307643890380861
2026-04-17T20:33:52.272328,wine,11,11,7,5197,ffnn_0layer,adam,0.01,0.5258461594581604,0.002461549639728905,1.910486626625061,3.3356505982890166e-05,0.5440000057220459,0.0030147447467315965
2026-04-17T20:35:22.117154,wine,11,11,7,5197,ffnn_0layer,adam,0.05,0.5252307653427124,0.005018314780571396,1.9105228662490845,5.403774846525593e-05,0.5440000057220459,0.0028534098504452658
2026-04-17T20:36:52.510992,wine,11,11,7,5197,ffnn_0layer,adam,0.1,0.5264615416526794,0.0034263201806997608,1.9105741500854492,8.654701479204985e-05,0.5455384612083435,0.0034538240007170036
2026-04-17T20:38:18.780625,wine,11,11,7,5197,ffnn_0layer,sgd,0.001,0.47538461685180666,0.027261604274824797,1.9135557174682618,0.0008912261325392743,0.48276922702789304,0.03135443169989512
2026-04-17T20:39:44.383183,wine,11,11,7,5197,ffnn_0layer,sgd,0.005,0.47723076939582826,0.025004614143052262,1.9133658170700074,0.0007698190776747129,0.4830769240856171,0.030907381626535592
2026-04-17T20:41:09.940585,wine,11,11,7,5197,ffnn_0layer,sgd,0.01,0.47907692193984985,0.025159376589943584,1.9131452798843385,0.0006285661306133721,0.4873846173286438,0.028274225584811227
2026-04-17T20:42:37.182869,wine,11,11,7,5197,ffnn_0layer,sgd,0.05,0.5126153826713562,0.00979796198101219,1.9121750116348266,0.0004965968645465128,0.5076923251152039,0.00486504603386064
2026-04-17T20:44:03.305350,wine,11,11,7,5197,ffnn_0layer,sgd,0.1,0.5200000047683716,0.006153845787071432,1.9116704702377318,0.00039281836265670406,0.5172307610511779,0.0041737251089679316
2026-04-17T20:45:30.550389,wine,11,11,7,5197,sampler,adam,0.001,0.5252307891845703,0.0007536861866828991,1.9104889631271362,6.651835629452442e-06,0.5455384612083435,0.0007536861866828991
2026-04-17T20:46:58.231921,wine,11,11,7,5197,sampler,adam,0.005,0.5246153950691224,0.0016853153116926502,1.910475754737854,1.2908863471553687e-05,0.545230770111084,0.0015689229090850756
2026-04-17T20:48:27.396979,wine,11,11,7,5197,sampler,adam,0.01,0.5243077158927918,0.0011512746669056677,1.9104776859283448,2.0729203236005903e-05,0.5455384612083435,0.0012307643890380861
2026-04-17T20:49:53.968307,wine,11,11,7,5197,sampler,adam,0.05,0.528615391254425,0.002853409850445266,1.9104944944381714,1.729276103478517e-05,0.5458461523056031,0.000615382194519043
2026-04-17T20:51:23.149832,wine,11,11,7,5197,sampler,adam,0.1,0.5252307653427124,0.005018314780571396,1.9105228662490845,5.403774846525593e-05,0.5440000057220459,0.0028534098504452658
2026-04-17T20:52:45.570574,wine,11,11,7,5197,sampler,sgd,0.001,0.4412307679653168,0.0034263249980515252,1.9154417037963867,0.0006429266046861507,0.45076923370361327,0.00486504603386064
2026-04-17T20:54:10.271989,wine,11,11,7,5197,sampler,sgd,0.005,0.43999999165534975,0.0029190234736204018,1.9152836799621582,0.0006376202577572556,0.4492307722568512,0.0033706006970921553
2026-04-17T20:55:32.889608,wine,11,11,7,5197,sampler,sgd,0.01,0.4399999976158142,0.0021757046138293715,1.915083146095276,0.000622173633067174,0.4476923108100891,0.0021757130432154027
2026-04-17T20:56:53.682995,wine,11,11,7,5197,sampler,sgd,0.05,0.45353845953941346,0.018952451228939928,1.9136667013168336,0.0003123353127436187,0.45907692313194276,0.00915869678323534
2026-04-17T20:58:17.448556,wine,11,11,7,5197,sampler,sgd,0.1,0.5024615406990052,0.008233292505516887,1.9128326177597046,7.901851399749463e-05,0.5061538517475128,0.008313390953668403
2026-04-17T20:58:47.285440,yeast,4,8,10,1187,ffnn_0layer,adam,0.001,0.536912739276886,0.0,2.2760029315948485,6.0530152866916186e-06,0.4256756901741028,0.0
2026-04-17T20:59:16.427630,yeast,4,8,10,1187,ffnn_0layer,adam,0.005,0.5382550239562989,0.0026845693588256835,2.276066207885742,1.2460513152080272e-05,0.4243243396282196,0.0027027010917663576
2026-04-17T20:59:46.289215,yeast,4,8,10,1187,ffnn_0layer,adam,0.01,0.5382550239562989,0.0026845693588256835,2.276097822189331,3.2505608204304026e-05,0.4243243396282196,0.0027027010917663576
2026-04-17T21:00:16.804879,yeast,4,8,10,1187,ffnn_0layer,adam,0.05,0.5315436124801636,0.005022350269885099,2.2761083126068113,9.984352963531035e-05,0.40675677061080934,0.016769832224056893
2026-04-17T21:00:44.643490,yeast,4,8,10,1187,ffnn_0layer,adam,0.1,0.5328858971595765,0.013151629533002213,2.276329851150513,0.00037621341563235153,0.4054054141044617,0.025281476062641316
2026-04-17T21:01:13.531665,yeast,4,8,10,1187,ffnn_0layer,sgd,0.001,0.449664431810379,0.0663038345074431,2.2806021690368654,0.002894105650248243,0.37027027606964114,0.04387211378473802
2026-04-17T21:01:42.653339,yeast,4,8,10,1187,ffnn_0layer,sgd,0.005,0.449664431810379,0.0663038345074431,2.280547094345093,0.0028986948825625407,0.36891892552375793,0.04286148874485196
2026-04-17T21:02:12.896878,yeast,4,8,10,1187,ffnn_0layer,sgd,0.01,0.449664431810379,0.0663038345074431,2.2804762363433837,0.0029024295363917975,0.37027027606964114,0.0419572275131108
2026-04-17T21:02:42.358835,yeast,4,8,10,1187,ffnn_0layer,sgd,0.05,0.459060400724411,0.05704302910017021,2.2797890186309813,0.002795634741564214,0.3743243277072906,0.032149672640135726
2026-04-17T21:03:11.040440,yeast,4,8,10,1187,ffnn_0layer,sgd,0.1,0.514093953371048,0.053117747190473893,2.27829852104187,0.0020505385052526424,0.40675675868988037,0.049908613742341984
2026-04-17T21:03:38.811590,yeast,4,8,10,1187,sampler,adam,0.001,0.536912739276886,0.0,2.275830316543579,6.387792155626721e-05,0.4256756901741028,0.0
2026-04-17T21:04:09.213191,yeast,4,8,10,1187,sampler,adam,0.005,0.536912739276886,0.0,2.2760475635528565,9.632346650809723e-06,0.4256756901741028,0.0
2026-04-17T21:04:37.202324,yeast,4,8,10,1187,sampler,adam,0.01,0.5382550239562989,0.0026845693588256835,2.276066207885742,1.2460513152080272e-05,0.4243243396282196,0.0027027010917663576
2026-04-17T21:05:04.658168,yeast,4,8,10,1187,sampler,adam,0.05,0.5395973086357116,0.005369138717651367,2.2761184692382814,8.065590236111543e-05,0.4216216325759888,0.008108115196228026
2026-04-17T21:05:33.174015,yeast,4,8,10,1187,sampler,adam,0.1,0.5315436124801636,0.005022350269885099,2.2761083126068113,9.984352963531035e-05,0.40675677061080934,0.016769832224056893
2026-04-17T21:06:00.136309,yeast,4,8,10,1187,sampler,sgd,0.001,0.40671141147613527,0.013151620407937829,2.283356714248657,0.0009595113627521208,0.3445945978164673,0.012820036926908161
2026-04-17T21:06:26.591914,yeast,4,8,10,1187,sampler,sgd,0.005,0.40671141147613527,0.013151620407937829,2.2833084583282472,0.0009729360931147408,0.34594595432281494,0.01442848333980378
2026-04-17T21:06:52.366050,yeast,4,8,10,1187,sampler,sgd,0.01,0.40671141147613527,0.013151620407937829,2.2832454204559327,0.0009906466410233596,0.34594595432281494,0.01442848333980378
2026-04-17T21:07:19.154274,yeast,4,8,10,1187,sampler,sgd,0.05,0.41073825359344485,0.014331644505427952,2.282633590698242,0.0011891382642490202,0.3432432532310486,0.014428484456300425
2026-04-17T21:07:45.991677,yeast,4,8,10,1187,sampler,sgd,0.1,0.4778523504734039,0.0675689241395406,2.28152813911438,0.0016000294866531065,0.3918918967247009,0.05001826539594626
2026-04-17T21:08:13.600235,yeast,8,8,10,1187,ffnn_0layer,adam,0.001,0.5986577153205872,0.0026845693588256835,2.2723591327667236,1.9533452453708425e-05,0.558108115196228,0.003310104700948695
2026-04-17T21:08:42.964793,yeast,8,8,10,1187,ffnn_0layer,adam,0.005,0.6013422846794129,0.0032879125541167625,2.2724465847015383,2.9932842548462945e-05,0.5554054260253907,0.0027026891708374027
2026-04-17T21:09:11.203573,yeast,8,8,10,1187,ffnn_0layer,adam,0.01,0.5973154306411743,0.004244676855293505,2.2724633693695067,4.483116353935484e-05,0.5554054260253907,0.0027026891708374027
2026-04-17T21:09:40.486030,yeast,8,8,10,1187,ffnn_0layer,adam,0.05,0.5852349162101745,0.016107372442883718,2.2724709510803223,3.0203032726503594e-05,0.554054069519043,0.011306202711644092
2026-04-17T21:10:09.305758,yeast,8,8,10,1187,ffnn_0layer,adam,0.1,0.5812080502510071,0.021476510912187895,2.2727145195007323,0.00035598682273908425,0.5432432413101196,0.017927700768059173
2026-04-17T21:10:39.097681,yeast,8,8,10,1187,ffnn_0layer,sgd,0.001,0.4711409449577332,0.05841626690512676,2.2780809879302977,0.002858538651324029,0.47567569017410277,0.05806095165749732
2026-04-17T21:11:07.848162,yeast,8,8,10,1187,ffnn_0layer,sgd,0.005,0.472483229637146,0.057514869641119064,2.2779640197753905,0.0028510233876671144,0.47702703475952146,0.05415530624897761
2026-04-17T21:11:36.107486,yeast,8,8,10,1187,ffnn_0layer,sgd,0.01,0.4697986662387848,0.05599102105184374,2.2778114318847655,0.0028359908989462595,0.4756756842136383,0.049578209558318896
2026-04-17T21:12:05.034852,yeast,8,8,10,1187,ffnn_0layer,sgd,0.05,0.5302013516426086,0.0439071986269984,2.276297903060913,0.002628324662479264,0.5067567646503448,0.024548511595903755
2026-04-17T21:12:34.352356,yeast,8,8,10,1187,ffnn_0layer,sgd,0.1,0.5476510107517243,0.04017887603435048,2.2747539043426515,0.0027081251621930607,0.5121621668338776,0.026823549052322503
2026-04-17T21:13:03.987265,yeast,8,8,10,1187,sampler,adam,0.001,0.6040268540382385,0.0,2.272206449508667,4.443129645555371e-05,0.5540540814399719,0.0
2026-04-17T21:13:32.521432,yeast,8,8,10,1187,sampler,adam,0.005,0.5986577153205872,0.0026845693588256835,2.2724255561828612,1.5506081608007878e-05,0.5554054260253907,0.0027026891708374027
2026-04-17T21:14:00.539928,yeast,8,8,10,1187,sampler,adam,0.01,0.6013422846794129,0.0032879125541167625,2.2724465847015383,2.9932842548462945e-05,0.5554054260253907,0.0027026891708374027
2026-04-17T21:14:28.901657,yeast,8,8,10,1187,sampler,adam,0.05,0.5973154425621032,0.007351974210547496,2.2724477767944338,1.930301367392776e-05,0.5540540814399719,0.0
2026-04-17T21:14:56.400818,yeast,8,8,10,1187,sampler,adam,0.1,0.5852349162101745,0.016107372442883718,2.2724709510803223,3.0203032726503594e-05,0.554054069519043,0.011306202711644092
2026-04-17T21:15:22.771280,yeast,8,8,10,1187,sampler,sgd,0.001,0.4335570514202118,0.006844327590525407,2.281667375564575,0.0006251833711786701,0.43243244886398313,0.017619464600923864
2026-04-17T21:15:47.994071,yeast,8,8,10,1187,sampler,sgd,0.005,0.4335570514202118,0.006844327590525407,2.28161940574646,0.0006284190866718634,0.4310810983181,0.016769829342209264
2026-04-17T21:16:15.241234,yeast,8,8,10,1187,sampler,sgd,0.01,0.4335570514202118,0.006844327590525407,2.28155722618103,0.0006329965878612714,0.42972974181175233,0.018429981762775556
2026-04-17T21:16:45.396068,yeast,8,8,10,1187,sampler,sgd,0.05,0.43489933013916016,0.013688641153720751,2.2809722423553467,0.0007166043283593404,0.4297297358512878,0.017927698970912415
2026-04-17T21:17:11.620854,yeast,8,8,10,1187,sampler,sgd,0.1,0.4644295275211334,0.06344322593741711,2.2799424648284914,0.0010055820113201214,0.4472973048686981,0.026480966270940872
2026-04-17T21:17:26.227232,glass,4,9,6,171,ffnn_0layer,adam,0.001,0.618181836605072,0.05454544623692902,1.7464667558670044,0.0013730791068328953,0.4666666746139526,0.04665695200066282
2026-04-17T21:17:41.266346,glass,4,9,6,171,ffnn_0layer,adam,0.005,0.7272727489471436,0.0,1.7406999588012695,0.00028423844235027536,0.523809552192688,0.0
2026-04-17T21:17:55.762616,glass,4,9,6,171,ffnn_0layer,adam,0.01,0.7272727489471436,0.0,1.7404879331588745,0.00016644940003487972,0.523809552192688,0.0
2026-04-17T21:18:10.187598,glass,4,9,6,171,ffnn_0layer,adam,0.05,0.7272727489471436,0.0,1.7406105279922486,0.0002816026382233034,0.523809552192688,0.0
2026-04-17T21:18:24.367268,glass,4,9,6,171,ffnn_0layer,adam,0.1,0.736363661289215,0.018181824684143068,1.7403843879699707,0.00038624559353984836,0.523809552192688,0.0
2026-04-17T21:18:37.926668,glass,4,9,6,171,ffnn_0layer,sgd,0.001,0.5909090995788574,0.07606000111689483,1.7525212049484253,0.002946514361257594,0.3904762029647827,0.06998542840655113
2026-04-17T21:18:52.988591,glass,4,9,6,171,ffnn_0layer,sgd,0.005,0.5909090995788574,0.07606000111689483,1.7523701429367065,0.002957730613797782,0.3904762029647827,0.06998542840655113
2026-04-17T21:19:08.104668,glass,4,9,6,171,ffnn_0layer,sgd,0.01,0.5909090995788574,0.07606000111689483,1.7521857023239136,0.0029727853078270025,0.3904762029647827,0.06998542840655113
2026-04-17T21:19:22.815126,glass,4,9,6,171,ffnn_0layer,sgd,0.05,0.600000011920929,0.08813963701274703,1.750881600379944,0.003108460579046425,0.39047619700431824,0.046656944700613566
2026-04-17T21:19:36.958540,glass,4,9,6,171,ffnn_0layer,sgd,0.1,0.600000011920929,0.08813963701274703,1.7496431589126586,0.0032317060898461865,0.4095238149166107,0.03809523582458496
2026-04-17T21:19:51.091766,glass,4,9,6,171,sampler,adam,0.001,0.5636363863945008,0.03636364936828613,1.7488792896270753,0.0005604106647531206,0.4666666746139526,0.035634839688995945
2026-04-17T21:20:05.891594,glass,4,9,6,171,sampler,adam,0.005,0.6818181872367859,0.0,1.743038296699524,0.00027109389752574993,0.5523809790611267,0.023328472350306783
2026-04-17T21:20:20.010839,glass,4,9,6,171,sampler,adam,0.01,0.7272727489471436,0.0,1.7409554719924927,0.0004117016207432427,0.523809552192688,0.0
2026-04-17T21:20:35.305773,glass,4,9,6,171,sampler,adam,0.05,0.7272727489471436,0.0,1.7405339241027833,0.00026990105088372195,0.523809552192688,0.0
2026-04-17T21:20:49.309679,glass,4,9,6,171,sampler,adam,0.1,0.7272727489471436,0.0,1.7406105041503905,0.00028165193542308535,0.523809552192688,0.0
2026-04-17T21:21:06.805170,glass,4,9,6,171,sampler,sgd,0.001,0.5636363863945008,0.03636364936828613,1.752122688293457,0.0006435387052931618,0.380952388048172,0.03011692830173279
2026-04-17T21:21:26.659907,glass,4,9,6,171,sampler,sgd,0.005,0.5636363863945008,0.03636364936828613,1.7520759105682373,0.0006466288251457379,0.380952388048172,0.03011692830173279
2026-04-17T21:22:21.439038,glass,4,9,6,171,sampler,sgd,0.01,0.5636363863945008,0.03636364936828613,1.7520181655883789,0.0006503278057576487,0.380952388048172,0.03011692830173279
2026-04-17T21:25:07.295276,glass,4,9,6,171,sampler,sgd,0.05,0.5636363863945008,0.03636364936828613,1.7515846967697144,0.000672637748570041,0.380952388048172,0.03011692830173279
2026-04-17T21:27:11.785643,glass,4,9,6,171,sampler,sgd,0.1,0.5454545676708221,0.04979296669827774,1.7511066675186158,0.0006803686522336688,0.380952388048172,0.03011692830173279
2026-04-17T21:28:19.237915,glass,8,9,6,171,ffnn_0layer,adam,0.001,0.7636363983154297,0.018181824684143068,1.7291630506515503,0.0007888761289508678,0.4857142984867096,0.03563484287499822
2026-04-17T21:28:45.879955,glass,8,9,6,171,ffnn_0layer,adam,0.005,0.7727273106575012,0.0,1.7266595125198365,0.00012772938881436786,0.4761904776096344,0.0
2026-04-17T21:29:16.435935,glass,8,9,6,171,ffnn_0layer,adam,0.01,0.7727273106575012,0.0,1.7270926475524901,9.129698989878732e-05,0.4761904776096344,0.0
2026-04-17T21:29:34.989461,glass,8,9,6,171,ffnn_0layer,adam,0.05,0.7727273106575012,0.0,1.7276551008224488,0.0003804366652177361,0.46666666865348816,0.01904761791229248
2026-04-17T21:29:53.758647,glass,8,9,6,171,ffnn_0layer,adam,0.1,0.7727273106575012,0.0,1.7275295495986938,0.0005981788133919407,0.4571428596973419,0.023328472350306783
2026-04-17T21:30:08.356033,glass,8,9,6,171,ffnn_0layer,sgd,0.001,0.7000000238418579,0.0738549033917909,1.7339066505432128,0.0014880047285946575,0.47619048953056337,0.06023387073994843
2026-04-17T21:30:22.752882,glass,8,9,6,171,ffnn_0layer,sgd,0.005,0.7000000238418579,0.0738549033917909,1.7338572978973388,0.0015058002623931062,0.47619048953056337,0.06023387073994843
2026-04-17T21:30:36.696068,glass,8,9,6,171,ffnn_0layer,sgd,0.01,0.7000000238418579,0.0738549033917909,1.733796977996826,0.0015270613030536036,0.47619048953056337,0.06023387073994843
2026-04-17T21:30:52.057994,glass,8,9,6,171,ffnn_0layer,sgd,0.05,0.7090909361839295,0.07385490192442562,1.733355712890625,0.0016531527975830297,0.4666666805744171,0.06998543083990064
2026-04-17T21:31:06.304150,glass,8,9,6,171,ffnn_0layer,sgd,0.1,0.7272727608680725,0.08131157190545049,1.732885980606079,0.0017291829528014633,0.47619048953056337,0.07968191678778319
2026-04-17T21:31:20.548229,glass,8,9,6,171,sampler,adam,0.001,0.600000011920929,0.034015053829211106,1.7358449935913085,0.0023435812727156478,0.4380952477455139,0.055532881078887104
2026-04-17T21:31:34.148924,glass,8,9,6,171,sampler,adam,0.005,0.7727273106575012,0.0,1.7260761260986328,0.0003832907202833968,0.4761904776096344,0.0
2026-04-17T21:31:50.522239,glass,8,9,6,171,sampler,adam,0.01,0.7727273106575012,0.0,1.7265438556671142,7.751327182784539e-05,0.4761904776096344,0.0
2026-04-17T21:32:04.237608,glass,8,9,6,171,sampler,adam,0.05,0.7727273106575012,0.0,1.72737398147583,0.0002926370987543117,0.4761904776096344,0.0
2026-04-17T21:32:18.274638,glass,8,9,6,171,sampler,adam,0.1,0.7727273106575012,0.0,1.727655029296875,0.0003803676645139614,0.46666666865348816,0.01904761791229248
2026-04-17T21:32:31.714175,glass,8,9,6,171,sampler,sgd,0.001,0.6181818127632142,0.036363625526428224,1.740578579902649,0.0026502565344066835,0.380952388048172,0.042591768461328616
2026-04-17T21:32:44.707199,glass,8,9,6,171,sampler,sgd,0.005,0.6181818127632142,0.036363625526428224,1.7405236482620239,0.00265035975005341,0.380952388048172,0.042591768461328616
2026-04-17T21:32:57.725344,glass,8,9,6,171,sampler,sgd,0.01,0.6181818127632142,0.036363625526428224,1.740455722808838,0.0026504729148145514,0.380952388048172,0.042591768461328616
2026-04-17T21:33:23.196834,glass,8,9,6,171,sampler,sgd,0.05,0.6181818127632142,0.036363625526428224,1.7399307489395142,0.002643455317732652,0.380952388048172,0.042591768461328616
2026-04-17T21:34:04.167691,glass,8,9,6,171,sampler,sgd,0.1,0.6181818127632142,0.036363625526428224,1.739322304725647,0.0026204069023751967,0.380952388048172,0.042591768461328616
2026-04-17T21:34:18.911120,glass,9,9,6,171,ffnn_0layer,adam,0.001,0.7545454859733581,0.022268096534445222,1.7270915746688842,0.0018926808174328652,0.5047619223594666,0.023328486950403383
2026-04-17T21:34:54.063665,glass,9,9,6,171,ffnn_0layer,adam,0.005,0.7727273106575012,0.0,1.724912166595459,9.438208328073878e-05,0.4761904776096344,0.0
2026-04-17T21:35:09.271512,glass,9,9,6,171,ffnn_0layer,adam,0.01,0.7727273106575012,0.0,1.7255465030670165,0.0001086268223531312,0.4761904776096344,0.0
2026-04-17T21:35:28.174969,glass,9,9,6,171,ffnn_0layer,adam,0.05,0.7727273106575012,0.0,1.7258386135101318,0.0004959750683826218,0.4761904776096344,0.0
2026-04-17T21:35:44.185134,glass,9,9,6,171,ffnn_0layer,adam,0.1,0.7727273106575012,0.0,1.7254740953445435,0.0005040993088499973,0.4761904776096344,0.0
2026-04-17T21:36:05.958809,glass,9,9,6,171,ffnn_0layer,sgd,0.001,0.6636363744735718,0.06165755329043765,1.7326465845108032,0.002346776312343185,0.4571428656578064,0.0645936211885862
2026-04-17T21:36:22.331225,glass,9,9,6,171,ffnn_0layer,sgd,0.005,0.6636363744735718,0.06165755329043765,1.732598066329956,0.002332584045896342,0.4571428656578064,0.0645936211885862
2026-04-17T21:36:38.898865,glass,9,9,6,171,ffnn_0layer,sgd,0.01,0.6636363744735718,0.06165755329043765,1.7325381994247437,0.0023151315401121583,0.4571428656578064,0.0645936211885862
2026-04-17T21:36:54.795653,glass,9,9,6,171,ffnn_0layer,sgd,0.05,0.6727272868156433,0.06030227430699824,1.7320906162261962,0.0021855335439601538,0.4666666746139526,0.04665695200066282
2026-04-17T21:37:14.397627,glass,9,9,6,171,ffnn_0layer,sgd,0.1,0.6909090995788574,0.05300867254687453,1.7315886735916137,0.0020384011708343827,0.4666666746139526,0.04665695200066282
2026-04-17T21:37:38.284889,glass,9,9,6,171,sampler,adam,0.001,0.6545454621315002,0.0616575462598553,1.73399760723114,0.003027605664506911,0.4571428656578064,0.048562095893722984
2026-04-17T21:37:52.087717,glass,9,9,6,171,sampler,adam,0.005,0.7727273106575012,0.0,1.7238307476043702,0.0004897119042471554,0.4761904776096344,0.0
2026-04-17T21:38:06.705390,glass,9,9,6,171,sampler,adam,0.01,0.7727273106575012,0.0,1.7247018337249755,0.00012764015581759149,0.4761904776096344,0.0
2026-04-17T21:38:21.175499,glass,9,9,6,171,sampler,adam,0.05,0.7727273106575012,0.0,1.725829529762268,0.00037521908614002414,0.4761904776096344,0.0
2026-04-17T21:38:34.186201,glass,9,9,6,171,sampler,adam,0.1,0.7727273106575012,0.0,1.7258382320404053,0.0004965733355184649,0.4761904776096344,0.0
2026-04-17T21:38:47.316043,glass,9,9,6,171,sampler,sgd,0.001,0.6454545497894287,0.06030227071270186,1.739351010322571,0.0028302875531224284,0.380952388048172,0.042591768461328616
2026-04-17T21:39:01.836543,glass,9,9,6,171,sampler,sgd,0.005,0.6454545497894287,0.06030227071270186,1.7392966032028199,0.002836239403633283,0.380952388048172,0.042591768461328616
2026-04-17T21:39:14.595161,glass,9,9,6,171,sampler,sgd,0.01,0.6454545497894287,0.06030227071270186,1.7392287731170655,0.0028433962589912635,0.380952388048172,0.042591768461328616
2026-04-17T21:39:29.113916,glass,9,9,6,171,sampler,sgd,0.05,0.6454545497894287,0.06030227071270186,1.7387033224105835,0.002897665990514836,0.380952388048172,0.042591768461328616
2026-04-17T21:39:43.151315,glass,9,9,6,171,sampler,sgd,0.1,0.6454545497894287,0.06030227071270186,1.7380885124206542,0.0029559819891174775,0.39047619700431824,0.0356348301309884
2026-04-17T21:40:04.737193,vehicle,4,18,4,676,ffnn_0layer,adam,0.001,0.47058823704719543,0.0,1.371447253227234,4.8979010600667174e-05,0.4847058832645416,0.00470588207244873
2026-04-17T21:40:27.214342,vehicle,4,18,4,676,ffnn_0layer,adam,0.005,0.47058823704719543,0.0,1.3714104890823364,3.0221094942446653e-05,0.48235294222831726,0.007440652874545747
2026-04-17T21:40:49.119306,vehicle,4,18,4,676,ffnn_0layer,adam,0.01,0.47058823704719543,0.0,1.3714565753936767,5.7128822940348955e-05,0.4847058832645416,0.00470588207244873
2026-04-17T21:41:10.281951,vehicle,4,18,4,676,ffnn_0layer,adam,0.05,0.4729411840438843,0.018823538720608643,1.3713385581970214,0.0005982524228423147,0.4847058892250061,0.030132356399845774
2026-04-17T21:41:33.168505,vehicle,4,18,4,676,ffnn_0layer,adam,0.1,0.477647066116333,0.014117658138275146,1.371376633644104,0.0006730556445809235,0.5035294175148011,0.01882354021072388
2026-04-17T21:41:54.286672,vehicle,4,18,4,676,ffnn_0layer,sgd,0.001,0.36705883145332335,0.044270321413581365,1.3781719923019409,0.0027273559971561735,0.39529412388801577,0.03614656607076068
2026-04-17T21:42:15.586786,vehicle,4,18,4,676,ffnn_0layer,sgd,0.005,0.36705883145332335,0.044270321413581365,1.378159523010254,0.002727035513953754,0.3976470649242401,0.0327726763458529
2026-04-17T21:42:37.459327,vehicle,4,18,4,676,ffnn_0layer,sgd,0.01,0.3717647135257721,0.03458102960163123,1.3781452417373656,0.00272530582905093,0.39529412388801577,0.03031552460887764
2026-04-17T21:42:58.118233,vehicle,4,18,4,676,ffnn_0layer,sgd,0.05,0.3600000083446503,0.03614656607076068,1.3780635356903077,0.002690720028438932,0.40235294699668883,0.026201242498660727
2026-04-17T21:43:20.332671,vehicle,4,18,4,676,ffnn_0layer,sgd,0.1,0.34823530316352846,0.02422501065251676,1.3779795169830322,0.0026198338787015757,0.4070588290691376,0.035372459958396746
2026-04-17T21:43:40.920599,vehicle,4,18,4,676,sampler,adam,0.001,0.3976470649242401,0.00470588207244873,1.3747413873672485,0.0003349841158045662,0.4682352960109711,0.008803899208832427
2026-04-17T21:44:08.029317,vehicle,4,18,4,676,sampler,adam,0.005,0.47058823704719543,0.0,1.3713871002197267,2.6402895856705674e-05,0.48235294222831726,0.0
2026-04-17T21:44:30.012135,vehicle,4,18,4,676,sampler,adam,0.01,0.47058823704719543,0.0,1.3714105606079101,3.0001603472122655e-05,0.48235294222831726,0.007440652874545747
2026-04-17T21:44:51.442343,vehicle,4,18,4,676,sampler,adam,0.05,0.477647066116333,0.01911539214632188,1.3712345361709595,0.0005983151841221259,0.48941177129745483,0.023054030076156674
2026-04-17T21:45:12.362249,vehicle,4,18,4,676,sampler,adam,0.1,0.4729411840438843,0.018823538720608643,1.3713385581970214,0.0005982524228423147,0.4847058892250061,0.030132356399845774
2026-04-17T21:45:33.177733,vehicle,4,18,4,676,sampler,sgd,0.001,0.36235294938087464,0.04102492878804753,1.3803663969039917,3.5792545017624916e-05,0.4070588290691376,0.031215290283945013
2026-04-17T21:45:53.525466,vehicle,4,18,4,676,sampler,sgd,0.005,0.36235294938087464,0.04102492878804753,1.3803550243377685,2.870141835390192e-05,0.4070588290691376,0.031215290283945013
2026-04-17T21:46:16.331891,vehicle,4,18,4,676,sampler,sgd,0.01,0.3600000083446503,0.03837530696041824,1.3803402185440063,2.8951222152584032e-05,0.4070588290691376,0.031215290283945013
2026-04-17T21:46:37.110965,vehicle,4,18,4,676,sampler,sgd,0.05,0.3576470673084259,0.035372459958396746,1.380195927619934,0.00019067223235850328,0.416470593214035,0.025341950523076088
2026-04-17T21:46:57.819924,vehicle,4,18,4,676,sampler,sgd,0.1,0.3576470673084259,0.025341950523076088,1.3799358129501342,0.00048750078679284,0.40941177010536195,0.029199230367803922
2026-04-17T21:47:20.535130,vehicle,8,18,4,676,ffnn_0layer,adam,0.001,0.5247059106826782,0.00941176414489746,1.356461238861084,0.00025866972755578016,0.6494117856025696,0.008803899208832427
2026-04-17T21:47:43.000942,vehicle,8,18,4,676,ffnn_0layer,adam,0.005,0.5223529696464538,0.005763504933605205,1.356162667274475,0.00025446946709429955,0.6494117856025696,0.004705882072448731
2026-04-17T21:48:04.897349,vehicle,8,18,4,676,ffnn_0layer,adam,0.01,0.5247059106826782,0.00941176414489746,1.3561999082565308,0.0003815847804490665,0.6470588445663452,0.010522672208092951
2026-04-17T21:48:28.008465,vehicle,8,18,4,676,ffnn_0layer,adam,0.05,0.5270588517189025,0.015607645141972507,1.3566662788391113,0.0008502858590451147,0.6305882573127747,0.029388224123141227
2026-04-17T21:48:49.386696,vehicle,8,18,4,676,ffnn_0layer,adam,0.1,0.5341176748275757,0.00941176414489746,1.35599205493927,0.00037692216998549304,0.6141176700592041,0.029199230367803922
2026-04-17T21:49:12.408742,vehicle,8,18,4,676,ffnn_0layer,sgd,0.001,0.42823529839515684,0.045014412539776456,1.3673633813858033,0.0018454914723718488,0.5529412031173706,0.019686117098005926
2026-04-17T21:49:34.997471,vehicle,8,18,4,676,ffnn_0layer,sgd,0.005,0.4329411804676056,0.04550371400732881,1.3672521829605102,0.0018289886844976013,0.5529412031173706,0.022321958623637242
2026-04-17T21:49:56.991661,vehicle,8,18,4,676,ffnn_0layer,sgd,0.01,0.43058823943138125,0.04439520268116475,1.3671112775802612,0.0018079820039710857,0.555294144153595,0.02281260973398632
2026-04-17T21:50:17.900194,vehicle,8,18,4,676,ffnn_0layer,sgd,0.05,0.4470588266849518,0.04764342476332827,1.3658485889434815,0.001616585403363232,0.5576470851898193,0.03031552460887764
2026-04-17T21:50:38.786107,vehicle,8,18,4,676,ffnn_0layer,sgd,0.1,0.4682352960109711,0.04034453453523643,1.3638757467269897,0.0016367986031487155,0.5741176724433898,0.031037423934196832
2026-04-17T21:50:58.954299,vehicle,8,18,4,676,sampler,adam,0.001,0.5058823704719544,0.01488131988557469,1.3598550081253051,0.0003295787021842167,0.6305882573127747,0.00941176414489746
2026-04-17T21:51:19.799058,vehicle,8,18,4,676,sampler,adam,0.005,0.5200000286102295,0.00470588207244873,1.3561415672302246,0.00014940140287332646,0.6470588445663452,0.007440652874545747
2026-04-17T21:51:40.520566,vehicle,8,18,4,676,sampler,adam,0.01,0.5223529696464538,0.005763504933605205,1.3561651945114135,0.00025624773025362133,0.6494117856025696,0.004705882072448731
2026-04-17T21:52:02.197452,vehicle,8,18,4,676,sampler,adam,0.05,0.529411792755127,0.007440652874545747,1.3561524629592896,0.0003858208507138277,0.6282353162765503,0.015958422538510347
2026-04-17T21:52:22.212717,vehicle,8,18,4,676,sampler,adam,0.1,0.5270588517189025,0.015607645141972507,1.3566662788391113,0.0008502858590451147,0.6305882573127747,0.029388224123141227
2026-04-17T21:52:41.648073,vehicle,8,18,4,676,sampler,sgd,0.001,0.38823530077934265,0.024677853780147592,1.3700044631958008,0.0011909051380517685,0.5200000166893005,0.06108591526082268
2026-04-17T21:53:01.687662,vehicle,8,18,4,676,sampler,sgd,0.005,0.38823530077934265,0.024677853780147592,1.3699704170227052,0.0012033637917054105,0.5223529577255249,0.05980360922675253
2026-04-17T21:53:21.607664,vehicle,8,18,4,676,sampler,sgd,0.01,0.390588241815567,0.02281260973398632,1.3699266910552979,0.0012203713404814515,0.5223529577255249,0.05980360922675253
2026-04-17T21:53:40.842394,vehicle,8,18,4,676,sampler,sgd,0.05,0.3976470649242401,0.02024076412777432,1.3695230722427367,0.001410918799564332,0.520000022649765,0.05830359202925452
2026-04-17T21:54:00.414338,vehicle,8,18,4,676,sampler,sgd,0.1,0.416470593214035,0.03764705657958984,1.3688683986663819,0.001743226242668801,0.5176470816135407,0.061806716068942016
2026-04-17T21:54:22.604573,vehicle,12,18,4,676,ffnn_0layer,adam,0.001,0.5152941465377807,0.004705882072448731,1.3483459949493408,0.00022917699905069248,0.6235294342041016,0.0
2026-04-17T21:54:44.579752,vehicle,12,18,4,676,ffnn_0layer,adam,0.005,0.5200000286102295,0.008803899208832427,1.3479010820388795,0.0008368252189706954,0.6541176676750183,0.017607798417664855
2026-04-17T21:55:07.893781,vehicle,12,18,4,676,ffnn_0layer,adam,0.01,0.5247059106826782,0.005763504933605205,1.3468714952468872,0.00011021580592493512,0.6705882549285889,0.0
2026-04-17T21:55:30.946367,vehicle,12,18,4,676,ffnn_0layer,adam,0.05,0.5341176748275757,0.005763504933605205,1.3468309879302978,0.0001752727726373955,0.6658823728561402,0.005763504933605205
2026-04-17T21:55:53.372909,vehicle,12,18,4,676,ffnn_0layer,adam,0.1,0.5341176748275757,0.019115383342130674,1.3471010684967042,0.0010647329098223445,0.6682353138923645,0.026201242498660727
2026-04-17T21:56:15.176644,vehicle,12,18,4,676,ffnn_0layer,sgd,0.001,0.4894117772579193,0.027439784253799292,1.3575936317443849,0.00044314703202474854,0.625882375240326,0.044270321413581365
2026-04-17T21:56:37.291311,vehicle,12,18,4,676,ffnn_0layer,sgd,0.005,0.4894117772579193,0.027439784253799292,1.3574301719665527,0.00047014115988156766,0.6305882573127747,0.04115965798089518
2026-04-17T21:57:00.261535,vehicle,12,18,4,676,ffnn_0layer,sgd,0.01,0.4894117772579193,0.027439784253799292,1.3572250127792358,0.0005181565553701447,0.6305882573127747,0.04115965798089518
2026-04-17T21:57:22.792361,vehicle,12,18,4,676,ffnn_0layer,sgd,0.05,0.49647060632705686,0.03360673336766754,1.3556135892868042,0.001181389626015589,0.6352941393852234,0.032433053954110336
2026-04-17T21:57:44.575688,vehicle,12,18,4,676,ffnn_0layer,sgd,0.1,0.5105882525444031,0.0474104626797951,1.353898811340332,0.0020079648961786626,0.6352941393852234,0.022321958623637242
2026-04-17T21:58:10.866959,vehicle,12,18,4,676,sampler,adam,0.001,0.5317647278308868,0.029199238052731988,1.3488900423049928,0.002055382954386911,0.6376470804214478,0.017290514800815615
2026-04-17T21:58:32.786950,vehicle,12,18,4,676,sampler,adam,0.005,0.5129412055015564,0.00941176414489746,1.3485241174697875,0.00010369375768555869,0.6305882573127747,0.005763504933605205
2026-04-17T21:58:53.628168,vehicle,12,18,4,676,sampler,adam,0.01,0.5200000286102295,0.008803899208832427,1.3476474285125732,0.0006904065052971492,0.6564706087112426,0.017290514800815615
2026-04-17T21:59:14.983610,vehicle,12,18,4,676,sampler,adam,0.05,0.5247059106826782,0.00941176414489746,1.3469142198562623,0.0002378497681761839,0.6705882549285889,0.0
2026-04-17T21:59:35.472466,vehicle,12,18,4,676,sampler,adam,0.1,0.5341176748275757,0.005763504933605205,1.3468309879302978,0.0001752727726373955,0.6658823728561402,0.005763504933605205
2026-04-17T21:59:56.152048,vehicle,12,18,4,676,sampler,sgd,0.001,0.477647066116333,0.030315534786557078,1.3605114936828613,0.0020654086819739516,0.5764706134796143,0.042090688832371805
2026-04-17T22:00:18.190015,vehicle,12,18,4,676,sampler,sgd,0.005,0.477647066116333,0.030315534786557078,1.3604876279830933,0.002081279992655208,0.5764706134796143,0.042090688832371805
2026-04-17T22:00:38.991623,vehicle,12,18,4,676,sampler,sgd,0.01,0.477647066116333,0.030315534786557078,1.3604573249816894,0.002101290840562802,0.5764706134796143,0.042090688832371805
2026-04-17T22:01:00.324389,vehicle,12,18,4,676,sampler,sgd,0.05,0.4847058951854706,0.02823530634244318,1.3601929903030396,0.002260822765611839,0.5788235545158387,0.04300156657219396
2026-04-17T22:01:21.466226,vehicle,12,18,4,676,sampler,sgd,0.1,0.4917647182941437,0.020240775906904818,1.3597972869873047,0.002442631163453403,0.5976470828056335,0.02512253556618319
2026-04-17T22:04:29.663590,egg,4,14,2,11984,ffnn_0layer,adam,0.001,0.5667557120323181,0.0,0.6899983644485473,6.994507923638183e-06,0.5273698568344116,0.0
2026-04-17T22:07:38.535434,egg,4,14,2,11984,ffnn_0layer,adam,0.005,0.5667557120323181,0.0,0.6899815201759338,1.9588085085338336e-07,0.5273698568344116,0.0
2026-04-17T22:10:45.286450,egg,4,14,2,11984,ffnn_0layer,adam,0.01,0.5667557120323181,0.0,0.6899814605712891,3.635394735807635e-07,0.5273698568344116,0.0
2026-04-17T22:13:54.388784,egg,4,14,2,11984,ffnn_0layer,adam,0.05,0.5667557120323181,0.0,0.6900008678436279,5.638939623417456e-06,0.5273698568344116,0.0
2026-04-17T22:17:04.438815,egg,4,14,2,11984,ffnn_0layer,adam,0.1,0.5667557120323181,0.0,0.6900019526481629,5.299707698856028e-06,0.5273698568344116,0.0
2026-04-17T22:20:04.685345,egg,4,14,2,11984,ffnn_0layer,sgd,0.001,0.5667557120323181,0.0,0.6900018334388733,4.384471645186266e-06,0.5273698568344116,0.0
2026-04-17T22:23:06.496093,egg,4,14,2,11984,ffnn_0layer,sgd,0.005,0.5667557120323181,0.0,0.6900018334388733,4.384471645186266e-06,0.5273698568344116,0.0
2026-04-17T22:26:06.430309,egg,4,14,2,11984,ffnn_0layer,sgd,0.01,0.5667557120323181,0.0,0.6900018453598022,4.368821233237612e-06,0.5273698568344116,0.0
2026-04-17T22:29:05.477337,egg,4,14,2,11984,ffnn_0layer,sgd,0.05,0.5667557120323181,0.0,0.6900017857551575,4.4490785037808525e-06,0.5273698568344116,0.0
2026-04-17T22:32:02.177703,egg,4,14,2,11984,ffnn_0layer,sgd,0.1,0.5667557120323181,0.0,0.6900016784667968,4.502325132634553e-06,0.5273698568344116,0.0
2026-04-17T22:34:55.107306,egg,4,14,2,11984,sampler,adam,0.001,0.5667557120323181,0.0,0.6900038599967957,1.784161275279017e-07,0.5273698568344116,0.0
2026-04-17T22:37:48.363241,egg,4,14,2,11984,sampler,adam,0.005,0.5667557120323181,0.0,0.6899816036224365,8.920806376395085e-08,0.5273698568344116,0.0
2026-04-17T22:40:43.337512,egg,4,14,2,11984,sampler,adam,0.01,0.5667557120323181,0.0,0.6899815201759338,1.9588085085338336e-07,0.5273698568344116,0.0
2026-04-17T22:43:33.087482,egg,4,14,2,11984,sampler,adam,0.05,0.5667557120323181,0.0,0.689990782737732,1.1324041736914418e-05,0.5273698568344116,0.0
2026-04-17T22:46:20.476237,egg,4,14,2,11984,sampler,adam,0.1,0.5667557120323181,0.0,0.6900017619132995,6.546815292364078e-06,0.5273698568344116,0.0
2026-04-17T22:49:01.310660,egg,4,14,2,11984,sampler,sgd,0.001,0.5667557120323181,0.0,0.6900045990943908,5.160536962011663e-07,0.5273698568344116,0.0
2026-04-17T22:51:42.439932,egg,4,14,2,11984,sampler,sgd,0.005,0.5667557120323181,0.0,0.6900045990943908,4.906443507017297e-07,0.5273698568344116,0.0
2026-04-17T22:54:22.604964,egg,4,14,2,11984,sampler,sgd,0.01,0.5667557120323181,0.0,0.690004575252533,4.789187771463553e-07,0.5273698568344116,0.0
2026-04-17T22:57:03.467406,egg,4,14,2,11984,sampler,sgd,0.05,0.5667557120323181,0.0,0.690004563331604,4.656797643810418e-07,0.5273698568344116,0.0
2026-04-17T22:59:42.916057,egg,4,14,2,11984,sampler,sgd,0.1,0.5667557120323181,0.0,0.690004563331604,4.7174355834506466e-07,0.5273698568344116,0.0
2026-04-17T23:02:48.824695,egg,8,14,2,11984,ffnn_0layer,adam,0.001,0.5667557120323181,0.0,0.6899858355522156,2.9200193199910855e-08,0.5273698568344116,0.0
2026-04-17T23:05:54.478212,egg,8,14,2,11984,ffnn_0layer,adam,0.005,0.5667557120323181,0.0,0.6899858713150024,0.0,0.5273698568344116,0.0
2026-04-17T23:09:00.188784,egg,8,14,2,11984,ffnn_0layer,adam,0.01,0.5667557120323181,0.0,0.6899859070777893,7.152557373046875e-08,0.5273698568344116,0.0
2026-04-17T23:12:08.054794,egg,8,14,2,11984,ffnn_0layer,adam,0.05,0.5667557120323181,0.0,0.6899896025657654,7.106173639609554e-06,0.5273698568344116,0.0
2026-04-17T23:15:18.850667,egg,8,14,2,11984,ffnn_0layer,adam,0.1,0.5667557120323181,0.0,0.6900004148483276,6.245702217783802e-06,0.5273698568344116,0.0
2026-04-17T23:18:18.192962,egg,8,14,2,11984,ffnn_0layer,sgd,0.001,0.5667557120323181,0.0,0.6900015354156495,1.0188036260233638e-06,0.5273698568344116,0.0
2026-04-17T23:21:19.009027,egg,8,14,2,11984,ffnn_0layer,sgd,0.005,0.5667557120323181,0.0,0.6900015354156495,1.0188036260233638e-06,0.5273698568344116,0.0
2026-04-17T23:24:14.388288,egg,8,14,2,11984,ffnn_0layer,sgd,0.01,0.5667557120323181,0.0,0.6900015473365784,1.0143302624789546e-06,0.5273698568344116,0.0
2026-04-17T23:27:15.967489,egg,8,14,2,11984,ffnn_0layer,sgd,0.05,0.5667557120323181,0.0,0.6900014758110047,1.0718234440321457e-06,0.5273698568344116,0.0
2026-04-17T23:30:14.780957,egg,8,14,2,11984,ffnn_0layer,sgd,0.1,0.5667557120323181,0.0,0.6900014400482177,1.0757936642340162e-06,0.5273698568344116,0.0
2026-04-17T23:33:00.972154,egg,8,14,2,11984,sampler,adam,0.001,0.5667557120323181,0.0,0.6899858713150024,0.0,0.5273698568344116,0.0
2026-04-17T23:35:59.069077,egg,8,14,2,11984,sampler,adam,0.005,0.5667557120323181,0.0,0.6899858713150024,0.0,0.5273698568344116,0.0
2026-04-17T23:38:56.793020,egg,8,14,2,11984,sampler,adam,0.01,0.5667557120323181,0.0,0.6899858713150024,0.0,0.5273698568344116,0.0
2026-04-17T23:41:52.624986,egg,8,14,2,11984,sampler,adam,0.05,0.5667557120323181,0.0,0.6899860024452209,2.3841857910156248e-08,0.5273698568344116,0.0
2026-04-17T23:44:47.193486,egg,8,14,2,11984,sampler,adam,0.1,0.5667557120323181,0.0,0.6899932265281677,8.668294288523088e-06,0.5273698568344116,0.0
2026-04-17T23:47:32.146431,egg,8,14,2,11984,sampler,sgd,0.001,0.5667557120323181,0.0,0.6900057554244995,8.195150967739684e-07,0.5273698568344116,0.0
2026-04-17T23:50:16.665752,egg,8,14,2,11984,sampler,sgd,0.005,0.5667557120323181,0.0,0.6900057196617126,8.215933294350041e-07,0.5273698568344116,0.0
2026-04-17T23:53:01.555907,egg,8,14,2,11984,sampler,sgd,0.01,0.5667557120323181,0.0,0.6900057554244995,8.518252413248942e-07,0.5273698568344116,0.0
2026-04-17T23:55:46.592663,egg,8,14,2,11984,sampler,sgd,0.05,0.5667557120323181,0.0,0.6900057673454285,8.87609027337374e-07,0.5273698568344116,0.0
2026-04-17T23:58:30.573139,egg,8,14,2,11984,sampler,sgd,0.1,0.5667557120323181,0.0,0.6900057435035706,8.518252413248942e-07,0.5273698568344116,0.0
2026-04-18T00:01:58.286144,egg,12,14,2,11984,ffnn_0layer,adam,0.001,0.5667557120323181,0.0,0.6899815440177918,2.9200193199910855e-08,0.5273698568344116,0.0
2026-04-18T00:05:27.963201,egg,12,14,2,11984,ffnn_0layer,adam,0.005,0.5667557120323181,0.0,0.6899815797805786,3.769728732309794e-08,0.5273698568344116,0.0
2026-04-18T00:08:51.440225,egg,12,14,2,11984,ffnn_0layer,adam,0.01,0.5667557120323181,0.0,0.6899815559387207,2.9200193199910855e-08,0.5273698568344116,0.0
2026-04-18T00:12:19.636529,egg,12,14,2,11984,ffnn_0layer,adam,0.05,0.5667557120323181,0.0,0.6899874091148377,8.411345297828006e-06,0.5273698568344116,0.0
2026-04-18T00:15:46.636227,egg,12,14,2,11984,ffnn_0layer,adam,0.1,0.5667557120323181,0.0,0.6899966359138489,9.173741563544788e-06,0.5273698568344116,0.0
2026-04-18T00:19:06.383624,egg,12,14,2,11984,ffnn_0layer,sgd,0.001,0.5667557120323181,0.0,0.6900014758110047,3.0558993876677036e-06,0.5273698568344116,0.0
2026-04-18T00:22:30.820485,egg,12,14,2,11984,ffnn_0layer,sgd,0.005,0.5667557120323181,0.0,0.6900014758110047,3.0558993876677036e-06,0.5273698568344116,0.0
2026-04-18T00:25:48.835848,egg,12,14,2,11984,ffnn_0layer,sgd,0.01,0.5667557120323181,0.0,0.6900014519691468,3.0491955998210517e-06,0.5273698568344116,0.0
2026-04-18T00:29:10.199141,egg,12,14,2,11984,ffnn_0layer,sgd,0.05,0.5667557120323181,0.0,0.690001392364502,3.087405530339171e-06,0.5273698568344116,0.0
2026-04-18T00:32:28.757845,egg,12,14,2,11984,ffnn_0layer,sgd,0.1,0.5667557120323181,0.0,0.6900012373924256,3.1680078967806034e-06,0.5273698568344116,0.0
2026-04-18T00:35:44.004439,egg,12,14,2,11984,sampler,adam,0.001,0.5667557120323181,0.0,0.6899815559387207,2.9200193199910855e-08,0.5273698568344116,0.0
2026-04-18T00:39:00.855120,egg,12,14,2,11984,sampler,adam,0.005,0.5667557120323181,0.0,0.6899815320968627,2.384185791015625e-08,0.5273698568344116,0.0
2026-04-18T00:42:10.583396,egg,12,14,2,11984,sampler,adam,0.01,0.5667557120323181,0.0,0.6899815678596497,4.460403188197543e-08,0.5273698568344116,0.0
2026-04-18T00:45:23.696261,egg,12,14,2,11984,sampler,adam,0.05,0.5667557120323181,0.0,0.6899816632270813,8.920806376395085e-08,0.5273698568344116,0.0
2026-04-18T00:48:36.411010,egg,12,14,2,11984,sampler,adam,0.1,0.5667557120323181,0.0,0.6899817109107971,1.6170334775746508e-07,0.5273698568344116,0.0
2026-04-18T00:51:42.712867,egg,12,14,2,11984,sampler,sgd,0.001,0.5667557120323181,0.0,0.6900048971176147,7.245336246024487e-07,0.5273698568344116,0.0
2026-04-18T00:54:47.698164,egg,12,14,2,11984,sampler,sgd,0.005,0.5667557120323181,0.0,0.6900048971176147,7.245336246024487e-07,0.5273698568344116,0.0
2026-04-18T00:57:51.405753,egg,12,14,2,11984,sampler,sgd,0.01,0.5667557120323181,0.0,0.6900048971176147,7.245336246024487e-07,0.5273698568344116,0.0
2026-04-18T01:00:55.292436,egg,12,14,2,11984,sampler,sgd,0.05,0.5667557120323181,0.0,0.6900048851966858,7.319489208702445e-07,0.5273698568344116,0.0
2026-04-18T01:03:59.685647,egg,12,14,2,11984,sampler,sgd,0.1,0.5667557120323181,0.0,0.6900048375129699,7.514914280163997e-07,0.5273698568344116,0.0
