dataset,depth,approach,optimizer,learning_rate,run_idx,seed,test_acc,test_ce,val_acc,val_ce
iris,4,ffnn_0layer,adam,0.001,1,1276,1.0,0.9514614939689636,0.9333333969116211,0.931878924369812
iris,4,ffnn_0layer,adam,0.001,2,1318,0.6000000238418579,0.9947043657302856,0.7333333492279053,0.9552987813949585
iris,4,ffnn_0layer,adam,0.001,3,1360,0.7333333492279053,0.9698339700698853,0.8666667342185974,0.9365924000740051
iris,4,ffnn_0layer,adam,0.001,4,1402,1.0,0.9438790082931519,0.9333333969116211,0.924506425857544
iris,4,ffnn_0layer,adam,0.001,5,1444,0.9333333969116211,0.9554469585418701,0.9333333969116211,0.9344164729118347
iris,4,ffnn_0layer,adam,0.005,1,1276,1.0,0.9433087706565857,0.9333333969116211,0.9232463240623474
iris,4,ffnn_0layer,adam,0.005,2,1318,1.0,0.9424301385879517,0.9333333969116211,0.9238793849945068
iris,4,ffnn_0layer,adam,0.005,3,1360,1.0,0.9430984854698181,0.9333333969116211,0.9231179356575012
iris,4,ffnn_0layer,adam,0.005,4,1402,1.0,0.9449915289878845,0.9333333969116211,0.9236929416656494
iris,4,ffnn_0layer,adam,0.005,5,1444,1.0,0.9445900321006775,0.9333333969116211,0.9236341118812561
iris,4,ffnn_0layer,adam,0.01,1,1276,1.0,0.9427490234375,0.9333333969116211,0.9235737919807434
iris,4,ffnn_0layer,adam,0.01,2,1318,1.0,0.9439842700958252,0.9333333969116211,0.9237992763519287
iris,4,ffnn_0layer,adam,0.01,3,1360,1.0,0.9446739554405212,0.9333333969116211,0.923544704914093
iris,4,ffnn_0layer,adam,0.01,4,1402,1.0,0.94607013463974,0.9333333969116211,0.9238244295120239
iris,4,ffnn_0layer,adam,0.01,5,1444,1.0,0.9453805685043335,0.9333333969116211,0.9237943291664124
iris,4,ffnn_0layer,adam,0.05,1,1276,1.0,0.9421602487564087,0.9333333969116211,0.9231941103935242
iris,4,ffnn_0layer,adam,0.05,2,1318,1.0,0.9406935572624207,0.9333333969116211,0.9203311800956726
iris,4,ffnn_0layer,adam,0.05,3,1360,1.0,0.9446194767951965,0.9333333969116211,0.9235079288482666
iris,4,ffnn_0layer,adam,0.05,4,1402,1.0,0.9413954019546509,0.9333333969116211,0.9245172142982483
iris,4,ffnn_0layer,adam,0.05,5,1444,1.0,0.9465276598930359,0.9333333969116211,0.9209017157554626
iris,4,ffnn_0layer,adam,0.1,1,1276,1.0,0.9388023018836975,0.9333333969116211,0.9215156435966492
iris,4,ffnn_0layer,adam,0.1,2,1318,1.0,0.9415560960769653,0.9333333969116211,0.9195823073387146
iris,4,ffnn_0layer,adam,0.1,3,1360,1.0,0.9429384469985962,0.9333333969116211,0.9243401885032654
iris,4,ffnn_0layer,adam,0.1,4,1402,1.0,0.9407129883766174,0.9333333969116211,0.9238559007644653
iris,4,ffnn_0layer,adam,0.1,5,1444,0.8000000715255737,0.9704666137695312,0.8666667342185974,0.9241707921028137
iris,4,ffnn_0layer,sgd,0.001,1,1276,0.9333333969116211,0.9704611301422119,0.9333333969116211,0.9502017498016357
iris,4,ffnn_0layer,sgd,0.001,2,1318,0.7333333492279053,0.9874480366706848,0.8666667342185974,0.949846088886261
iris,4,ffnn_0layer,sgd,0.001,3,1360,0.8000000715255737,0.9728140234947205,0.9333333969116211,0.9369699954986572
iris,4,ffnn_0layer,sgd,0.001,4,1402,1.0,0.9556214809417725,0.9333333969116211,0.936230480670929
iris,4,ffnn_0layer,sgd,0.001,5,1444,0.8666667342185974,0.9725679159164429,0.9333333969116211,0.9547284245491028
iris,4,ffnn_0layer,sgd,0.005,1,1276,0.9333333969116211,0.9700420498847961,0.9333333969116211,0.9497877955436707
iris,4,ffnn_0layer,sgd,0.005,2,1318,0.7333333492279053,0.9866654872894287,0.8666667342185974,0.9493758082389832
iris,4,ffnn_0layer,sgd,0.005,3,1360,0.8000000715255737,0.9726455807685852,0.9333333969116211,0.9368568062782288
iris,4,ffnn_0layer,sgd,0.005,4,1402,1.0,0.9546787738800049,0.9333333969116211,0.9351943731307983
iris,4,ffnn_0layer,sgd,0.005,5,1444,0.8666667342185974,0.9721828103065491,0.9333333969116211,0.9542214870452881
iris,4,ffnn_0layer,sgd,0.01,1,1276,0.9333333969116211,0.969511866569519,0.9333333969116211,0.9492579102516174
iris,4,ffnn_0layer,sgd,0.01,2,1318,0.7333333492279053,0.9856707453727722,0.8666667342185974,0.9487860798835754
iris,4,ffnn_0layer,sgd,0.01,3,1360,0.8000000715255737,0.9724617004394531,0.9333333969116211,0.9367320537567139
iris,4,ffnn_0layer,sgd,0.01,4,1402,1.0,0.9535852074623108,0.9333333969116211,0.9340044856071472
iris,4,ffnn_0layer,sgd,0.01,5,1444,0.8666667342185974,0.971706748008728,0.9333333969116211,0.9535911083221436
iris,4,ffnn_0layer,sgd,0.05,1,1276,0.9333333969116211,0.9651806354522705,0.9333333969116211,0.9442601799964905
iris,4,ffnn_0layer,sgd,0.05,2,1318,0.8000000715255737,0.9775380492210388,0.9333333969116211,0.9440487623214722
iris,4,ffnn_0layer,sgd,0.05,3,1360,0.8000000715255737,0.9717008471488953,0.9333333969116211,0.9361829161643982
iris,4,ffnn_0layer,sgd,0.05,4,1402,1.0,0.9479621648788452,0.9333333969116211,0.9279887080192566
iris,4,ffnn_0layer,sgd,0.05,5,1444,0.9333333969116211,0.9680532813072205,0.9333333969116211,0.948309063911438
iris,4,ffnn_0layer,sgd,0.1,1,1276,0.9333333969116211,0.9590917229652405,0.9333333969116211,0.9359291195869446
iris,4,ffnn_0layer,sgd,0.1,2,1318,0.8000000715255737,0.9701107740402222,0.9333333969116211,0.9391624331474304
iris,4,ffnn_0layer,sgd,0.1,3,1360,0.8000000715255737,0.9715785980224609,0.9333333969116211,0.9360684156417847
iris,4,ffnn_0layer,sgd,0.1,4,1402,1.0,0.9455798864364624,0.9333333969116211,0.9254128336906433
iris,4,ffnn_0layer,sgd,0.1,5,1444,0.9333333969116211,0.9626441597938538,0.9333333969116211,0.9395883679389954
iris,4,sampler,adam,0.001,1,1276,0.8666667342185974,0.9991263151168823,0.8666667342185974,0.9803135991096497
iris,4,sampler,adam,0.001,2,1318,0.9333333969116211,0.9638141393661499,0.9333333969116211,0.9455403685569763
iris,4,sampler,adam,0.001,3,1360,0.7333333492279053,0.9994666576385498,0.9333333969116211,0.9745611548423767
iris,4,sampler,adam,0.001,4,1402,1.0,0.9824200868606567,1.0,0.9630600810050964
iris,4,sampler,adam,0.001,5,1444,0.9333333969116211,0.9925023317337036,1.0,0.975045382976532
iris,4,sampler,adam,0.005,1,1276,0.7333333492279053,0.9684535264968872,0.8666667342185974,0.9369824528694153
iris,4,sampler,adam,0.005,2,1318,1.0,0.940994381904602,0.9333333969116211,0.9240501523017883
iris,4,sampler,adam,0.005,3,1360,0.7333333492279053,0.9692201018333435,0.8666667342185974,0.9359628558158875
iris,4,sampler,adam,0.005,4,1402,1.0,0.9424458146095276,0.9333333969116211,0.9252926111221313
iris,4,sampler,adam,0.005,5,1444,1.0,0.9429331421852112,0.9333333969116211,0.9236012101173401
iris,4,sampler,adam,0.01,1,1276,1.0,0.9435803890228271,0.9333333969116211,0.9233844876289368
iris,4,sampler,adam,0.01,2,1318,1.0,0.9420749545097351,0.9333333969116211,0.9237812757492065
iris,4,sampler,adam,0.01,3,1360,1.0,0.943022608757019,0.9333333969116211,0.9232116937637329
iris,4,sampler,adam,0.01,4,1402,1.0,0.9450228810310364,0.9333333969116211,0.9237884879112244
iris,4,sampler,adam,0.01,5,1444,1.0,0.9445626735687256,0.9333333969116211,0.9236465692520142
iris,4,sampler,adam,0.05,1,1276,1.0,0.9403353929519653,0.9333333969116211,0.9242503643035889
iris,4,sampler,adam,0.05,2,1318,1.0,0.9433682560920715,0.9333333969116211,0.9210994839668274
iris,4,sampler,adam,0.05,3,1360,1.0,0.9435679912567139,0.9333333969116211,0.9238091111183167
iris,4,sampler,adam,0.05,4,1402,1.0,0.9417971968650818,0.9333333969116211,0.9244630336761475
iris,4,sampler,adam,0.05,5,1444,1.0,0.9467726349830627,0.9333333969116211,0.922763466835022
iris,4,sampler,adam,0.1,1,1276,1.0,0.9421596527099609,0.9333333969116211,0.9231944680213928
iris,4,sampler,adam,0.1,2,1318,1.0,0.9406946897506714,0.9333333969116211,0.9203327894210815
iris,4,sampler,adam,0.1,3,1360,1.0,0.9446189403533936,0.9333333969116211,0.9235075116157532
iris,4,sampler,adam,0.1,4,1402,1.0,0.9413947463035583,0.9333333969116211,0.9245174527168274
iris,4,sampler,adam,0.1,5,1444,1.0,0.9465259909629822,0.9333333969116211,0.9209014773368835
iris,4,sampler,sgd,0.001,1,1276,0.8666667342185974,1.0097479820251465,0.8666667342185974,0.9985954761505127
iris,4,sampler,sgd,0.001,2,1318,0.9333333969116211,0.9871841073036194,0.9333333969116211,0.9692946076393127
iris,4,sampler,sgd,0.001,3,1360,0.8666667342185974,1.0102813243865967,0.9333333969116211,0.9942766427993774
iris,4,sampler,sgd,0.001,4,1402,0.9333333969116211,0.9910342693328857,0.9333333969116211,0.977910578250885
iris,4,sampler,sgd,0.001,5,1444,0.9333333969116211,0.9968324303627014,0.8666667342185974,0.98647141456604
iris,4,sampler,sgd,0.005,1,1276,0.8000000715255737,1.0095690488815308,0.8666667342185974,0.9981161952018738
iris,4,sampler,sgd,0.005,2,1318,0.9333333969116211,0.985896110534668,0.9333333969116211,0.9677659273147583
iris,4,sampler,sgd,0.005,3,1360,0.8666667342185974,1.0100853443145752,0.9333333969116211,0.9937741160392761
iris,4,sampler,sgd,0.005,4,1402,0.9333333969116211,0.9906529188156128,0.9333333969116211,0.977380633354187
iris,4,sampler,sgd,0.005,5,1444,0.9333333969116211,0.9966486692428589,0.8666667342185974,0.9861122369766235
iris,4,sampler,sgd,0.01,1,1276,0.8000000715255737,1.009335994720459,0.9333333969116211,0.9975073933601379
iris,4,sampler,sgd,0.01,2,1318,0.9333333969116211,0.9842199087142944,0.9333333969116211,0.9657896757125854
iris,4,sampler,sgd,0.01,3,1360,0.8666667342185974,1.009832501411438,0.9333333969116211,0.9931299686431885
iris,4,sampler,sgd,0.01,4,1402,0.9333333969116211,0.9901800751686096,0.9333333969116211,0.9767252206802368
iris,4,sampler,sgd,0.01,5,1444,0.9333333969116211,0.9964206218719482,0.8666667342185974,0.9856619238853455
iris,4,sampler,sgd,0.05,1,1276,0.8000000715255737,1.0070862770080566,0.8666667342185974,0.9922769665718079
iris,4,sampler,sgd,0.05,2,1318,0.9333333969116211,0.9696255326271057,0.9333333969116211,0.9492818117141724
iris,4,sampler,sgd,0.05,3,1360,0.7333333492279053,1.0074347257614136,0.9333333969116211,0.9873442053794861
iris,4,sampler,sgd,0.05,4,1402,0.9333333969116211,0.986557126045227,0.9333333969116211,0.9718261957168579
iris,4,sampler,sgd,0.05,5,1444,0.9333333969116211,0.9943862557411194,0.9333333969116211,0.9817097187042236
iris,4,sampler,sgd,0.1,1,1276,0.8000000715255737,1.003376841545105,0.8666667342185974,0.9847310185432434
iris,4,sampler,sgd,0.1,2,1318,1.0,0.9554505944252014,0.9333333969116211,0.935201108455658
iris,4,sampler,sgd,0.1,3,1360,0.7333333492279053,1.0033928155899048,0.9333333969116211,0.978567361831665
iris,4,sampler,sgd,0.1,4,1402,1.0,0.9823751449584961,1.0,0.9666823148727417
iris,4,sampler,sgd,0.1,5,1444,0.9333333969116211,0.988791823387146,0.9333333969116211,0.9734300971031189
car,4,ffnn_0layer,adam,0.001,1,1276,0.7630057334899902,1.2729206085205078,0.7687861323356628,1.2682424783706665
car,4,ffnn_0layer,adam,0.001,2,1318,0.7630057334899902,1.2729237079620361,0.7687861323356628,1.2682417631149292
car,4,ffnn_0layer,adam,0.001,3,1360,0.7630057334899902,1.2678115367889404,0.7687861323356628,1.262797474861145
car,4,ffnn_0layer,adam,0.001,4,1402,0.7630057334899902,1.2729219198226929,0.7687861323356628,1.2682400941848755
car,4,ffnn_0layer,adam,0.001,5,1444,0.7630057334899902,1.2729160785675049,0.7687861323356628,1.2682358026504517
car,4,ffnn_0layer,adam,0.005,1,1276,0.8034681677818298,1.2599890232086182,0.7919074892997742,1.2558673620224
car,4,ffnn_0layer,adam,0.005,2,1318,0.8034681677818298,1.259973406791687,0.7919074892997742,1.2558536529541016
car,4,ffnn_0layer,adam,0.005,3,1360,0.8034681677818298,1.259972095489502,0.7919074892997742,1.2558557987213135
car,4,ffnn_0layer,adam,0.005,4,1402,0.8034681677818298,1.2599743604660034,0.7919074892997742,1.2558550834655762
car,4,ffnn_0layer,adam,0.005,5,1444,0.8034681677818298,1.2599858045578003,0.7919074892997742,1.2558650970458984
car,4,ffnn_0layer,adam,0.01,1,1276,0.8034681677818298,1.2599979639053345,0.7919074892997742,1.2558754682540894
car,4,ffnn_0layer,adam,0.01,2,1318,0.8034681677818298,1.2599796056747437,0.7919074892997742,1.255859136581421
car,4,ffnn_0layer,adam,0.01,3,1360,0.8034681677818298,1.2599928379058838,0.7919074892997742,1.255872368812561
car,4,ffnn_0layer,adam,0.01,4,1402,0.8034681677818298,1.2599718570709229,0.7919074892997742,1.2558525800704956
car,4,ffnn_0layer,adam,0.01,5,1444,0.8034681677818298,1.260001540184021,0.7919074892997742,1.2558789253234863
car,4,ffnn_0layer,adam,0.05,1,1276,0.8034681677818298,1.2599806785583496,0.7919074892997742,1.2558629512786865
car,4,ffnn_0layer,adam,0.05,2,1318,0.8034681677818298,1.2600220441818237,0.7919074892997742,1.2558954954147339
car,4,ffnn_0layer,adam,0.05,3,1360,0.8034681677818298,1.2599563598632812,0.7919074892997742,1.2558400630950928
car,4,ffnn_0layer,adam,0.05,4,1402,0.8034681677818298,1.2600454092025757,0.7919074892997742,1.255916953086853
car,4,ffnn_0layer,adam,0.05,5,1444,0.7745664715766907,1.2628748416900635,0.7803468108177185,1.263867735862732
car,4,ffnn_0layer,adam,0.1,1,1276,0.8034681677818298,1.2600125074386597,0.7919074892997742,1.2558971643447876
car,4,ffnn_0layer,adam,0.1,2,1318,0.8034681677818298,1.2600888013839722,0.7919074892997742,1.255957841873169
car,4,ffnn_0layer,adam,0.1,3,1360,0.8034681677818298,1.2599735260009766,0.7919074892997742,1.2558523416519165
car,4,ffnn_0layer,adam,0.1,4,1402,0.7919074892997742,1.2645946741104126,0.7861271500587463,1.2586288452148438
car,4,ffnn_0layer,adam,0.1,5,1444,0.7745664715766907,1.2628779411315918,0.7803468108177185,1.263889193534851
car,4,ffnn_0layer,sgd,0.001,1,1276,0.7225433588027954,1.285368800163269,0.7052022814750671,1.2818514108657837
car,4,ffnn_0layer,sgd,0.001,2,1318,0.710982620716095,1.301655888557434,0.7225433588027954,1.2990926504135132
car,4,ffnn_0layer,sgd,0.001,3,1360,0.7514450550079346,1.292339563369751,0.7283236980438232,1.2897378206253052
car,4,ffnn_0layer,sgd,0.001,4,1402,0.7225433588027954,1.2986723184585571,0.7167630195617676,1.2968833446502686
car,4,ffnn_0layer,sgd,0.001,5,1444,0.7398843765258789,1.2839512825012207,0.7341040372848511,1.281705379486084
car,4,ffnn_0layer,sgd,0.005,1,1276,0.7225433588027954,1.285342812538147,0.7052022814750671,1.281654953956604
car,4,ffnn_0layer,sgd,0.005,2,1318,0.710982620716095,1.3015064001083374,0.7225433588027954,1.2990190982818604
car,4,ffnn_0layer,sgd,0.005,3,1360,0.7514450550079346,1.2922009229660034,0.7283236980438232,1.2896389961242676
car,4,ffnn_0layer,sgd,0.005,4,1402,0.7341040372848511,1.296915054321289,0.7283236980438232,1.2952744960784912
car,4,ffnn_0layer,sgd,0.005,5,1444,0.7398843765258789,1.2835471630096436,0.7341040372848511,1.2814278602600098
car,4,ffnn_0layer,sgd,0.01,1,1276,0.7225433588027954,1.2852299213409424,0.7052022814750671,1.2811996936798096
car,4,ffnn_0layer,sgd,0.01,2,1318,0.710982620716095,1.3013365268707275,0.7225433588027954,1.2989401817321777
car,4,ffnn_0layer,sgd,0.01,3,1360,0.7514450550079346,1.2920829057693481,0.7283236980438232,1.2895607948303223
car,4,ffnn_0layer,sgd,0.01,4,1402,0.7456647157669067,1.2952609062194824,0.7341040372848511,1.2937630414962769
car,4,ffnn_0layer,sgd,0.01,5,1444,0.7398843765258789,1.2831257581710815,0.7341040372848511,1.2811627388000488
car,4,ffnn_0layer,sgd,0.05,1,1276,0.7630057334899902,1.2731395959854126,0.7687861323356628,1.2686328887939453
car,4,ffnn_0layer,sgd,0.05,2,1318,0.710982620716095,1.3005070686340332,0.7225433588027954,1.2987078428268433
car,4,ffnn_0layer,sgd,0.05,3,1360,0.7341040372848511,1.2906605005264282,0.7225433588027954,1.2882338762283325
car,4,ffnn_0layer,sgd,0.05,4,1402,0.7341040372848511,1.2919926643371582,0.7225433588027954,1.2903831005096436
car,4,ffnn_0layer,sgd,0.05,5,1444,0.7398843765258789,1.2815958261489868,0.7341040372848511,1.2803499698638916
car,4,ffnn_0layer,sgd,0.1,1,1276,0.7630057334899902,1.2727214097976685,0.7687861323356628,1.268157958984375
car,4,ffnn_0layer,sgd,0.1,2,1318,0.710982620716095,1.300038456916809,0.7225433588027954,1.2986634969711304
car,4,ffnn_0layer,sgd,0.1,3,1360,0.7630057334899902,1.272064447402954,0.7687861323356628,1.2673512697219849
car,4,ffnn_0layer,sgd,0.1,4,1402,0.7630057334899902,1.272965908050537,0.7687861323356628,1.2685577869415283
car,4,ffnn_0layer,sgd,0.1,5,1444,0.7630057334899902,1.2727380990982056,0.7687861323356628,1.2682380676269531
car,4,sampler,adam,0.001,1,1276,0.7687861323356628,1.27704918384552,0.7341040372848511,1.2745893001556396
car,4,sampler,adam,0.001,2,1318,0.7456647157669067,1.2852542400360107,0.7341040372848511,1.2808103561401367
car,4,sampler,adam,0.001,3,1360,0.7630057334899902,1.2680624723434448,0.7687861323356628,1.2630290985107422
car,4,sampler,adam,0.001,4,1402,0.7630057334899902,1.2728166580200195,0.7687861323356628,1.2681541442871094
car,4,sampler,adam,0.001,5,1444,0.7630057334899902,1.2731335163116455,0.7687861323356628,1.2684248685836792
car,4,sampler,adam,0.005,1,1276,0.8034681677818298,1.259990930557251,0.7919074892997742,1.2558690309524536
car,4,sampler,adam,0.005,2,1318,0.8034681677818298,1.2599835395812988,0.7919074892997742,1.2558627128601074
car,4,sampler,adam,0.005,3,1360,0.8034681677818298,1.2599728107452393,0.7919074892997742,1.2558557987213135
car,4,sampler,adam,0.005,4,1402,0.8034681677818298,1.2599868774414062,0.7919074892997742,1.255865454673767
car,4,sampler,adam,0.005,5,1444,0.8034681677818298,1.2599784135818481,0.7919074892997742,1.255858302116394
car,4,sampler,adam,0.01,1,1276,0.8034681677818298,1.2599890232086182,0.7919074892997742,1.2558674812316895
car,4,sampler,adam,0.01,2,1318,0.8034681677818298,1.2599732875823975,0.7919074892997742,1.255853533744812
car,4,sampler,adam,0.01,3,1360,0.8034681677818298,1.2599722146987915,0.7919074892997742,1.2558557987213135
car,4,sampler,adam,0.01,4,1402,0.8034681677818298,1.2599743604660034,0.7919074892997742,1.2558549642562866
car,4,sampler,adam,0.01,5,1444,0.8034681677818298,1.2599858045578003,0.7919074892997742,1.2558649778366089
car,4,sampler,adam,0.05,1,1276,0.8034681677818298,1.260054588317871,0.7919074892997742,1.2559294700622559
car,4,sampler,adam,0.05,2,1318,0.8034681677818298,1.2599951028823853,0.7919074892997742,1.2558727264404297
car,4,sampler,adam,0.05,3,1360,0.8034681677818298,1.260012149810791,0.7919074892997742,1.2558900117874146
car,4,sampler,adam,0.05,4,1402,0.8034681677818298,1.2599741220474243,0.7919074892997742,1.2558530569076538
car,4,sampler,adam,0.05,5,1444,0.8034681677818298,1.2600055932998657,0.7919074892997742,1.2558833360671997
car,4,sampler,adam,0.1,1,1276,0.8034681677818298,1.2599806785583496,0.7919074892997742,1.2558629512786865
car,4,sampler,adam,0.1,2,1318,0.8034681677818298,1.2600220441818237,0.7919074892997742,1.2558954954147339
car,4,sampler,adam,0.1,3,1360,0.8034681677818298,1.2599563598632812,0.7919074892997742,1.2558400630950928
car,4,sampler,adam,0.1,4,1402,0.8034681677818298,1.2600454092025757,0.7919074892997742,1.255916953086853
car,4,sampler,adam,0.1,5,1444,0.7745664715766907,1.2628748416900635,0.7803468108177185,1.263867735862732
car,4,sampler,sgd,0.001,1,1276,0.7283236980438232,1.2968559265136719,0.7283236980438232,1.2945533990859985
car,4,sampler,sgd,0.001,2,1318,0.7341040372848511,1.2959376573562622,0.7398843765258789,1.2952313423156738
car,4,sampler,sgd,0.001,3,1360,0.7341040372848511,1.2985641956329346,0.7398843765258789,1.2953733205795288
car,4,sampler,sgd,0.001,4,1402,0.7225433588027954,1.3012356758117676,0.7052022814750671,1.2983485460281372
car,4,sampler,sgd,0.001,5,1444,0.7167630195617676,1.2993791103363037,0.710982620716095,1.2978979349136353
car,4,sampler,sgd,0.005,1,1276,0.7283236980438232,1.2967840433120728,0.7283236980438232,1.294480562210083
car,4,sampler,sgd,0.005,2,1318,0.7341040372848511,1.295646071434021,0.7398843765258789,1.2949542999267578
car,4,sampler,sgd,0.005,3,1360,0.7283236980438232,1.298467755317688,0.7283236980438232,1.2952848672866821
car,4,sampler,sgd,0.005,4,1402,0.7225433588027954,1.3011971712112427,0.7052022814750671,1.2982996702194214
car,4,sampler,sgd,0.005,5,1444,0.7167630195617676,1.2993369102478027,0.710982620716095,1.2978755235671997
car,4,sampler,sgd,0.01,1,1276,0.7283236980438232,1.2966794967651367,0.7283236980438232,1.2943756580352783
car,4,sampler,sgd,0.01,2,1318,0.7225433588027954,1.2951887845993042,0.7283236980438232,1.294517159461975
car,4,sampler,sgd,0.01,3,1360,0.7283236980438232,1.2983505725860596,0.7283236980438232,1.2951762676239014
car,4,sampler,sgd,0.01,4,1402,0.7225433588027954,1.3010964393615723,0.7052022814750671,1.2981871366500854
car,4,sampler,sgd,0.01,5,1444,0.7052022814750671,1.2992841005325317,0.7225433588027954,1.2978460788726807
car,4,sampler,sgd,0.05,1,1276,0.7283236980438232,1.2936923503875732,0.7283236980438232,1.2914783954620361
car,4,sampler,sgd,0.05,2,1318,0.7398843765258789,1.284386396408081,0.7398843765258789,1.2840673923492432
car,4,sampler,sgd,0.05,3,1360,0.7283236980438232,1.297498106956482,0.7283236980438232,1.2943419218063354
car,4,sampler,sgd,0.05,4,1402,0.7341040372848511,1.2938495874404907,0.7225433588027954,1.2915983200073242
car,4,sampler,sgd,0.05,5,1444,0.710982620716095,1.2987686395645142,0.7225433588027954,1.2974684238433838
car,4,sampler,sgd,0.1,1,1276,0.7456647157669067,1.2795321941375732,0.7456647157669067,1.2777074575424194
car,4,sampler,sgd,0.1,2,1318,0.7630057334899902,1.27984619140625,0.7456647157669067,1.2797449827194214
car,4,sampler,sgd,0.1,3,1360,0.7341040372848511,1.2955557107925415,0.7283236980438232,1.2923983335494995
car,4,sampler,sgd,0.1,4,1402,0.7630057334899902,1.2758296728134155,0.7687861323356628,1.2717138528823853
car,4,sampler,sgd,0.1,5,1444,0.710982620716095,1.291496753692627,0.7225433588027954,1.2903960943222046
car,6,ffnn_0layer,adam,0.001,1,1276,0.7341040372848511,1.271685004234314,0.7572253942489624,1.2632114887237549
car,6,ffnn_0layer,adam,0.001,2,1318,0.7341040372848511,1.2716950178146362,0.7572253942489624,1.2632163763046265
car,6,ffnn_0layer,adam,0.001,3,1360,0.7341040372848511,1.2716951370239258,0.7572253942489624,1.2632191181182861
car,6,ffnn_0layer,adam,0.001,4,1402,0.7572253942489624,1.2705655097961426,0.7572253942489624,1.2655322551727295
car,6,ffnn_0layer,adam,0.001,5,1444,0.7341040372848511,1.2716878652572632,0.7572253942489624,1.2632111310958862
car,6,ffnn_0layer,adam,0.005,1,1276,0.7341040372848511,1.2716848850250244,0.7572253942489624,1.2632147073745728
car,6,ffnn_0layer,adam,0.005,2,1318,0.7341040372848511,1.271706223487854,0.7572253942489624,1.2632249593734741
car,6,ffnn_0layer,adam,0.005,3,1360,0.7341040372848511,1.2717258930206299,0.7572253942489624,1.2632418870925903
car,6,ffnn_0layer,adam,0.005,4,1402,0.7341040372848511,1.2717080116271973,0.7572253942489624,1.2632274627685547
car,6,ffnn_0layer,adam,0.005,5,1444,0.7341040372848511,1.2716550827026367,0.7572253942489624,1.2631824016571045
car,6,ffnn_0layer,adam,0.01,1,1276,0.7341040372848511,1.2716912031173706,0.7572253942489624,1.2632222175598145
car,6,ffnn_0layer,adam,0.01,2,1318,0.7341040372848511,1.2717158794403076,0.7572253942489624,1.263230562210083
car,6,ffnn_0layer,adam,0.01,3,1360,0.7572253942489624,1.2705707550048828,0.7572253942489624,1.265542984008789
car,6,ffnn_0layer,adam,0.01,4,1402,0.7341040372848511,1.2716782093048096,0.7572253942489624,1.263200283050537
car,6,ffnn_0layer,adam,0.01,5,1444,0.7341040372848511,1.2716678380966187,0.7572253942489624,1.2631919384002686
car,6,ffnn_0layer,adam,0.05,1,1276,0.7572253942489624,1.2706178426742554,0.7572253942489624,1.2655516862869263
car,6,ffnn_0layer,adam,0.05,2,1318,0.7341040372848511,1.2716883420944214,0.7572253942489624,1.2632160186767578
car,6,ffnn_0layer,adam,0.05,3,1360,0.7572253942489624,1.2705615758895874,0.7572253942489624,1.265520691871643
car,6,ffnn_0layer,adam,0.05,4,1402,0.7341040372848511,1.2717070579528809,0.7572253942489624,1.2632471323013306
car,6,ffnn_0layer,adam,0.05,5,1444,0.7572253942489624,1.2706406116485596,0.7572253942489624,1.265574336051941
car,6,ffnn_0layer,adam,0.1,1,1276,0.7341040372848511,1.2716532945632935,0.7572253942489624,1.2631932497024536
car,6,ffnn_0layer,adam,0.1,2,1318,0.7572253942489624,1.2704615592956543,0.7572253942489624,1.2656141519546509
car,6,ffnn_0layer,adam,0.1,3,1360,0.7341040372848511,1.2716028690338135,0.7572253942489624,1.2631441354751587
car,6,ffnn_0layer,adam,0.1,4,1402,0.7341040372848511,1.2717236280441284,0.7572253942489624,1.2632417678833008
car,6,ffnn_0layer,adam,0.1,5,1444,0.7572253942489624,1.270851731300354,0.7572253942489624,1.2657145261764526
car,6,ffnn_0layer,sgd,0.001,1,1276,0.7283236980438232,1.2960032224655151,0.7283236980438232,1.2948284149169922
car,6,ffnn_0layer,sgd,0.001,2,1318,0.7167630195617676,1.291042685508728,0.7283236980438232,1.2860636711120605
car,6,ffnn_0layer,sgd,0.001,3,1360,0.7225433588027954,1.2834045886993408,0.7456647157669067,1.2764359712600708
car,6,ffnn_0layer,sgd,0.001,4,1402,0.7283236980438232,1.2833335399627686,0.7456647157669067,1.2793537378311157
car,6,ffnn_0layer,sgd,0.001,5,1444,0.7341040372848511,1.2949182987213135,0.7341040372848511,1.2919434309005737
car,6,ffnn_0layer,sgd,0.005,1,1276,0.7283236980438232,1.2959601879119873,0.7283236980438232,1.2948452234268188
car,6,ffnn_0layer,sgd,0.005,2,1318,0.7167630195617676,1.2896859645843506,0.7283236980438232,1.284664511680603
car,6,ffnn_0layer,sgd,0.005,3,1360,0.7225433588027954,1.2797131538391113,0.7572253942489624,1.2722735404968262
car,6,ffnn_0layer,sgd,0.005,4,1402,0.7225433588027954,1.2828891277313232,0.7341040372848511,1.2789874076843262
car,6,ffnn_0layer,sgd,0.005,5,1444,0.7341040372848511,1.2948379516601562,0.7283236980438232,1.2920842170715332
car,6,ffnn_0layer,sgd,0.01,1,1276,0.7283236980438232,1.295910358428955,0.7283236980438232,1.2948576211929321
car,6,ffnn_0layer,sgd,0.01,2,1318,0.7167630195617676,1.288191795349121,0.7283236980438232,1.2830215692520142
car,6,ffnn_0layer,sgd,0.01,3,1360,0.7225433588027954,1.2764480113983154,0.7745664715766907,1.2686363458633423
car,6,ffnn_0layer,sgd,0.01,4,1402,0.7283236980438232,1.2823959589004517,0.7341040372848511,1.2785955667495728
car,6,ffnn_0layer,sgd,0.01,5,1444,0.7341040372848511,1.294785976409912,0.7398843765258789,1.2923026084899902
car,6,ffnn_0layer,sgd,0.05,1,1276,0.7283236980438232,1.2957311868667603,0.7341040372848511,1.2949044704437256
car,6,ffnn_0layer,sgd,0.05,2,1318,0.7398843765258789,1.2726961374282837,0.7745664715766907,1.2647755146026611
car,6,ffnn_0layer,sgd,0.05,3,1360,0.7341040372848511,1.2713721990585327,0.7687861323356628,1.2629592418670654
car,6,ffnn_0layer,sgd,0.05,4,1402,0.7456647157669067,1.280443787574768,0.7225433588027954,1.2771633863449097
car,6,ffnn_0layer,sgd,0.05,5,1444,0.7283236980438232,1.2954078912734985,0.7398843765258789,1.2943233251571655
car,6,ffnn_0layer,sgd,0.1,1,1276,0.7283236980438232,1.2956876754760742,0.7398843765258789,1.2949275970458984
car,6,ffnn_0layer,sgd,0.1,2,1318,0.7398843765258789,1.2717771530151367,0.7687861323356628,1.263568639755249
car,6,ffnn_0layer,sgd,0.1,3,1360,0.7341040372848511,1.271131992340088,0.7687861323356628,1.2626547813415527
car,6,ffnn_0layer,sgd,0.1,4,1402,0.7630057334899902,1.271482229232788,0.7630057334899902,1.2663933038711548
car,6,ffnn_0layer,sgd,0.1,5,1444,0.7630057334899902,1.278462529182434,0.7630057334899902,1.275385856628418
car,6,sampler,adam,0.001,1,1276,0.7572253942489624,1.2763900756835938,0.7514450550079346,1.2732129096984863
car,6,sampler,adam,0.001,2,1318,0.7341040372848511,1.271998643875122,0.7572253942489624,1.2635574340820312
car,6,sampler,adam,0.001,3,1360,0.7572253942489624,1.276319980621338,0.7514450550079346,1.2731728553771973
car,6,sampler,adam,0.001,4,1402,0.7341040372848511,1.2720118761062622,0.7572253942489624,1.263548493385315
car,6,sampler,adam,0.001,5,1444,0.7341040372848511,1.271718144416809,0.7572253942489624,1.2632339000701904
car,6,sampler,adam,0.005,1,1276,0.7341040372848511,1.2716811895370483,0.7572253942489624,1.2632092237472534
car,6,sampler,adam,0.005,2,1318,0.7341040372848511,1.2717008590698242,0.7572253942489624,1.2632207870483398
car,6,sampler,adam,0.005,3,1360,0.7341040372848511,1.2717113494873047,0.7572253942489624,1.2632322311401367
car,6,sampler,adam,0.005,4,1402,0.7341040372848511,1.2717158794403076,0.7572253942489624,1.2632341384887695
car,6,sampler,adam,0.005,5,1444,0.7341040372848511,1.2716699838638306,0.7572253942489624,1.2631947994232178
car,6,sampler,adam,0.01,1,1276,0.7341040372848511,1.2716848850250244,0.7572253942489624,1.2632147073745728
car,6,sampler,adam,0.01,2,1318,0.7341040372848511,1.271706223487854,0.7572253942489624,1.2632249593734741
car,6,sampler,adam,0.01,3,1360,0.7341040372848511,1.2717258930206299,0.7572253942489624,1.2632418870925903
car,6,sampler,adam,0.01,4,1402,0.7341040372848511,1.2717080116271973,0.7572253942489624,1.2632274627685547
car,6,sampler,adam,0.01,5,1444,0.7341040372848511,1.2716550827026367,0.7572253942489624,1.2631824016571045
car,6,sampler,adam,0.05,1,1276,0.7341040372848511,1.2717300653457642,0.7572253942489624,1.2632428407669067
car,6,sampler,adam,0.05,2,1318,0.7341040372848511,1.2716940641403198,0.7572253942489624,1.2632135152816772
car,6,sampler,adam,0.05,3,1360,0.7572253942489624,1.2706032991409302,0.7572253942489624,1.2655341625213623
car,6,sampler,adam,0.05,4,1402,0.7341040372848511,1.271681547164917,0.7572253942489624,1.2632088661193848
car,6,sampler,adam,0.05,5,1444,0.7341040372848511,1.2717021703720093,0.7572253942489624,1.2632217407226562
car,6,sampler,adam,0.1,1,1276,0.7572253942489624,1.2706178426742554,0.7572253942489624,1.2655515670776367
car,6,sampler,adam,0.1,2,1318,0.7341040372848511,1.2716883420944214,0.7572253942489624,1.2632160186767578
car,6,sampler,adam,0.1,3,1360,0.7572253942489624,1.2705615758895874,0.7572253942489624,1.265520691871643
car,6,sampler,adam,0.1,4,1402,0.7341040372848511,1.2717070579528809,0.7572253942489624,1.2632471323013306
car,6,sampler,adam,0.1,5,1444,0.7572253942489624,1.2706406116485596,0.7572253942489624,1.265574336051941
car,6,sampler,sgd,0.001,1,1276,0.7283236980438232,1.292655110359192,0.7398843765258789,1.2905539274215698
car,6,sampler,sgd,0.001,2,1318,0.7283236980438232,1.2983204126358032,0.7052022814750671,1.2949743270874023
car,6,sampler,sgd,0.001,3,1360,0.7283236980438232,1.2930004596710205,0.7398843765258789,1.2913364171981812
car,6,sampler,sgd,0.001,4,1402,0.7283236980438232,1.29694664478302,0.7456647157669067,1.295178771018982
car,6,sampler,sgd,0.001,5,1444,0.7283236980438232,1.2929717302322388,0.7283236980438232,1.2886130809783936
car,6,sampler,sgd,0.005,1,1276,0.7283236980438232,1.2927160263061523,0.7398843765258789,1.290675401687622
car,6,sampler,sgd,0.005,2,1318,0.710982620716095,1.2984004020690918,0.7052022814750671,1.295009732246399
car,6,sampler,sgd,0.005,3,1360,0.7283236980438232,1.293108344078064,0.7398843765258789,1.2914859056472778
car,6,sampler,sgd,0.005,4,1402,0.7283236980438232,1.2969368696212769,0.7456647157669067,1.2952336072921753
car,6,sampler,sgd,0.005,5,1444,0.7283236980438232,1.2925528287887573,0.7283236980438232,1.2882227897644043
car,6,sampler,sgd,0.01,1,1276,0.7283236980438232,1.2927820682525635,0.7398843765258789,1.2908127307891846
car,6,sampler,sgd,0.01,2,1318,0.6936416029930115,1.2984824180603027,0.7052022814750671,1.295015573501587
car,6,sampler,sgd,0.01,3,1360,0.7283236980438232,1.2932417392730713,0.7398843765258789,1.2916713953018188
car,6,sampler,sgd,0.01,4,1402,0.7283236980438232,1.2969218492507935,0.7456647157669067,1.2952954769134521
car,6,sampler,sgd,0.01,5,1444,0.7283236980438232,1.2919166088104248,0.7283236980438232,1.2876073122024536
car,6,sampler,sgd,0.05,1,1276,0.7283236980438232,1.2923954725265503,0.7398843765258789,1.290723443031311
car,6,sampler,sgd,0.05,2,1318,0.7283236980438232,1.2947059869766235,0.7283236980438232,1.2904818058013916
car,6,sampler,sgd,0.05,3,1360,0.7283236980438232,1.2940739393234253,0.7398843765258789,1.2928526401519775
car,6,sampler,sgd,0.05,4,1402,0.7283236980438232,1.296629548072815,0.7341040372848511,1.2954422235488892
car,6,sampler,sgd,0.05,5,1444,0.7514450550079346,1.2825368642807007,0.7514450550079346,1.2778128385543823
car,6,sampler,sgd,0.1,1,1276,0.7572253942489624,1.2785404920578003,0.7630057334899902,1.2753971815109253
car,6,sampler,sgd,0.1,2,1318,0.7283236980438232,1.2932782173156738,0.7283236980438232,1.2885925769805908
car,6,sampler,sgd,0.1,3,1360,0.7283236980438232,1.2935682535171509,0.7398843765258789,1.2923731803894043
car,6,sampler,sgd,0.1,4,1402,0.7283236980438232,1.2961888313293457,0.7398843765258789,1.2952516078948975
car,6,sampler,sgd,0.1,5,1444,0.7572253942489624,1.2787415981292725,0.7398843765258789,1.2739813327789307
pima,4,ffnn_0layer,adam,0.001,1,1276,0.7662337422370911,0.6391823887825012,0.7792207598686218,0.6301904320716858
pima,4,ffnn_0layer,adam,0.001,2,1318,0.7662337422370911,0.6410014629364014,0.7922077775001526,0.6303807497024536
pima,4,ffnn_0layer,adam,0.001,3,1360,0.7402597665786743,0.640095591545105,0.7662337422370911,0.6299020648002625
pima,4,ffnn_0layer,adam,0.001,4,1402,0.7532467246055603,0.6398005485534668,0.7792207598686218,0.6298952698707581
pima,4,ffnn_0layer,adam,0.001,5,1444,0.7662337422370911,0.6394007205963135,0.7792207598686218,0.630103588104248
pima,4,ffnn_0layer,adam,0.005,1,1276,0.7662337422370911,0.6389944553375244,0.7922077775001526,0.6301196813583374
pima,4,ffnn_0layer,adam,0.005,2,1318,0.7662337422370911,0.6394186019897461,0.7792207598686218,0.6301777958869934
pima,4,ffnn_0layer,adam,0.005,3,1360,0.7662337422370911,0.6391174793243408,0.7792207598686218,0.6297633051872253
pima,4,ffnn_0layer,adam,0.005,4,1402,0.7402597665786743,0.6397365927696228,0.7792207598686218,0.6301529407501221
pima,4,ffnn_0layer,adam,0.005,5,1444,0.7532467246055603,0.6397684812545776,0.7792207598686218,0.6290683746337891
pima,4,ffnn_0layer,adam,0.01,1,1276,0.7662337422370911,0.6390683054924011,0.7922077775001526,0.6305890679359436
pima,4,ffnn_0layer,adam,0.01,2,1318,0.7662337422370911,0.6395025253295898,0.7792207598686218,0.6301771402359009
pima,4,ffnn_0layer,adam,0.01,3,1360,0.7792207598686218,0.6390378475189209,0.7792207598686218,0.6300950050354004
pima,4,ffnn_0layer,adam,0.01,4,1402,0.7402597665786743,0.6400521397590637,0.7922077775001526,0.6308997273445129
pima,4,ffnn_0layer,adam,0.01,5,1444,0.7532467246055603,0.6404544711112976,0.7792207598686218,0.6290523409843445
pima,4,ffnn_0layer,adam,0.05,1,1276,0.7532467246055603,0.6389655470848083,0.8051947951316833,0.6310552954673767
pima,4,ffnn_0layer,adam,0.05,2,1318,0.7662337422370911,0.63920658826828,0.7922077775001526,0.6321668028831482
pima,4,ffnn_0layer,adam,0.05,3,1360,0.7662337422370911,0.6391779184341431,0.8051947951316833,0.6325618624687195
pima,4,ffnn_0layer,adam,0.05,4,1402,0.7402597665786743,0.6405594348907471,0.7662337422370911,0.6300029754638672
pima,4,ffnn_0layer,adam,0.05,5,1444,0.7532467246055603,0.6404838562011719,0.7792207598686218,0.6288001537322998
pima,4,ffnn_0layer,adam,0.1,1,1276,0.7532467246055603,0.641085684299469,0.7662337422370911,0.6319087147712708
pima,4,ffnn_0layer,adam,0.1,2,1318,0.7662337422370911,0.6393396258354187,0.7792207598686218,0.6288979053497314
pima,4,ffnn_0layer,adam,0.1,3,1360,0.7532467246055603,0.6383568048477173,0.7922077775001526,0.6313436031341553
pima,4,ffnn_0layer,adam,0.1,4,1402,0.7662337422370911,0.6399090886116028,0.8051947951316833,0.6300581693649292
pima,4,ffnn_0layer,adam,0.1,5,1444,0.7532467246055603,0.6397019624710083,0.8181818127632141,0.631788969039917
pima,4,ffnn_0layer,sgd,0.001,1,1276,0.7532467246055603,0.6422742009162903,0.7792207598686218,0.636258065700531
pima,4,ffnn_0layer,sgd,0.001,2,1318,0.6623376607894897,0.6710149645805359,0.7402597665786743,0.6580008268356323
pima,4,ffnn_0layer,sgd,0.001,3,1360,0.6883116960525513,0.6667380928993225,0.7402597665786743,0.6578372716903687
pima,4,ffnn_0layer,sgd,0.001,4,1402,0.7272727489471436,0.6492124795913696,0.8311688303947449,0.6340997815132141
pima,4,ffnn_0layer,sgd,0.001,5,1444,0.7532467246055603,0.6429581642150879,0.7792207598686218,0.6341804265975952
pima,4,ffnn_0layer,sgd,0.005,1,1276,0.7532467246055603,0.642110288143158,0.7792207598686218,0.6353406310081482
pima,4,ffnn_0layer,sgd,0.005,2,1318,0.6623376607894897,0.6705250144004822,0.7402597665786743,0.6576974987983704
pima,4,ffnn_0layer,sgd,0.005,3,1360,0.6883116960525513,0.6662210822105408,0.7402597665786743,0.6575310230255127
pima,4,ffnn_0layer,sgd,0.005,4,1402,0.7272727489471436,0.6490548849105835,0.8311688303947449,0.6336658000946045
pima,4,ffnn_0layer,sgd,0.005,5,1444,0.7662337422370911,0.6428905129432678,0.7922077775001526,0.6335447430610657
pima,4,ffnn_0layer,sgd,0.01,1,1276,0.7402597665786743,0.6419498920440674,0.7792207598686218,0.6343603730201721
pima,4,ffnn_0layer,sgd,0.01,2,1318,0.6623376607894897,0.6697723269462585,0.7402597665786743,0.6572393178939819
pima,4,ffnn_0layer,sgd,0.01,3,1360,0.701298713684082,0.6654335856437683,0.7402597665786743,0.6570683717727661
pima,4,ffnn_0layer,sgd,0.01,4,1402,0.7272727489471436,0.6488690376281738,0.8311688303947449,0.6332162618637085
pima,4,ffnn_0layer,sgd,0.01,5,1444,0.7532467246055603,0.6428183317184448,0.7792207598686218,0.6328718066215515
pima,4,ffnn_0layer,sgd,0.05,1,1276,0.7532467246055603,0.6411638855934143,0.7922077775001526,0.6307426691055298
pima,4,ffnn_0layer,sgd,0.05,2,1318,0.6623376607894897,0.6556019186973572,0.7532467246055603,0.6468762755393982
pima,4,ffnn_0layer,sgd,0.05,3,1360,0.6883116960525513,0.6511187553405762,0.7402597665786743,0.6465513110160828
pima,4,ffnn_0layer,sgd,0.05,4,1402,0.7272727489471436,0.6476224660873413,0.8311688303947449,0.6316128969192505
pima,4,ffnn_0layer,sgd,0.05,5,1444,0.7532467246055603,0.642388641834259,0.7922077775001526,0.6302646994590759
pima,4,ffnn_0layer,sgd,0.1,1,1276,0.7662337422370911,0.6406229734420776,0.7792207598686218,0.6297944784164429
pima,4,ffnn_0layer,sgd,0.1,2,1318,0.7272727489471436,0.6509174704551697,0.8311688303947449,0.633183479309082
pima,4,ffnn_0layer,sgd,0.1,3,1360,0.7402597665786743,0.6457874774932861,0.8181818127632141,0.6325544118881226
pima,4,ffnn_0layer,sgd,0.1,4,1402,0.7272727489471436,0.6460987329483032,0.8181818127632141,0.6315240859985352
pima,4,ffnn_0layer,sgd,0.1,5,1444,0.7532467246055603,0.641922652721405,0.7792207598686218,0.6294314861297607
pima,4,sampler,adam,0.001,1,1276,0.7532467246055603,0.6452012062072754,0.7792207598686218,0.62955641746521
pima,4,sampler,adam,0.001,2,1318,0.7532467246055603,0.6437518000602722,0.7662337422370911,0.6300302147865295
pima,4,sampler,adam,0.001,3,1360,0.7402597665786743,0.6445146799087524,0.8051947951316833,0.6300408244132996
pima,4,sampler,adam,0.001,4,1402,0.7532467246055603,0.6429086923599243,0.7792207598686218,0.6296719312667847
pima,4,sampler,adam,0.001,5,1444,0.7402597665786743,0.6443861126899719,0.7792207598686218,0.6303381323814392
pima,4,sampler,adam,0.005,1,1276,0.7532467246055603,0.6388535499572754,0.7792207598686218,0.6297027468681335
pima,4,sampler,adam,0.005,2,1318,0.7662337422370911,0.639042854309082,0.7792207598686218,0.6299846768379211
pima,4,sampler,adam,0.005,3,1360,0.7662337422370911,0.638690710067749,0.7792207598686218,0.6297104954719543
pima,4,sampler,adam,0.005,4,1402,0.7662337422370911,0.6394281387329102,0.7792207598686218,0.6299071907997131
pima,4,sampler,adam,0.005,5,1444,0.7532467246055603,0.6392826437950134,0.7792207598686218,0.6292814612388611
pima,4,sampler,adam,0.01,1,1276,0.7662337422370911,0.6389939188957214,0.7922077775001526,0.6301195621490479
pima,4,sampler,adam,0.01,2,1318,0.7662337422370911,0.6394186019897461,0.7792207598686218,0.6301777958869934
pima,4,sampler,adam,0.01,3,1360,0.7662337422370911,0.6391174793243408,0.7792207598686218,0.6297632455825806
pima,4,sampler,adam,0.01,4,1402,0.7402597665786743,0.6397351622581482,0.7792207598686218,0.630153238773346
pima,4,sampler,adam,0.01,5,1444,0.7532467246055603,0.6397684812545776,0.7792207598686218,0.6290683746337891
pima,4,sampler,adam,0.05,1,1276,0.7532467246055603,0.6388962864875793,0.8181818127632141,0.6313633322715759
pima,4,sampler,adam,0.05,2,1318,0.7662337422370911,0.6390646696090698,0.7792207598686218,0.630024790763855
pima,4,sampler,adam,0.05,3,1360,0.7532467246055603,0.6387471556663513,0.7922077775001526,0.631618320941925
pima,4,sampler,adam,0.05,4,1402,0.7532467246055603,0.640794575214386,0.7792207598686218,0.6331096887588501
pima,4,sampler,adam,0.05,5,1444,0.7532467246055603,0.6408132314682007,0.7662337422370911,0.6294147372245789
pima,4,sampler,adam,0.1,1,1276,0.7532467246055603,0.6389656066894531,0.8051947951316833,0.6310552954673767
pima,4,sampler,adam,0.1,2,1318,0.7662337422370911,0.63920658826828,0.7922077775001526,0.6321668028831482
pima,4,sampler,adam,0.1,3,1360,0.7662337422370911,0.6391779184341431,0.8051947951316833,0.6325618624687195
pima,4,sampler,adam,0.1,4,1402,0.7402597665786743,0.6405594348907471,0.7662337422370911,0.6300029754638672
pima,4,sampler,adam,0.1,5,1444,0.7532467246055603,0.6404838562011719,0.7792207598686218,0.6288002133369446
pima,4,sampler,sgd,0.001,1,1276,0.6883116960525513,0.6517525911331177,0.7532467246055603,0.6411874294281006
pima,4,sampler,sgd,0.001,2,1318,0.7402597665786743,0.6489652991294861,0.8181818127632141,0.6316408514976501
pima,4,sampler,sgd,0.001,3,1360,0.6623376607894897,0.6537497639656067,0.7402597665786743,0.6454184651374817
pima,4,sampler,sgd,0.001,4,1402,0.6883116960525513,0.6514999270439148,0.7532467246055603,0.642560601234436
pima,4,sampler,sgd,0.001,5,1444,0.6883116960525513,0.6524795293807983,0.7402597665786743,0.6423021554946899
pima,4,sampler,sgd,0.005,1,1276,0.701298713684082,0.6515000462532043,0.7792207598686218,0.6404263973236084
pima,4,sampler,sgd,0.005,2,1318,0.7402597665786743,0.6489051580429077,0.8181818127632141,0.6315825581550598
pima,4,sampler,sgd,0.005,3,1360,0.6883116960525513,0.6533212065696716,0.7272727489471436,0.6445508599281311
pima,4,sampler,sgd,0.005,4,1402,0.6883116960525513,0.6511775851249695,0.7532467246055603,0.6417368054389954
pima,4,sampler,sgd,0.005,5,1444,0.6883116960525513,0.6522152423858643,0.7792207598686218,0.641583263874054
pima,4,sampler,sgd,0.01,1,1276,0.7142857313156128,0.6512324810028076,0.8181818127632141,0.6395299434661865
pima,4,sampler,sgd,0.01,2,1318,0.7402597665786743,0.6488311886787415,0.8181818127632141,0.6315156817436218
pima,4,sampler,sgd,0.01,3,1360,0.6883116960525513,0.6528632640838623,0.7272727489471436,0.6434850692749023
pima,4,sampler,sgd,0.01,4,1402,0.6753246784210205,0.6508329510688782,0.7662337422370911,0.6407550573348999
pima,4,sampler,sgd,0.01,5,1444,0.6753246784210205,0.6519330739974976,0.7792207598686218,0.6407278180122375
pima,4,sampler,sgd,0.05,1,1276,0.7402597665786743,0.6500032544136047,0.8311688303947449,0.6346518397331238
pima,4,sampler,sgd,0.05,2,1318,0.7532467246055603,0.6482635140419006,0.8051947951316833,0.6311479210853577
pima,4,sampler,sgd,0.05,3,1360,0.7402597665786743,0.6510679125785828,0.8311688303947449,0.6368253827095032
pima,4,sampler,sgd,0.05,4,1402,0.7402597665786743,0.6492434144020081,0.8311688303947449,0.6352329850196838
pima,4,sampler,sgd,0.05,5,1444,0.7402597665786743,0.650668203830719,0.8311688303947449,0.6357617378234863
pima,4,sampler,sgd,0.1,1,1276,0.7402597665786743,0.6490275263786316,0.8311688303947449,0.6322749853134155
pima,4,sampler,sgd,0.1,2,1318,0.7662337422370911,0.6476079821586609,0.8051947951316833,0.6308849453926086
pima,4,sampler,sgd,0.1,3,1360,0.7402597665786743,0.6500637531280518,0.8311688303947449,0.6330705285072327
pima,4,sampler,sgd,0.1,4,1402,0.7402597665786743,0.6479820609092712,0.8311688303947449,0.6324012279510498
pima,4,sampler,sgd,0.1,5,1444,0.7402597665786743,0.6496932506561279,0.8311688303947449,0.6329210996627808
pima,8,ffnn_0layer,adam,0.001,1,1276,0.7532467246055603,0.6338598132133484,0.8181818127632141,0.6249623894691467
pima,8,ffnn_0layer,adam,0.001,2,1318,0.7272727489471436,0.6369394659996033,0.8181818127632141,0.6261355876922607
pima,8,ffnn_0layer,adam,0.001,3,1360,0.7272727489471436,0.6362150311470032,0.8181818127632141,0.6259040832519531
pima,8,ffnn_0layer,adam,0.001,4,1402,0.7402597665786743,0.6348121762275696,0.8051947951316833,0.6263045072555542
pima,8,ffnn_0layer,adam,0.001,5,1444,0.7272727489471436,0.6363728642463684,0.8181818127632141,0.6260296702384949
pima,8,ffnn_0layer,adam,0.005,1,1276,0.7402597665786743,0.6346765756607056,0.8051947951316833,0.6259821057319641
pima,8,ffnn_0layer,adam,0.005,2,1318,0.7272727489471436,0.6337505578994751,0.8051947951316833,0.6248221397399902
pima,8,ffnn_0layer,adam,0.005,3,1360,0.7532467246055603,0.6340122818946838,0.8181818127632141,0.624403715133667
pima,8,ffnn_0layer,adam,0.005,4,1402,0.7532467246055603,0.6342678070068359,0.8051947951316833,0.6254473328590393
pima,8,ffnn_0layer,adam,0.005,5,1444,0.7532467246055603,0.6348349452018738,0.8311688303947449,0.6248539686203003
pima,8,ffnn_0layer,adam,0.01,1,1276,0.7532467246055603,0.6348307728767395,0.7922077775001526,0.6263853311538696
pima,8,ffnn_0layer,adam,0.01,2,1318,0.7402597665786743,0.6336955428123474,0.8181818127632141,0.6246297955513
pima,8,ffnn_0layer,adam,0.01,3,1360,0.7272727489471436,0.634423017501831,0.8181818127632141,0.6247537732124329
pima,8,ffnn_0layer,adam,0.01,4,1402,0.7272727489471436,0.6345778107643127,0.8181818127632141,0.6258974671363831
pima,8,ffnn_0layer,adam,0.01,5,1444,0.7532467246055603,0.6345357298851013,0.8181818127632141,0.6246238946914673
pima,8,ffnn_0layer,adam,0.05,1,1276,0.7272727489471436,0.6375371813774109,0.8051947951316833,0.6262874007225037
pima,8,ffnn_0layer,adam,0.05,2,1318,0.7142857313156128,0.6337957382202148,0.8181818127632141,0.6266365647315979
pima,8,ffnn_0layer,adam,0.05,3,1360,0.7272727489471436,0.6357161998748779,0.8181818127632141,0.6263567209243774
pima,8,ffnn_0layer,adam,0.05,4,1402,0.7402597665786743,0.6351889371871948,0.7922077775001526,0.6260325908660889
pima,8,ffnn_0layer,adam,0.05,5,1444,0.7402597665786743,0.6353321671485901,0.8181818127632141,0.6233888268470764
pima,8,ffnn_0layer,adam,0.1,1,1276,0.7402597665786743,0.6374930143356323,0.8181818127632141,0.6246783137321472
pima,8,ffnn_0layer,adam,0.1,2,1318,0.7662337422370911,0.634442150592804,0.8181818127632141,0.6251198649406433
pima,8,ffnn_0layer,adam,0.1,3,1360,0.7142857313156128,0.6383095979690552,0.8051947951316833,0.6254743933677673
pima,8,ffnn_0layer,adam,0.1,4,1402,0.7402597665786743,0.6350836753845215,0.7922077775001526,0.6262756586074829
pima,8,ffnn_0layer,adam,0.1,5,1444,0.7402597665786743,0.6370083093643188,0.8051947951316833,0.6259890198707581
pima,8,ffnn_0layer,sgd,0.001,1,1276,0.7272727489471436,0.647146999835968,0.7142857313156128,0.6393329501152039
pima,8,ffnn_0layer,sgd,0.001,2,1318,0.7272727489471436,0.6448267102241516,0.8051947951316833,0.6283265352249146
pima,8,ffnn_0layer,sgd,0.001,3,1360,0.701298713684082,0.6526082754135132,0.8051947951316833,0.6446358561515808
pima,8,ffnn_0layer,sgd,0.001,4,1402,0.7402597665786743,0.6385810375213623,0.7922077775001526,0.6359204053878784
pima,8,ffnn_0layer,sgd,0.001,5,1444,0.7402597665786743,0.6568709015846252,0.7922077775001526,0.6453519463539124
pima,8,ffnn_0layer,sgd,0.005,1,1276,0.7532467246055603,0.6465282440185547,0.7272727489471436,0.6381361484527588
pima,8,ffnn_0layer,sgd,0.005,2,1318,0.7272727489471436,0.6446377038955688,0.8051947951316833,0.6282135844230652
pima,8,ffnn_0layer,sgd,0.005,3,1360,0.701298713684082,0.6519674062728882,0.8051947951316833,0.6441037654876709
pima,8,ffnn_0layer,sgd,0.005,4,1402,0.7402597665786743,0.638081431388855,0.7792207598686218,0.6347453594207764
pima,8,ffnn_0layer,sgd,0.005,5,1444,0.7402597665786743,0.6561551094055176,0.7922077775001526,0.6449002623558044
pima,8,ffnn_0layer,sgd,0.01,1,1276,0.7402597665786743,0.6459223031997681,0.7402597665786743,0.6367166638374329
pima,8,ffnn_0layer,sgd,0.01,2,1318,0.7272727489471436,0.6444072127342224,0.8051947951316833,0.6280774474143982
pima,8,ffnn_0layer,sgd,0.01,3,1360,0.701298713684082,0.6510991454124451,0.8051947951316833,0.643410325050354
pima,8,ffnn_0layer,sgd,0.01,4,1402,0.7272727489471436,0.6376451849937439,0.7922077775001526,0.6333292722702026
pima,8,ffnn_0layer,sgd,0.01,5,1444,0.7402597665786743,0.6551459431648254,0.7662337422370911,0.6442947387695312
pima,8,ffnn_0layer,sgd,0.05,1,1276,0.7792207598686218,0.6433486342430115,0.7792207598686218,0.6297027468681335
pima,8,ffnn_0layer,sgd,0.05,2,1318,0.7272727489471436,0.6427391171455383,0.8181818127632141,0.6272171139717102
pima,8,ffnn_0layer,sgd,0.05,3,1360,0.7142857313156128,0.6415718197822571,0.8051947951316833,0.6366514563560486
pima,8,ffnn_0layer,sgd,0.05,4,1402,0.7402597665786743,0.6367406249046326,0.8051947951316833,0.6267229914665222
pima,8,ffnn_0layer,sgd,0.05,5,1444,0.7142857313156128,0.6450997591018677,0.7532467246055603,0.6368964314460754
pima,8,ffnn_0layer,sgd,0.1,1,1276,0.7662337422370911,0.6408118009567261,0.7922077775001526,0.6266221404075623
pima,8,ffnn_0layer,sgd,0.1,2,1318,0.7272727489471436,0.6408222913742065,0.7922077775001526,0.626544177532196
pima,8,ffnn_0layer,sgd,0.1,3,1360,0.7662337422370911,0.6380780935287476,0.8051947951316833,0.6284025311470032
pima,8,ffnn_0layer,sgd,0.1,4,1402,0.7532467246055603,0.6364101767539978,0.8181818127632141,0.6250724196434021
pima,8,ffnn_0layer,sgd,0.1,5,1444,0.7792207598686218,0.6422428488731384,0.7792207598686218,0.6279057264328003
pima,8,sampler,adam,0.001,1,1276,0.7402597665786743,0.6422329545021057,0.8181818127632141,0.6261246204376221
pima,8,sampler,adam,0.001,2,1318,0.7402597665786743,0.6420019865036011,0.8181818127632141,0.6246546506881714
pima,8,sampler,adam,0.001,3,1360,0.7402597665786743,0.6377145051956177,0.8051947951316833,0.6266302466392517
pima,8,sampler,adam,0.001,4,1402,0.7402597665786743,0.6378753185272217,0.8051947951316833,0.6250858306884766
pima,8,sampler,adam,0.001,5,1444,0.7402597665786743,0.6412150263786316,0.8051947951316833,0.6256287693977356
pima,8,sampler,adam,0.005,1,1276,0.7142857313156128,0.6379798650741577,0.8181818127632141,0.6263298392295837
pima,8,sampler,adam,0.005,2,1318,0.7402597665786743,0.6355125904083252,0.7922077775001526,0.6265900135040283
pima,8,sampler,adam,0.005,3,1360,0.7142857313156128,0.6377325654029846,0.8311688303947449,0.6257217526435852
pima,8,sampler,adam,0.005,4,1402,0.7142857313156128,0.6378284096717834,0.8181818127632141,0.6262572407722473
pima,8,sampler,adam,0.005,5,1444,0.7662337422370911,0.6351823806762695,0.8051947951316833,0.6260724663734436
pima,8,sampler,adam,0.01,1,1276,0.7402597665786743,0.6346637606620789,0.8051947951316833,0.6259362101554871
pima,8,sampler,adam,0.01,2,1318,0.7272727489471436,0.6337503790855408,0.8051947951316833,0.6248220205307007
pima,8,sampler,adam,0.01,3,1360,0.7532467246055603,0.6340115666389465,0.8181818127632141,0.6244017481803894
pima,8,sampler,adam,0.01,4,1402,0.7532467246055603,0.6342651844024658,0.8051947951316833,0.6254348158836365
pima,8,sampler,adam,0.01,5,1444,0.7532467246055603,0.6348338723182678,0.8311688303947449,0.6248520016670227
pima,8,sampler,adam,0.05,1,1276,0.7792207598686218,0.6354341506958008,0.8181818127632141,0.6264548897743225
pima,8,sampler,adam,0.05,2,1318,0.7142857313156128,0.6337953805923462,0.8051947951316833,0.6253716945648193
pima,8,sampler,adam,0.05,3,1360,0.7272727489471436,0.6354014277458191,0.8311688303947449,0.6251685619354248
pima,8,sampler,adam,0.05,4,1402,0.7142857313156128,0.6354565024375916,0.8181818127632141,0.6279640197753906
pima,8,sampler,adam,0.05,5,1444,0.7662337422370911,0.6343418955802917,0.8051947951316833,0.6249362230300903
pima,8,sampler,adam,0.1,1,1276,0.7272727489471436,0.63753741979599,0.8051947951316833,0.6262882351875305
pima,8,sampler,adam,0.1,2,1318,0.7142857313156128,0.6337957382202148,0.8181818127632141,0.6266365647315979
pima,8,sampler,adam,0.1,3,1360,0.7272727489471436,0.6357161998748779,0.8181818127632141,0.6263567209243774
pima,8,sampler,adam,0.1,4,1402,0.7402597665786743,0.6351889371871948,0.7922077775001526,0.6260325908660889
pima,8,sampler,adam,0.1,5,1444,0.7402597665786743,0.6353321671485901,0.8181818127632141,0.6233888268470764
pima,8,sampler,sgd,0.001,1,1276,0.7142857313156128,0.6500321626663208,0.7532467246055603,0.636828601360321
pima,8,sampler,sgd,0.001,2,1318,0.701298713684082,0.6517271995544434,0.7142857313156128,0.6405109763145447
pima,8,sampler,sgd,0.001,3,1360,0.7532467246055603,0.6469576358795166,0.8051947951316833,0.6325949430465698
pima,8,sampler,sgd,0.001,4,1402,0.7272727489471436,0.6444873809814453,0.7792207598686218,0.6323809623718262
pima,8,sampler,sgd,0.001,5,1444,0.7272727489471436,0.6493464112281799,0.7922077775001526,0.6317324042320251
pima,8,sampler,sgd,0.005,1,1276,0.7142857313156128,0.649988055229187,0.7792207598686218,0.6363272070884705
pima,8,sampler,sgd,0.005,2,1318,0.701298713684082,0.6514468789100647,0.7272727489471436,0.6397548317909241
pima,8,sampler,sgd,0.005,3,1360,0.7532467246055603,0.6468310356140137,0.8051947951316833,0.6323544979095459
pima,8,sampler,sgd,0.005,4,1402,0.7272727489471436,0.6443638205528259,0.7792207598686218,0.6319522857666016
pima,8,sampler,sgd,0.005,5,1444,0.7402597665786743,0.6492923498153687,0.7922077775001526,0.6314451694488525
pima,8,sampler,sgd,0.01,1,1276,0.701298713684082,0.6499440670013428,0.7792207598686218,0.6357408165931702
pima,8,sampler,sgd,0.01,2,1318,0.701298713684082,0.6511538624763489,0.7272727489471436,0.638835608959198
pima,8,sampler,sgd,0.01,3,1360,0.7532467246055603,0.6466721296310425,0.8051947951316833,0.632076621055603
pima,8,sampler,sgd,0.01,4,1402,0.7532467246055603,0.6442155838012695,0.7792207598686218,0.6314554810523987
pima,8,sampler,sgd,0.01,5,1444,0.7402597665786743,0.6492247581481934,0.8051947951316833,0.6311104893684387
pima,8,sampler,sgd,0.05,1,1276,0.701298713684082,0.6497359871864319,0.7922077775001526,0.6324060559272766
pima,8,sampler,sgd,0.05,2,1318,0.7142857313156128,0.6500884294509888,0.8051947951316833,0.6331443786621094
pima,8,sampler,sgd,0.05,3,1360,0.7662337422370911,0.6453784108161926,0.8051947951316833,0.6305137276649475
pima,8,sampler,sgd,0.05,4,1402,0.7532467246055603,0.643176257610321,0.7922077775001526,0.6286425590515137
pima,8,sampler,sgd,0.05,5,1444,0.7402597665786743,0.6486294269561768,0.8051947951316833,0.6291654706001282
pima,8,sampler,sgd,0.1,1,1276,0.7142857313156128,0.6493799686431885,0.8181818127632141,0.6302648782730103
pima,8,sampler,sgd,0.1,2,1318,0.7142857313156128,0.6494929790496826,0.8181818127632141,0.6296327710151672
pima,8,sampler,sgd,0.1,3,1360,0.7662337422370911,0.6437749266624451,0.8181818127632141,0.6294891238212585
pima,8,sampler,sgd,0.1,4,1402,0.7662337422370911,0.6420708894729614,0.8051947951316833,0.6267182230949402
pima,8,sampler,sgd,0.1,5,1444,0.7402597665786743,0.6477101445198059,0.8051947951316833,0.6277649402618408
australian,4,ffnn_0layer,adam,0.001,1,1276,0.52173912525177,0.684414267539978,0.6231884360313416,0.684111475944519
australian,4,ffnn_0layer,adam,0.001,2,1318,0.52173912525177,0.684414803981781,0.6231884360313416,0.6841151118278503
australian,4,ffnn_0layer,adam,0.001,3,1360,0.52173912525177,0.6844138503074646,0.6231884360313416,0.6841107606887817
australian,4,ffnn_0layer,adam,0.001,4,1402,0.52173912525177,0.6844145655632019,0.6231884360313416,0.6841115355491638
australian,4,ffnn_0layer,adam,0.001,5,1444,0.52173912525177,0.6844138503074646,0.6231884360313416,0.6841114163398743
australian,4,ffnn_0layer,adam,0.005,1,1276,0.52173912525177,0.6844130754470825,0.6231884360313416,0.6841115355491638
australian,4,ffnn_0layer,adam,0.005,2,1318,0.52173912525177,0.684412956237793,0.6231884360313416,0.6841115355491638
australian,4,ffnn_0layer,adam,0.005,3,1360,0.52173912525177,0.6844128966331482,0.6231884360313416,0.6841116547584534
australian,4,ffnn_0layer,adam,0.005,4,1402,0.52173912525177,0.684412956237793,0.6231884360313416,0.6841114163398743
australian,4,ffnn_0layer,adam,0.005,5,1444,0.52173912525177,0.684412956237793,0.6231884360313416,0.6841115951538086
australian,4,ffnn_0layer,adam,0.01,1,1276,0.52173912525177,0.6844127774238586,0.6231884360313416,0.6841116547584534
australian,4,ffnn_0layer,adam,0.01,2,1318,0.52173912525177,0.6844128370285034,0.6231884360313416,0.6841117739677429
australian,4,ffnn_0layer,adam,0.01,3,1360,0.52173912525177,0.6844127774238586,0.6231884360313416,0.6841117143630981
australian,4,ffnn_0layer,adam,0.01,4,1402,0.52173912525177,0.6844128370285034,0.6231884360313416,0.6841115355491638
australian,4,ffnn_0layer,adam,0.01,5,1444,0.52173912525177,0.6844128370285034,0.6231884360313416,0.6841117143630981
australian,4,ffnn_0layer,adam,0.05,1,1276,0.52173912525177,0.6844128966331482,0.6231884360313416,0.6841117143630981
australian,4,ffnn_0layer,adam,0.05,2,1318,0.52173912525177,0.6844127774238586,0.6231884360313416,0.6841117739677429
australian,4,ffnn_0layer,adam,0.05,3,1360,0.52173912525177,0.6844127774238586,0.6231884360313416,0.6841116547584534
australian,4,ffnn_0layer,adam,0.05,4,1402,0.52173912525177,0.6844127178192139,0.6231884360313416,0.6841117143630981
australian,4,ffnn_0layer,adam,0.05,5,1444,0.52173912525177,0.6844128370285034,0.6231884360313416,0.6841117143630981
australian,4,ffnn_0layer,adam,0.1,1,1276,0.52173912525177,0.6844127774238586,0.6231884360313416,0.6841117143630981
australian,4,ffnn_0layer,adam,0.1,2,1318,0.52173912525177,0.6844127178192139,0.6231884360313416,0.6841117143630981
australian,4,ffnn_0layer,adam,0.1,3,1360,0.52173912525177,0.6844127774238586,0.6231884360313416,0.6841117143630981
australian,4,ffnn_0layer,adam,0.1,4,1402,0.52173912525177,0.6844126582145691,0.6231884360313416,0.6841117739677429
australian,4,ffnn_0layer,adam,0.1,5,1444,0.52173912525177,0.6844127774238586,0.6231884360313416,0.6841117739677429
australian,4,ffnn_0layer,sgd,0.001,1,1276,0.52173912525177,0.684417724609375,0.6231884360313416,0.6841320991516113
australian,4,ffnn_0layer,sgd,0.001,2,1318,0.52173912525177,0.6845192909240723,0.6231884360313416,0.6842453479766846
australian,4,ffnn_0layer,sgd,0.001,3,1360,0.52173912525177,0.6844891905784607,0.6231884360313416,0.6841223239898682
australian,4,ffnn_0layer,sgd,0.001,4,1402,0.52173912525177,0.6844301223754883,0.6231884360313416,0.6841488480567932
australian,4,ffnn_0layer,sgd,0.001,5,1444,0.52173912525177,0.6844105124473572,0.6231884360313416,0.6841291189193726
australian,4,ffnn_0layer,sgd,0.005,1,1276,0.52173912525177,0.6844176650047302,0.6231884360313416,0.6841320395469666
australian,4,ffnn_0layer,sgd,0.005,2,1318,0.52173912525177,0.6845162510871887,0.6231884360313416,0.684240460395813
australian,4,ffnn_0layer,sgd,0.005,3,1360,0.52173912525177,0.684487521648407,0.6231884360313416,0.6841216683387756
australian,4,ffnn_0layer,sgd,0.005,4,1402,0.52173912525177,0.6844297051429749,0.6231884360313416,0.684147834777832
australian,4,ffnn_0layer,sgd,0.005,5,1444,0.52173912525177,0.684410572052002,0.6231884360313416,0.6841288805007935
australian,4,ffnn_0layer,sgd,0.01,1,1276,0.52173912525177,0.6844176650047302,0.6231884360313416,0.6841316819190979
australian,4,ffnn_0layer,sgd,0.01,2,1318,0.52173912525177,0.6845127940177917,0.6231884360313416,0.6842345595359802
australian,4,ffnn_0layer,sgd,0.01,3,1360,0.52173912525177,0.6844857931137085,0.6231884360313416,0.6841209530830383
australian,4,ffnn_0layer,sgd,0.01,4,1402,0.52173912525177,0.6844291090965271,0.6231884360313416,0.6841463446617126
australian,4,ffnn_0layer,sgd,0.01,5,1444,0.52173912525177,0.684410572052002,0.6231884360313416,0.68412846326828
australian,4,ffnn_0layer,sgd,0.05,1,1276,0.52173912525177,0.6844173669815063,0.6231884360313416,0.6841294765472412
australian,4,ffnn_0layer,sgd,0.05,2,1318,0.52173912525177,0.6844898462295532,0.6231884360313416,0.684197723865509
australian,4,ffnn_0layer,sgd,0.05,3,1360,0.52173912525177,0.6844728589057922,0.6231884360313416,0.6841152906417847
australian,4,ffnn_0layer,sgd,0.05,4,1402,0.52173912525177,0.6844252943992615,0.6231884360313416,0.6841370463371277
australian,4,ffnn_0layer,sgd,0.05,5,1444,0.52173912525177,0.6844115853309631,0.6231884360313416,0.6841264367103577
australian,4,ffnn_0layer,sgd,0.1,1,1276,0.52173912525177,0.6844170093536377,0.6231884360313416,0.6841272115707397
australian,4,ffnn_0layer,sgd,0.1,2,1318,0.52173912525177,0.684469997882843,0.6231884360313416,0.6841683983802795
australian,4,ffnn_0layer,sgd,0.1,3,1360,0.52173912525177,0.6844608187675476,0.6231884360313416,0.6841114163398743
australian,4,ffnn_0layer,sgd,0.1,4,1402,0.52173912525177,0.684421956539154,0.6231884360313416,0.6841292381286621
australian,4,ffnn_0layer,sgd,0.1,5,1444,0.52173912525177,0.6844123601913452,0.6231884360313416,0.6841243505477905
australian,4,sampler,adam,0.001,1,1276,0.52173912525177,0.6843962669372559,0.6231884360313416,0.6841191649436951
australian,4,sampler,adam,0.001,2,1318,0.52173912525177,0.6844075918197632,0.6231884360313416,0.6841153502464294
australian,4,sampler,adam,0.001,3,1360,0.52173912525177,0.684411346912384,0.6231884360313416,0.6841123104095459
australian,4,sampler,adam,0.001,4,1402,0.52173912525177,0.6844139695167542,0.6231884360313416,0.6841124892234802
australian,4,sampler,adam,0.001,5,1444,0.52173912525177,0.684410035610199,0.6231884360313416,0.6841159462928772
australian,4,sampler,adam,0.005,1,1276,0.52173912525177,0.6844134330749512,0.6231884360313416,0.6841114163398743
australian,4,sampler,adam,0.005,2,1318,0.52173912525177,0.684413492679596,0.6231884360313416,0.6841114163398743
australian,4,sampler,adam,0.005,3,1360,0.52173912525177,0.6844133734703064,0.6231884360313416,0.6841114163398743
australian,4,sampler,adam,0.005,4,1402,0.52173912525177,0.6844133734703064,0.6231884360313416,0.6841115951538086
australian,4,sampler,adam,0.005,5,1444,0.52173912525177,0.6844133734703064,0.6231884360313416,0.6841115355491638
australian,4,sampler,adam,0.01,1,1276,0.52173912525177,0.6844131350517273,0.6231884360313416,0.6841115951538086
australian,4,sampler,adam,0.01,2,1318,0.52173912525177,0.6844130754470825,0.6231884360313416,0.6841116547584534
australian,4,sampler,adam,0.01,3,1360,0.52173912525177,0.684412956237793,0.6231884360313416,0.6841115951538086
australian,4,sampler,adam,0.01,4,1402,0.52173912525177,0.6844130158424377,0.6231884360313416,0.6841115355491638
australian,4,sampler,adam,0.01,5,1444,0.52173912525177,0.6844128966331482,0.6231884360313416,0.6841116547584534
australian,4,sampler,adam,0.05,1,1276,0.52173912525177,0.6844127774238586,0.6231884360313416,0.6841117143630981
australian,4,sampler,adam,0.05,2,1318,0.52173912525177,0.6844127774238586,0.6231884360313416,0.6841117143630981
australian,4,sampler,adam,0.05,3,1360,0.52173912525177,0.6844128370285034,0.6231884360313416,0.6841115355491638
australian,4,sampler,adam,0.05,4,1402,0.52173912525177,0.6844127774238586,0.6231884360313416,0.6841116547584534
australian,4,sampler,adam,0.05,5,1444,0.52173912525177,0.6844127774238586,0.6231884360313416,0.6841118335723877
australian,4,sampler,adam,0.1,1,1276,0.52173912525177,0.6844128966331482,0.6231884360313416,0.6841117143630981
australian,4,sampler,adam,0.1,2,1318,0.52173912525177,0.6844127774238586,0.6231884360313416,0.6841117739677429
australian,4,sampler,adam,0.1,3,1360,0.52173912525177,0.6844127774238586,0.6231884360313416,0.6841116547584534
australian,4,sampler,adam,0.1,4,1402,0.52173912525177,0.6844127178192139,0.6231884360313416,0.6841117143630981
australian,4,sampler,adam,0.1,5,1444,0.52173912525177,0.6844128370285034,0.6231884360313416,0.6841117143630981
australian,4,sampler,sgd,0.001,1,1276,0.52173912525177,0.684262752532959,0.6231884360313416,0.684219241142273
australian,4,sampler,sgd,0.001,2,1318,0.52173912525177,0.6843510866165161,0.6231884360313416,0.6841569542884827
australian,4,sampler,sgd,0.001,3,1360,0.52173912525177,0.6844066381454468,0.6231884360313416,0.6841452121734619
australian,4,sampler,sgd,0.001,4,1402,0.52173912525177,0.6844180822372437,0.6231884360313416,0.6841304898262024
australian,4,sampler,sgd,0.001,5,1444,0.52173912525177,0.6843875646591187,0.6231884360313416,0.6841548681259155
australian,4,sampler,sgd,0.005,1,1276,0.52173912525177,0.68426513671875,0.6231884360313416,0.6842175722122192
australian,4,sampler,sgd,0.005,2,1318,0.52173912525177,0.6843520402908325,0.6231884360313416,0.6841564178466797
australian,4,sampler,sgd,0.005,3,1360,0.52173912525177,0.6844066381454468,0.6231884360313416,0.6841444969177246
australian,4,sampler,sgd,0.005,4,1402,0.52173912525177,0.6844180226325989,0.6231884360313416,0.6841301918029785
australian,4,sampler,sgd,0.005,5,1444,0.52173912525177,0.6843879222869873,0.6231884360313416,0.6841542720794678
australian,4,sampler,sgd,0.01,1,1276,0.52173912525177,0.6842678785324097,0.6231884360313416,0.6842154860496521
australian,4,sampler,sgd,0.01,2,1318,0.52173912525177,0.684353232383728,0.6231884360313416,0.6841556429862976
australian,4,sampler,sgd,0.01,3,1360,0.52173912525177,0.6844066381454468,0.6231884360313416,0.6841439008712769
australian,4,sampler,sgd,0.01,4,1402,0.52173912525177,0.6844178438186646,0.6231884360313416,0.6841297149658203
australian,4,sampler,sgd,0.01,5,1444,0.52173912525177,0.6843883991241455,0.6231884360313416,0.6841536164283752
australian,4,sampler,sgd,0.05,1,1276,0.52173912525177,0.6842876076698303,0.6231884360313416,0.6842002272605896
australian,4,sampler,sgd,0.05,2,1318,0.52173912525177,0.6843612790107727,0.6231884360313416,0.6841495633125305
australian,4,sampler,sgd,0.05,3,1360,0.52173912525177,0.6844068765640259,0.6231884360313416,0.6841388940811157
australian,4,sampler,sgd,0.05,4,1402,0.52173912525177,0.6844170689582825,0.6231884360313416,0.6841274499893188
australian,4,sampler,sgd,0.05,5,1444,0.52173912525177,0.6843913793563843,0.6231884360313416,0.6841486096382141
australian,4,sampler,sgd,0.1,1,1276,0.52173912525177,0.6843079924583435,0.6231884360313416,0.6841847896575928
australian,4,sampler,sgd,0.1,2,1318,0.52173912525177,0.6843699216842651,0.6231884360313416,0.6841435432434082
australian,4,sampler,sgd,0.1,3,1360,0.52173912525177,0.684407114982605,0.6231884360313416,0.684133768081665
australian,4,sampler,sgd,0.1,4,1402,0.52173912525177,0.6844164133071899,0.6231884360313416,0.6841251254081726
australian,4,sampler,sgd,0.1,5,1444,0.52173912525177,0.6843944787979126,0.6231884360313416,0.6841432452201843
australian,8,ffnn_0layer,adam,0.001,1,1276,0.9130434989929199,0.5422483682632446,0.8550724983215332,0.5853082537651062
australian,8,ffnn_0layer,adam,0.001,2,1318,0.9130434989929199,0.5426058173179626,0.8550724983215332,0.5857003927230835
australian,8,ffnn_0layer,adam,0.001,3,1360,0.9130434989929199,0.5419402718544006,0.8550724983215332,0.586675226688385
australian,8,ffnn_0layer,adam,0.001,4,1402,0.9130434989929199,0.5423126816749573,0.8550724983215332,0.5854660272598267
australian,8,ffnn_0layer,adam,0.001,5,1444,0.9130434989929199,0.5424193143844604,0.8550724983215332,0.5857077240943909
australian,8,ffnn_0layer,adam,0.005,1,1276,0.9130434989929199,0.5424051880836487,0.8550724983215332,0.585270881652832
australian,8,ffnn_0layer,adam,0.005,2,1318,0.9130434989929199,0.5424187183380127,0.8550724983215332,0.5852756500244141
australian,8,ffnn_0layer,adam,0.005,3,1360,0.9130434989929199,0.5424043536186218,0.8550724983215332,0.5852579474449158
australian,8,ffnn_0layer,adam,0.005,4,1402,0.9130434989929199,0.5424795746803284,0.8550724983215332,0.5852569937705994
australian,8,ffnn_0layer,adam,0.005,5,1444,0.9130434989929199,0.542436420917511,0.8550724983215332,0.5852570533752441
australian,8,ffnn_0layer,adam,0.01,1,1276,0.9130434989929199,0.5422705411911011,0.8550724983215332,0.5852957963943481
australian,8,ffnn_0layer,adam,0.01,2,1318,0.9130434989929199,0.5422892570495605,0.8550724983215332,0.5852672457695007
australian,8,ffnn_0layer,adam,0.01,3,1360,0.9130434989929199,0.5422744750976562,0.8550724983215332,0.5852569341659546
australian,8,ffnn_0layer,adam,0.01,4,1402,0.9130434989929199,0.5423133373260498,0.8550724983215332,0.585257887840271
australian,8,ffnn_0layer,adam,0.01,5,1444,0.9130434989929199,0.5422812700271606,0.8550724983215332,0.5852569937705994
australian,8,ffnn_0layer,adam,0.05,1,1276,0.9130434989929199,0.5422054529190063,0.8550724983215332,0.585257351398468
australian,8,ffnn_0layer,adam,0.05,2,1318,0.9130434989929199,0.5422248244285583,0.8550724983215332,0.5852848887443542
australian,8,ffnn_0layer,adam,0.05,3,1360,0.9130434989929199,0.5422247052192688,0.8550724983215332,0.5852571129798889
australian,8,ffnn_0layer,adam,0.05,4,1402,0.9130434989929199,0.5421743988990784,0.8550724983215332,0.5853156447410583
australian,8,ffnn_0layer,adam,0.05,5,1444,0.9130434989929199,0.5422130823135376,0.8550724983215332,0.5852599143981934
australian,8,ffnn_0layer,adam,0.1,1,1276,0.9130434989929199,0.542230486869812,0.8550724983215332,0.5853587985038757
australian,8,ffnn_0layer,adam,0.1,2,1318,0.9130434989929199,0.5422173142433167,0.8550724983215332,0.5852618217468262
australian,8,ffnn_0layer,adam,0.1,3,1360,0.9130434989929199,0.5422547459602356,0.8550724983215332,0.5853785276412964
australian,8,ffnn_0layer,adam,0.1,4,1402,0.9130434989929199,0.5420894622802734,0.8550724983215332,0.5855597257614136
australian,8,ffnn_0layer,adam,0.1,5,1444,0.9130434989929199,0.5422018766403198,0.8550724983215332,0.5852575898170471
australian,8,ffnn_0layer,sgd,0.001,1,1276,0.9130434989929199,0.5418353080749512,0.8550724983215332,0.586675226688385
australian,8,ffnn_0layer,sgd,0.001,2,1318,0.8985507488250732,0.5452451109886169,0.8550724983215332,0.5866966843605042
australian,8,ffnn_0layer,sgd,0.001,3,1360,0.9130434989929199,0.5423262119293213,0.8550724983215332,0.5865703821182251
australian,8,ffnn_0layer,sgd,0.001,4,1402,0.9130434989929199,0.5417490601539612,0.8550724983215332,0.5867840051651001
australian,8,ffnn_0layer,sgd,0.001,5,1444,0.8985507488250732,0.5476626753807068,0.8550724983215332,0.5868322849273682
australian,8,ffnn_0layer,sgd,0.005,1,1276,0.9130434989929199,0.5418275594711304,0.8550724983215332,0.586674690246582
australian,8,ffnn_0layer,sgd,0.005,2,1318,0.8985507488250732,0.5450828671455383,0.8550724983215332,0.5866936445236206
australian,8,ffnn_0layer,sgd,0.005,3,1360,0.9130434989929199,0.542324960231781,0.8550724983215332,0.5865700244903564
australian,8,ffnn_0layer,sgd,0.005,4,1402,0.9130434989929199,0.5417398810386658,0.8550724983215332,0.5867739319801331
australian,8,ffnn_0layer,sgd,0.005,5,1444,0.8985507488250732,0.5474537014961243,0.8550724983215332,0.5867956280708313
australian,8,ffnn_0layer,sgd,0.01,1,1276,0.9130434989929199,0.5418189167976379,0.8550724983215332,0.5866739153862
australian,8,ffnn_0layer,sgd,0.01,2,1318,0.8985507488250732,0.544894278049469,0.8550724983215332,0.5866905450820923
australian,8,ffnn_0layer,sgd,0.01,3,1360,0.9130434989929199,0.5423237085342407,0.8550724983215332,0.5865694880485535
australian,8,ffnn_0layer,sgd,0.01,4,1402,0.9130434989929199,0.541729748249054,0.8550724983215332,0.5867629647254944
australian,8,ffnn_0layer,sgd,0.01,5,1444,0.8985507488250732,0.5471913814544678,0.8550724983215332,0.5867592692375183
australian,8,ffnn_0layer,sgd,0.05,1,1276,0.9130434989929199,0.5417706370353699,0.8550724983215332,0.5866693258285522
australian,8,ffnn_0layer,sgd,0.05,2,1318,0.9130434989929199,0.5438312292098999,0.8550724983215332,0.5866751670837402
australian,8,ffnn_0layer,sgd,0.05,3,1360,0.9130434989929199,0.5423167943954468,0.8550724983215332,0.5865657925605774
australian,8,ffnn_0layer,sgd,0.05,4,1402,0.9130434989929199,0.54169100522995,0.8550724983215332,0.5867164731025696
australian,8,ffnn_0layer,sgd,0.05,5,1444,0.8985507488250732,0.5451689958572388,0.8550724983215332,0.5866374969482422
australian,8,ffnn_0layer,sgd,0.1,1,1276,0.9130434989929199,0.5417397618293762,0.8550724983215332,0.5866642594337463
australian,8,ffnn_0layer,sgd,0.1,2,1318,0.9130434989929199,0.543201208114624,0.8550724983215332,0.5866673588752747
australian,8,ffnn_0layer,sgd,0.1,3,1360,0.9130434989929199,0.5423147082328796,0.8550724983215332,0.5865618586540222
australian,8,ffnn_0layer,sgd,0.1,4,1402,0.9130434989929199,0.5416907668113708,0.8550724983215332,0.5866994261741638
australian,8,ffnn_0layer,sgd,0.1,5,1444,0.9130434989929199,0.5435673594474792,0.8550724983215332,0.586605966091156
australian,8,sampler,adam,0.001,1,1276,0.9130434989929199,0.5438145995140076,0.8550724983215332,0.5865712761878967
australian,8,sampler,adam,0.001,2,1318,0.9130434989929199,0.5425363779067993,0.8550724983215332,0.5864847898483276
australian,8,sampler,adam,0.001,3,1360,0.9130434989929199,0.5433221459388733,0.8550724983215332,0.586551308631897
australian,8,sampler,adam,0.001,4,1402,0.9130434989929199,0.5438088178634644,0.8550724983215332,0.5866551399230957
australian,8,sampler,adam,0.001,5,1444,0.8840579986572266,0.5503426194190979,0.8550724983215332,0.5867749452590942
australian,8,sampler,adam,0.005,1,1276,0.9130434989929199,0.5426908731460571,0.8550724983215332,0.5852580666542053
australian,8,sampler,adam,0.005,2,1318,0.9130434989929199,0.5426308512687683,0.8550724983215332,0.5852797627449036
australian,8,sampler,adam,0.005,3,1360,0.9130434989929199,0.5426197052001953,0.8550724983215332,0.585257351398468
australian,8,sampler,adam,0.005,4,1402,0.9130434989929199,0.5427415370941162,0.8550724983215332,0.5852574706077576
australian,8,sampler,adam,0.005,5,1444,0.9130434989929199,0.5426047444343567,0.8550724983215332,0.585257887840271
australian,8,sampler,adam,0.01,1,1276,0.9130434989929199,0.5424126982688904,0.8550724983215332,0.5852705836296082
australian,8,sampler,adam,0.01,2,1318,0.9130434989929199,0.5424020886421204,0.8550724983215332,0.5852757096290588
australian,8,sampler,adam,0.01,3,1360,0.9130434989929199,0.5423715114593506,0.8550724983215332,0.5852579474449158
australian,8,sampler,adam,0.01,4,1402,0.9130434989929199,0.5424980521202087,0.8550724983215332,0.5852569341659546
australian,8,sampler,adam,0.01,5,1444,0.9130434989929199,0.5423920750617981,0.8550724983215332,0.5852570533752441
australian,8,sampler,adam,0.05,1,1276,0.9130434989929199,0.5422228574752808,0.8550724983215332,0.585286021232605
australian,8,sampler,adam,0.05,2,1318,0.9130434989929199,0.5422415137290955,0.8550724983215332,0.5852807760238647
australian,8,sampler,adam,0.05,3,1360,0.9130434989929199,0.5422326326370239,0.8550724983215332,0.585256814956665
australian,8,sampler,adam,0.05,4,1402,0.9130434989929199,0.542219340801239,0.8550724983215332,0.5852643847465515
australian,8,sampler,adam,0.05,5,1444,0.9130434989929199,0.5422325134277344,0.8550724983215332,0.5852639079093933
australian,8,sampler,adam,0.1,1,1276,0.9130434989929199,0.5422053933143616,0.8550724983215332,0.585257351398468
australian,8,sampler,adam,0.1,2,1318,0.9130434989929199,0.5422245860099792,0.8550724983215332,0.5852848887443542
australian,8,sampler,adam,0.1,3,1360,0.9130434989929199,0.5422248244285583,0.8550724983215332,0.5852571129798889
australian,8,sampler,adam,0.1,4,1402,0.9130434989929199,0.5421743988990784,0.8550724983215332,0.5853156447410583
australian,8,sampler,adam,0.1,5,1444,0.9130434989929199,0.5422124862670898,0.8550724983215332,0.5852599143981934
australian,8,sampler,sgd,0.001,1,1276,0.8985507488250732,0.5491337776184082,0.8550724983215332,0.5865726470947266
australian,8,sampler,sgd,0.001,2,1318,0.8985507488250732,0.5457870364189148,0.8550724983215332,0.5867266654968262
australian,8,sampler,sgd,0.001,3,1360,0.9130434989929199,0.5436000227928162,0.8550724983215332,0.5865198373794556
australian,8,sampler,sgd,0.001,4,1402,0.8985507488250732,0.5489650368690491,0.8550724983215332,0.5865998268127441
australian,8,sampler,sgd,0.001,5,1444,0.8840579986572266,0.5545682907104492,0.8550724983215332,0.5873628258705139
australian,8,sampler,sgd,0.005,1,1276,0.8985507488250732,0.5490320324897766,0.8550724983215332,0.5865693688392639
australian,8,sampler,sgd,0.005,2,1318,0.8985507488250732,0.545681357383728,0.8550724983215332,0.5867244601249695
australian,8,sampler,sgd,0.005,3,1360,0.9130434989929199,0.5435810089111328,0.8550724983215332,0.5865200161933899
australian,8,sampler,sgd,0.005,4,1402,0.8985507488250732,0.5488646626472473,0.8550724983215332,0.5865979194641113
australian,8,sampler,sgd,0.005,5,1444,0.8840579986572266,0.5544023513793945,0.8550724983215332,0.5872889161109924
australian,8,sampler,sgd,0.01,1,1276,0.8985507488250732,0.5489085912704468,0.8550724983215332,0.5865658521652222
australian,8,sampler,sgd,0.01,2,1318,0.8985507488250732,0.54555344581604,0.8550724983215332,0.586722195148468
australian,8,sampler,sgd,0.01,3,1360,0.9130434989929199,0.543556809425354,0.8550724983215332,0.5865203142166138
australian,8,sampler,sgd,0.01,4,1402,0.8985507488250732,0.5487420558929443,0.8550724983215332,0.5865955352783203
australian,8,sampler,sgd,0.01,5,1444,0.8840579986572266,0.5541988611221313,0.8550724983215332,0.5872081518173218
australian,8,sampler,sgd,0.05,1,1276,0.8985507488250732,0.5480080842971802,0.8550724983215332,0.5865467190742493
australian,8,sampler,sgd,0.05,2,1318,0.9130434989929199,0.544681191444397,0.8550724983215332,0.5867094993591309
australian,8,sampler,sgd,0.05,3,1360,0.9130434989929199,0.5433981418609619,0.8550724983215332,0.5865224599838257
australian,8,sampler,sgd,0.05,4,1402,0.8985507488250732,0.5478516817092896,0.8550724983215332,0.5865824222564697
australian,8,sampler,sgd,0.05,5,1444,0.8840579986572266,0.5526096224784851,0.8550724983215332,0.5868444442749023
australian,8,sampler,sgd,0.1,1,1276,0.8985507488250732,0.5470312833786011,0.8550724983215332,0.5865354537963867
australian,8,sampler,sgd,0.1,2,1318,0.9130434989929199,0.543918788433075,0.8550724983215332,0.5867019295692444
australian,8,sampler,sgd,0.1,3,1360,0.9130434989929199,0.5432577729225159,0.8550724983215332,0.5865246057510376
australian,8,sampler,sgd,0.1,4,1402,0.8985507488250732,0.5469112396240234,0.8550724983215332,0.5865741968154907
australian,8,sampler,sgd,0.1,5,1444,0.8840579986572266,0.5506333708763123,0.8550724983215332,0.5866870880126953
australian,12,ffnn_0layer,adam,0.001,1,1276,0.9275362491607666,0.5378717184066772,0.8260869979858398,0.583636462688446
australian,12,ffnn_0layer,adam,0.001,2,1318,0.9130434989929199,0.5403282046318054,0.8260869979858398,0.5832233428955078
australian,12,ffnn_0layer,adam,0.001,3,1360,0.9275362491607666,0.537619411945343,0.8260869979858398,0.5832602381706238
australian,12,ffnn_0layer,adam,0.001,4,1402,0.9130434989929199,0.5402939319610596,0.8260869979858398,0.5836029052734375
australian,12,ffnn_0layer,adam,0.001,5,1444,0.9275362491607666,0.5375690460205078,0.8260869979858398,0.5834778547286987
australian,12,ffnn_0layer,adam,0.005,1,1276,0.9275362491607666,0.5378437042236328,0.8260869979858398,0.58393394947052
australian,12,ffnn_0layer,adam,0.005,2,1318,0.9275362491607666,0.5378384590148926,0.8260869979858398,0.5839474201202393
australian,12,ffnn_0layer,adam,0.005,3,1360,0.9275362491607666,0.5378898978233337,0.8260869979858398,0.5839055776596069
australian,12,ffnn_0layer,adam,0.005,4,1402,0.9275362491607666,0.5377554297447205,0.8260869979858398,0.5839832425117493
australian,12,ffnn_0layer,adam,0.005,5,1444,0.9275362491607666,0.5378299355506897,0.8260869979858398,0.5838375091552734
australian,12,ffnn_0layer,adam,0.01,1,1276,0.9275362491607666,0.5380546450614929,0.8260869979858398,0.5840066075325012
australian,12,ffnn_0layer,adam,0.01,2,1318,0.9275362491607666,0.5380189418792725,0.8260869979858398,0.5839610695838928
australian,12,ffnn_0layer,adam,0.01,3,1360,0.9275362491607666,0.53814297914505,0.8260869979858398,0.5839772820472717
australian,12,ffnn_0layer,adam,0.01,4,1402,0.9275362491607666,0.5379445552825928,0.8260869979858398,0.584109365940094
australian,12,ffnn_0layer,adam,0.01,5,1444,0.9275362491607666,0.5379821062088013,0.8260869979858398,0.5838682651519775
australian,12,ffnn_0layer,adam,0.05,1,1276,0.9275362491607666,0.5383662581443787,0.8260869979858398,0.5839017629623413
australian,12,ffnn_0layer,adam,0.05,2,1318,0.9275362491607666,0.5380405187606812,0.8260869979858398,0.5840923190116882
australian,12,ffnn_0layer,adam,0.05,3,1360,0.9130434989929199,0.5385615825653076,0.8260869979858398,0.5841693878173828
australian,12,ffnn_0layer,adam,0.05,4,1402,0.9275362491607666,0.538375198841095,0.8260869979858398,0.5842220187187195
australian,12,ffnn_0layer,adam,0.05,5,1444,0.9275362491607666,0.5381307005882263,0.8260869979858398,0.5841036438941956
australian,12,ffnn_0layer,adam,0.1,1,1276,0.9275362491607666,0.5382615923881531,0.8260869979858398,0.5840398669242859
australian,12,ffnn_0layer,adam,0.1,2,1318,0.9130434989929199,0.539964497089386,0.8260869979858398,0.5840732455253601
australian,12,ffnn_0layer,adam,0.1,3,1360,0.9130434989929199,0.5386313796043396,0.8260869979858398,0.5841057300567627
australian,12,ffnn_0layer,adam,0.1,4,1402,0.9275362491607666,0.5383933186531067,0.8260869979858398,0.5843847393989563
australian,12,ffnn_0layer,adam,0.1,5,1444,0.9275362491607666,0.5384237766265869,0.8260869979858398,0.5839152932167053
australian,12,ffnn_0layer,sgd,0.001,1,1276,0.9130434989929199,0.5398701429367065,0.8260869979858398,0.5824569463729858
australian,12,ffnn_0layer,sgd,0.001,2,1318,0.9130434989929199,0.541403591632843,0.8260869979858398,0.5823678374290466
australian,12,ffnn_0layer,sgd,0.001,3,1360,0.9275362491607666,0.5382996797561646,0.8260869979858398,0.5823895931243896
australian,12,ffnn_0layer,sgd,0.001,4,1402,0.9130434989929199,0.5425410866737366,0.8115942478179932,0.5856014490127563
australian,12,ffnn_0layer,sgd,0.001,5,1444,0.9130434989929199,0.540340781211853,0.8260869979858398,0.5846418738365173
australian,12,ffnn_0layer,sgd,0.005,1,1276,0.9130434989929199,0.5398903489112854,0.8260869979858398,0.5824510455131531
australian,12,ffnn_0layer,sgd,0.005,2,1318,0.9130434989929199,0.5414167642593384,0.8260869979858398,0.5823689103126526
australian,12,ffnn_0layer,sgd,0.005,3,1360,0.9275362491607666,0.5381650328636169,0.8260869979858398,0.5823833346366882
australian,12,ffnn_0layer,sgd,0.005,4,1402,0.9130434989929199,0.5425348877906799,0.8115942478179932,0.5855122208595276
australian,12,ffnn_0layer,sgd,0.005,5,1444,0.9130434989929199,0.5402123928070068,0.8260869979858398,0.5846382975578308
australian,12,ffnn_0layer,sgd,0.01,1,1276,0.9130434989929199,0.5398892164230347,0.8260869979858398,0.5824489593505859
australian,12,ffnn_0layer,sgd,0.01,2,1318,0.9130434989929199,0.5414330959320068,0.8260869979858398,0.582370400428772
australian,12,ffnn_0layer,sgd,0.01,3,1360,0.9275362491607666,0.5380131602287292,0.8260869979858398,0.5823771357536316
australian,12,ffnn_0layer,sgd,0.01,4,1402,0.9130434989929199,0.5425278544425964,0.8115942478179932,0.5854028463363647
australian,12,ffnn_0layer,sgd,0.01,5,1444,0.9130434989929199,0.540058434009552,0.8260869979858398,0.5846320390701294
australian,12,ffnn_0layer,sgd,0.05,1,1276,0.9130434989929199,0.5399620532989502,0.8260869979858398,0.5824769735336304
australian,12,ffnn_0layer,sgd,0.05,2,1318,0.9130434989929199,0.5415491461753845,0.8260869979858398,0.5823879837989807
australian,12,ffnn_0layer,sgd,0.05,3,1360,0.9275362491607666,0.5372762680053711,0.8260869979858398,0.5823604464530945
australian,12,ffnn_0layer,sgd,0.05,4,1402,0.9130434989929199,0.5424861907958984,0.8260869979858398,0.5846749544143677
australian,12,ffnn_0layer,sgd,0.05,5,1444,0.9130434989929199,0.5390733480453491,0.8260869979858398,0.5845721960067749
australian,12,ffnn_0layer,sgd,0.1,1,1276,0.9130434989929199,0.5400604605674744,0.8260869979858398,0.5825953483581543
australian,12,ffnn_0layer,sgd,0.1,2,1318,0.9130434989929199,0.5416653156280518,0.8260869979858398,0.5824161767959595
australian,12,ffnn_0layer,sgd,0.1,3,1360,0.9275362491607666,0.5369447469711304,0.8260869979858398,0.5823710560798645
australian,12,ffnn_0layer,sgd,0.1,4,1402,0.9130434989929199,0.5424513220787048,0.8260869979858398,0.5840981602668762
australian,12,ffnn_0layer,sgd,0.1,5,1444,0.9275362491607666,0.5383942127227783,0.8260869979858398,0.5844810605049133
australian,12,sampler,adam,0.001,1,1276,0.9130434989929199,0.5396475791931152,0.8115942478179932,0.586853563785553
australian,12,sampler,adam,0.001,2,1318,0.9130434989929199,0.5389618873596191,0.8115942478179932,0.5868822336196899
australian,12,sampler,adam,0.001,3,1360,0.9130434989929199,0.5412703156471252,0.8115942478179932,0.5854341387748718
australian,12,sampler,adam,0.001,4,1402,0.9130434989929199,0.5400326251983643,0.8115942478179932,0.5864428281784058
australian,12,sampler,adam,0.001,5,1444,0.9130434989929199,0.5422239303588867,0.8115942478179932,0.5872592329978943
australian,12,sampler,adam,0.005,1,1276,0.9275362491607666,0.5375394225120544,0.8260869979858398,0.5837787389755249
australian,12,sampler,adam,0.005,2,1318,0.9275362491607666,0.5375381708145142,0.8260869979858398,0.5838208794593811
australian,12,sampler,adam,0.005,3,1360,0.9275362491607666,0.5376377701759338,0.8260869979858398,0.5837511420249939
australian,12,sampler,adam,0.005,4,1402,0.9275362491607666,0.5374652147293091,0.8260869979858398,0.5838187336921692
australian,12,sampler,adam,0.005,5,1444,0.9275362491607666,0.5374305844306946,0.8260869979858398,0.5837035775184631
australian,12,sampler,adam,0.01,1,1276,0.9275362491607666,0.5378519892692566,0.8260869979858398,0.5839266777038574
australian,12,sampler,adam,0.01,2,1318,0.9275362491607666,0.5377944707870483,0.8260869979858398,0.5839399695396423
australian,12,sampler,adam,0.01,3,1360,0.9275362491607666,0.5378980040550232,0.8260869979858398,0.58390212059021
australian,12,sampler,adam,0.01,4,1402,0.9275362491607666,0.5376750230789185,0.8260869979858398,0.5839829444885254
australian,12,sampler,adam,0.01,5,1444,0.9275362491607666,0.5378119349479675,0.8260869979858398,0.5838202834129333
australian,12,sampler,adam,0.05,1,1276,0.9275362491607666,0.5382001996040344,0.8260869979858398,0.5840691328048706
australian,12,sampler,adam,0.05,2,1318,0.9275362491607666,0.5380787253379822,0.8260869979858398,0.5840410590171814
australian,12,sampler,adam,0.05,3,1360,0.9275362491607666,0.5384082794189453,0.8260869979858398,0.584109902381897
australian,12,sampler,adam,0.05,4,1402,0.9275362491607666,0.5382587313652039,0.8260869979858398,0.5841493010520935
australian,12,sampler,adam,0.05,5,1444,0.9275362491607666,0.5379325151443481,0.8260869979858398,0.5840516686439514
australian,12,sampler,adam,0.1,1,1276,0.9275362491607666,0.5383660793304443,0.8260869979858398,0.5839017629623413
australian,12,sampler,adam,0.1,2,1318,0.9275362491607666,0.5380405187606812,0.8260869979858398,0.5840923190116882
australian,12,sampler,adam,0.1,3,1360,0.9130434989929199,0.5385615825653076,0.8260869979858398,0.5841693878173828
australian,12,sampler,adam,0.1,4,1402,0.9275362491607666,0.5383749008178711,0.8260869979858398,0.5842220187187195
australian,12,sampler,adam,0.1,5,1444,0.9275362491607666,0.5381317734718323,0.8260869979858398,0.5841036438941956
australian,12,sampler,sgd,0.001,1,1276,0.9130434989929199,0.5425896644592285,0.8115942478179932,0.5877506136894226
australian,12,sampler,sgd,0.001,2,1318,0.9130434989929199,0.542432963848114,0.8115942478179932,0.5877885222434998
australian,12,sampler,sgd,0.001,3,1360,0.9130434989929199,0.5426300168037415,0.8115942478179932,0.5873246192932129
australian,12,sampler,sgd,0.001,4,1402,0.9130434989929199,0.5426027178764343,0.8115942478179932,0.5877392888069153
australian,12,sampler,sgd,0.001,5,1444,0.9130434989929199,0.5435134768486023,0.8115942478179932,0.5884777307510376
australian,12,sampler,sgd,0.005,1,1276,0.9130434989929199,0.5425758957862854,0.8115942478179932,0.587746798992157
australian,12,sampler,sgd,0.005,2,1318,0.9130434989929199,0.5424166917800903,0.8115942478179932,0.5877859592437744
australian,12,sampler,sgd,0.005,3,1360,0.9130434989929199,0.5426235795021057,0.8115942478179932,0.5873180031776428
australian,12,sampler,sgd,0.005,4,1402,0.9130434989929199,0.5425933003425598,0.8115942478179932,0.5877354145050049
australian,12,sampler,sgd,0.005,5,1444,0.9130434989929199,0.5434346795082092,0.8115942478179932,0.5884080529212952
australian,12,sampler,sgd,0.01,1,1276,0.9130434989929199,0.5425585508346558,0.8115942478179932,0.5877420902252197
australian,12,sampler,sgd,0.01,2,1318,0.9130434989929199,0.5423957705497742,0.8115942478179932,0.5877829194068909
australian,12,sampler,sgd,0.01,3,1360,0.9130434989929199,0.5426157712936401,0.8115942478179932,0.5873093008995056
australian,12,sampler,sgd,0.01,4,1402,0.9130434989929199,0.5425815582275391,0.8115942478179932,0.587730884552002
australian,12,sampler,sgd,0.01,5,1444,0.9130434989929199,0.5433470606803894,0.8115942478179932,0.5883311629295349
australian,12,sampler,sgd,0.05,1,1276,0.9130434989929199,0.5424045324325562,0.8115942478179932,0.5877119898796082
australian,12,sampler,sgd,0.05,2,1318,0.9130434989929199,0.5422110557556152,0.8115942478179932,0.5877628922462463
australian,12,sampler,sgd,0.05,3,1360,0.9130434989929199,0.5425510406494141,0.8115942478179932,0.5872411131858826
australian,12,sampler,sgd,0.05,4,1402,0.9130434989929199,0.5424768328666687,0.8115942478179932,0.58769690990448
australian,12,sampler,sgd,0.05,5,1444,0.9130434989929199,0.542904794216156,0.8115942478179932,0.5879682302474976
australian,12,sampler,sgd,0.1,1,1276,0.9130434989929199,0.5421657562255859,0.8115942478179932,0.5876820087432861
australian,12,sampler,sgd,0.1,2,1318,0.9130434989929199,0.541935920715332,0.8115942478179932,0.587742805480957
australian,12,sampler,sgd,0.1,3,1360,0.9130434989929199,0.5424633026123047,0.8115942478179932,0.587154746055603
australian,12,sampler,sgd,0.1,4,1402,0.9130434989929199,0.5423123836517334,0.8115942478179932,0.5876547694206238
australian,12,sampler,sgd,0.1,5,1444,0.9130434989929199,0.5426047444343567,0.8115942478179932,0.5877941846847534
lymph,4,ffnn_0layer,adam,0.001,1,1276,0.8000000715255737,0.6273025870323181,0.5714285969734192,0.6740686297416687
lymph,4,ffnn_0layer,adam,0.001,2,1318,0.8000000715255737,0.6273322701454163,0.5714285969734192,0.6740937829017639
lymph,4,ffnn_0layer,adam,0.001,3,1360,0.8000000715255737,0.6273508667945862,0.5714285969734192,0.6741318106651306
lymph,4,ffnn_0layer,adam,0.001,4,1402,0.8000000715255737,0.6272986531257629,0.5714285969734192,0.6740778684616089
lymph,4,ffnn_0layer,adam,0.001,5,1444,0.8000000715255737,0.6273019909858704,0.5714285969734192,0.6740723848342896
lymph,4,ffnn_0layer,adam,0.005,1,1276,0.8000000715255737,0.6272817850112915,0.5714285969734192,0.6740731596946716
lymph,4,ffnn_0layer,adam,0.005,2,1318,0.8000000715255737,0.6272839903831482,0.5714285969734192,0.6740717887878418
lymph,4,ffnn_0layer,adam,0.005,3,1360,0.8000000715255737,0.62728351354599,0.5714285969734192,0.6740735173225403
lymph,4,ffnn_0layer,adam,0.005,4,1402,0.8000000715255737,0.6272830963134766,0.5714285969734192,0.6740714311599731
lymph,4,ffnn_0layer,adam,0.005,5,1444,0.8000000715255737,0.627281904220581,0.5714285969734192,0.6740731596946716
lymph,4,ffnn_0layer,adam,0.01,1,1276,0.8000000715255737,0.6272799372673035,0.5714285969734192,0.6740722060203552
lymph,4,ffnn_0layer,adam,0.01,2,1318,0.8000000715255737,0.6272808313369751,0.5714285969734192,0.6740718483924866
lymph,4,ffnn_0layer,adam,0.01,3,1360,0.8000000715255737,0.6272806525230408,0.5714285969734192,0.6740716695785522
lymph,4,ffnn_0layer,adam,0.01,4,1402,0.8000000715255737,0.6272814273834229,0.5714285969734192,0.6740713119506836
lymph,4,ffnn_0layer,adam,0.01,5,1444,0.8000000715255737,0.6272802948951721,0.5714285969734192,0.6740720868110657
lymph,4,ffnn_0layer,adam,0.05,1,1276,0.8000000715255737,0.62727952003479,0.5714285969734192,0.6740721464157104
lymph,4,ffnn_0layer,adam,0.05,2,1318,0.8000000715255737,0.62727952003479,0.5714285969734192,0.6740722060203552
lymph,4,ffnn_0layer,adam,0.05,3,1360,0.8000000715255737,0.6272794604301453,0.5714285969734192,0.6740720868110657
lymph,4,ffnn_0layer,adam,0.05,4,1402,0.8000000715255737,0.62727952003479,0.5714285969734192,0.6740718483924866
lymph,4,ffnn_0layer,adam,0.05,5,1444,0.8000000715255737,0.6272795796394348,0.5714285969734192,0.6740720868110657
lymph,4,ffnn_0layer,adam,0.1,1,1276,0.8000000715255737,0.62727952003479,0.5714285969734192,0.6740721464157104
lymph,4,ffnn_0layer,adam,0.1,2,1318,0.8000000715255737,0.6272794604301453,0.5714285969734192,0.6740719079971313
lymph,4,ffnn_0layer,adam,0.1,3,1360,0.8000000715255737,0.6272794604301453,0.5714285969734192,0.6740722060203552
lymph,4,ffnn_0layer,adam,0.1,4,1402,0.8000000715255737,0.6272793412208557,0.5714285969734192,0.6740719676017761
lymph,4,ffnn_0layer,adam,0.1,5,1444,0.8000000715255737,0.62727952003479,0.5714285969734192,0.6740718483924866
lymph,4,ffnn_0layer,sgd,0.001,1,1276,0.8000000715255737,0.6273228526115417,0.5714285969734192,0.6740610003471375
lymph,4,ffnn_0layer,sgd,0.001,2,1318,0.8000000715255737,0.627467691898346,0.5714285969734192,0.6741575598716736
lymph,4,ffnn_0layer,sgd,0.001,3,1360,0.8000000715255737,0.6275188326835632,0.5714285969734192,0.6742486357688904
lymph,4,ffnn_0layer,sgd,0.001,4,1402,0.8000000715255737,0.6273151636123657,0.5714285969734192,0.6740881204605103
lymph,4,ffnn_0layer,sgd,0.001,5,1444,0.8000000715255737,0.627321183681488,0.5714285969734192,0.6740689873695374
lymph,4,ffnn_0layer,sgd,0.005,1,1276,0.8000000715255737,0.6273227334022522,0.5714285969734192,0.6740610003471375
lymph,4,ffnn_0layer,sgd,0.005,2,1318,0.8000000715255737,0.6274599432945251,0.5714285969734192,0.6741538047790527
lymph,4,ffnn_0layer,sgd,0.005,3,1360,0.8000000715255737,0.6275103688240051,0.5714285969734192,0.6742439866065979
lymph,4,ffnn_0layer,sgd,0.005,4,1402,0.8000000715255737,0.6273147463798523,0.5714285969734192,0.6740880608558655
lymph,4,ffnn_0layer,sgd,0.005,5,1444,0.8000000715255737,0.6273210048675537,0.5714285969734192,0.6740689873695374
lymph,4,ffnn_0layer,sgd,0.01,1,1276,0.8000000715255737,0.6273226141929626,0.5714285969734192,0.674061119556427
lymph,4,ffnn_0layer,sgd,0.01,2,1318,0.8000000715255737,0.6274510025978088,0.5714285969734192,0.6741494536399841
lymph,4,ffnn_0layer,sgd,0.01,3,1360,0.8000000715255737,0.6275004148483276,0.5714285969734192,0.6742385029792786
lymph,4,ffnn_0layer,sgd,0.01,4,1402,0.8000000715255737,0.6273144483566284,0.5714285969734192,0.6740879416465759
lymph,4,ffnn_0layer,sgd,0.01,5,1444,0.8000000715255737,0.6273207068443298,0.5714285969734192,0.6740689873695374
lymph,4,ffnn_0layer,sgd,0.05,1,1276,0.8000000715255737,0.6273216605186462,0.5714285969734192,0.6740613579750061
lymph,4,ffnn_0layer,sgd,0.05,2,1318,0.8000000715255737,0.6273964047431946,0.5714285969734192,0.6741233468055725
lymph,4,ffnn_0layer,sgd,0.05,3,1360,0.8000000715255737,0.6274403929710388,0.5714285969734192,0.6742048263549805
lymph,4,ffnn_0layer,sgd,0.05,4,1402,0.8000000715255737,0.6273117065429688,0.5714285969734192,0.6740866303443909
lymph,4,ffnn_0layer,sgd,0.05,5,1444,0.8000000715255737,0.6273190379142761,0.5714285969734192,0.6740692257881165
lymph,4,ffnn_0layer,sgd,0.1,1,1276,0.8000000715255737,0.6273204684257507,0.5714285969734192,0.6740618944168091
lymph,4,ffnn_0layer,sgd,0.1,2,1318,0.8000000715255737,0.627356231212616,0.5714285969734192,0.6741040349006653
lymph,4,ffnn_0layer,sgd,0.1,3,1360,0.8000000715255737,0.6273956894874573,0.5714285969734192,0.6741786003112793
lymph,4,ffnn_0layer,sgd,0.1,4,1402,0.8000000715255737,0.62730872631073,0.5714285969734192,0.6740850806236267
lymph,4,ffnn_0layer,sgd,0.1,5,1444,0.8000000715255737,0.6273167729377747,0.5714285969734192,0.6740694642066956
lymph,4,sampler,adam,0.001,1,1276,0.8000000715255737,0.6272986531257629,0.5714285969734192,0.6741129755973816
lymph,4,sampler,adam,0.001,2,1318,0.8000000715255737,0.627341091632843,0.5714285969734192,0.6740978956222534
lymph,4,sampler,adam,0.001,3,1360,0.8000000715255737,0.6272776126861572,0.5714285969734192,0.6741004586219788
lymph,4,sampler,adam,0.001,4,1402,0.8000000715255737,0.6272830963134766,0.5714285969734192,0.6740785241127014
lymph,4,sampler,adam,0.001,5,1444,0.8000000715255737,0.6272881627082825,0.5714285969734192,0.6740792989730835
lymph,4,sampler,adam,0.005,1,1276,0.8000000715255737,0.6272880434989929,0.5714285969734192,0.6740846633911133
lymph,4,sampler,adam,0.005,2,1318,0.8000000715255737,0.6272968649864197,0.5714285969734192,0.6740803718566895
lymph,4,sampler,adam,0.005,3,1360,0.8000000715255737,0.6272838711738586,0.5714285969734192,0.6740800738334656
lymph,4,sampler,adam,0.005,4,1402,0.8000000715255737,0.6272847056388855,0.5714285969734192,0.6740743517875671
lymph,4,sampler,adam,0.005,5,1444,0.8000000715255737,0.6272853016853333,0.5714285969734192,0.6740759611129761
lymph,4,sampler,adam,0.01,1,1276,0.8000000715255737,0.627282440662384,0.5714285969734192,0.6740751266479492
lymph,4,sampler,adam,0.01,2,1318,0.8000000715255737,0.62728351354599,0.5714285969734192,0.674074113368988
lymph,4,sampler,adam,0.01,3,1360,0.8000000715255737,0.6272821426391602,0.5714285969734192,0.6740737557411194
lymph,4,sampler,adam,0.01,4,1402,0.8000000715255737,0.6272822022438049,0.5714285969734192,0.6740721464157104
lymph,4,sampler,adam,0.01,5,1444,0.8000000715255737,0.6272820830345154,0.5714285969734192,0.6740732192993164
lymph,4,sampler,adam,0.05,1,1276,0.8000000715255737,0.6272796392440796,0.5714285969734192,0.6740719676017761
lymph,4,sampler,adam,0.05,2,1318,0.8000000715255737,0.6272796392440796,0.5714285969734192,0.6740722060203552
lymph,4,sampler,adam,0.05,3,1360,0.8000000715255737,0.62727952003479,0.5714285969734192,0.6740719676017761
lymph,4,sampler,adam,0.05,4,1402,0.8000000715255737,0.6272798180580139,0.5714285969734192,0.674071729183197
lymph,4,sampler,adam,0.05,5,1444,0.8000000715255737,0.6272796988487244,0.5714285969734192,0.6740720868110657
lymph,4,sampler,adam,0.1,1,1276,0.8000000715255737,0.62727952003479,0.5714285969734192,0.6740721464157104
lymph,4,sampler,adam,0.1,2,1318,0.8000000715255737,0.62727952003479,0.5714285969734192,0.6740722060203552
lymph,4,sampler,adam,0.1,3,1360,0.8000000715255737,0.62727952003479,0.5714285969734192,0.6740721464157104
lymph,4,sampler,adam,0.1,4,1402,0.8000000715255737,0.62727952003479,0.5714285969734192,0.6740718483924866
lymph,4,sampler,adam,0.1,5,1444,0.8000000715255737,0.6272795796394348,0.5714285969734192,0.6740719676017761
lymph,4,sampler,sgd,0.001,1,1276,0.8000000715255737,0.627300500869751,0.5714285969734192,0.6741272807121277
lymph,4,sampler,sgd,0.001,2,1318,0.8000000715255737,0.6273658275604248,0.5714285969734192,0.6741070747375488
lymph,4,sampler,sgd,0.001,3,1360,0.8000000715255737,0.6272717714309692,0.5714285969734192,0.674112856388092
lymph,4,sampler,sgd,0.001,4,1402,0.8000000715255737,0.6272799968719482,0.5714285969734192,0.674080491065979
lymph,4,sampler,sgd,0.001,5,1444,0.8000000715255737,0.6272859573364258,0.5714285969734192,0.6740795373916626
lymph,4,sampler,sgd,0.005,1,1276,0.8000000715255737,0.627300500869751,0.5714285969734192,0.6741271615028381
lymph,4,sampler,sgd,0.005,2,1318,0.8000000715255737,0.6273651719093323,0.5714285969734192,0.6741068959236145
lymph,4,sampler,sgd,0.005,3,1360,0.8000000715255737,0.6272717714309692,0.5714285969734192,0.6741127967834473
lymph,4,sampler,sgd,0.005,4,1402,0.8000000715255737,0.6272799968719482,0.5714285969734192,0.6740805506706238
lymph,4,sampler,sgd,0.005,5,1444,0.8000000715255737,0.6272860169410706,0.5714285969734192,0.6740795373916626
lymph,4,sampler,sgd,0.01,1,1276,0.8000000715255737,0.627300500869751,0.5714285969734192,0.6741270422935486
lymph,4,sampler,sgd,0.01,2,1318,0.8000000715255737,0.6273643970489502,0.5714285969734192,0.6741065979003906
lymph,4,sampler,sgd,0.01,3,1360,0.8000000715255737,0.6272717714309692,0.5714285969734192,0.6741126775741577
lymph,4,sampler,sgd,0.01,4,1402,0.8000000715255737,0.627280056476593,0.5714285969734192,0.674080491065979
lymph,4,sampler,sgd,0.01,5,1444,0.8000000715255737,0.6272860169410706,0.5714285969734192,0.6740795373916626
lymph,4,sampler,sgd,0.05,1,1276,0.8000000715255737,0.6273005604743958,0.5714285969734192,0.6741262078285217
lymph,4,sampler,sgd,0.05,2,1318,0.8000000715255737,0.6273590326309204,0.5714285969734192,0.6741047501564026
lymph,4,sampler,sgd,0.05,3,1360,0.8000000715255737,0.6272721886634827,0.5714285969734192,0.6741117238998413
lymph,4,sampler,sgd,0.05,4,1402,0.8000000715255737,0.6272801756858826,0.5714285969734192,0.6740803718566895
lymph,4,sampler,sgd,0.05,5,1444,0.8000000715255737,0.6272861957550049,0.5714285969734192,0.6740795373916626
lymph,4,sampler,sgd,0.1,1,1276,0.8000000715255737,0.6273006200790405,0.5714285969734192,0.6741252541542053
lymph,4,sampler,sgd,0.1,2,1318,0.8000000715255737,0.6273525357246399,0.5714285969734192,0.6741027235984802
lymph,4,sampler,sgd,0.1,3,1360,0.8000000715255737,0.6272726655006409,0.5714285969734192,0.6741107106208801
lymph,4,sampler,sgd,0.1,4,1402,0.8000000715255737,0.6272804141044617,0.5714285969734192,0.6740802526473999
lymph,4,sampler,sgd,0.1,5,1444,0.8000000715255737,0.6272863745689392,0.5714285969734192,0.6740795373916626
lymph,8,ffnn_0layer,adam,0.001,1,1276,0.7333333492279053,0.6790986657142639,0.5,0.6485934257507324
lymph,8,ffnn_0layer,adam,0.001,2,1318,0.7333333492279053,0.67906653881073,0.5,0.6587703824043274
lymph,8,ffnn_0layer,adam,0.001,3,1360,0.7333333492279053,0.679078221321106,0.5,0.6459174752235413
lymph,8,ffnn_0layer,adam,0.001,4,1402,0.7333333492279053,0.6790744066238403,0.5,0.6459051370620728
lymph,8,ffnn_0layer,adam,0.001,5,1444,0.7333333492279053,0.6790972948074341,0.5,0.647986888885498
lymph,8,ffnn_0layer,adam,0.005,1,1276,0.7333333492279053,0.6790964603424072,0.5,0.6541221737861633
lymph,8,ffnn_0layer,adam,0.005,2,1318,0.7333333492279053,0.6790979504585266,0.5,0.6533598899841309
lymph,8,ffnn_0layer,adam,0.005,3,1360,0.7333333492279053,0.6790982484817505,0.5,0.6483202576637268
lymph,8,ffnn_0layer,adam,0.005,4,1402,0.7333333492279053,0.6790984272956848,0.5,0.6482282876968384
lymph,8,ffnn_0layer,adam,0.005,5,1444,0.7333333492279053,0.6790967583656311,0.5,0.6546977758407593
lymph,8,ffnn_0layer,adam,0.01,1,1276,0.7333333492279053,0.6790973544120789,0.5,0.651229739189148
lymph,8,ffnn_0layer,adam,0.01,2,1318,0.7333333492279053,0.6790972948074341,0.5,0.6526955962181091
lymph,8,ffnn_0layer,adam,0.01,3,1360,0.7333333492279053,0.6790977120399475,0.5,0.6483222842216492
lymph,8,ffnn_0layer,adam,0.01,4,1402,0.7333333492279053,0.6790977120399475,0.5,0.6494210958480835
lymph,8,ffnn_0layer,adam,0.01,5,1444,0.7333333492279053,0.6790975332260132,0.5,0.6515383720397949
lymph,8,ffnn_0layer,adam,0.05,1,1276,0.7333333492279053,0.6790974736213684,0.5,0.6493877172470093
lymph,8,ffnn_0layer,adam,0.05,2,1318,0.7333333492279053,0.679097592830658,0.5,0.6474980115890503
lymph,8,ffnn_0layer,adam,0.05,3,1360,0.7333333492279053,0.6790977716445923,0.5,0.6474503874778748
lymph,8,ffnn_0layer,adam,0.05,4,1402,0.7333333492279053,0.6790977716445923,0.5,0.6488695740699768
lymph,8,ffnn_0layer,adam,0.05,5,1444,0.7333333492279053,0.6790977120399475,0.5,0.6471909880638123
lymph,8,ffnn_0layer,adam,0.1,1,1276,0.7333333492279053,0.679097592830658,0.5,0.6487220525741577
lymph,8,ffnn_0layer,adam,0.1,2,1318,0.7333333492279053,0.679097592830658,0.5,0.6476348042488098
lymph,8,ffnn_0layer,adam,0.1,3,1360,0.7333333492279053,0.6790978908538818,0.5,0.6477791666984558
lymph,8,ffnn_0layer,adam,0.1,4,1402,0.7333333492279053,0.6790974736213684,0.5,0.6477533578872681
lymph,8,ffnn_0layer,adam,0.1,5,1444,0.7333333492279053,0.6790977120399475,0.5,0.6494088768959045
lymph,8,ffnn_0layer,sgd,0.001,1,1276,0.7333333492279053,0.6791054010391235,0.5,0.6468520164489746
lymph,8,ffnn_0layer,sgd,0.001,2,1318,0.7333333492279053,0.678982675075531,0.5,0.6600717306137085
lymph,8,ffnn_0layer,sgd,0.001,3,1360,0.7333333492279053,0.679015576839447,0.5,0.6461847424507141
lymph,8,ffnn_0layer,sgd,0.001,4,1402,0.7333333492279053,0.6790425777435303,0.5,0.6458808779716492
lymph,8,ffnn_0layer,sgd,0.001,5,1444,0.7333333492279053,0.6790981888771057,0.5,0.6465978622436523
lymph,8,ffnn_0layer,sgd,0.005,1,1276,0.7333333492279053,0.6791053414344788,0.5,0.6468537449836731
lymph,8,ffnn_0layer,sgd,0.005,2,1318,0.7333333492279053,0.6789842247962952,0.5,0.6600515246391296
lymph,8,ffnn_0layer,sgd,0.005,3,1360,0.7333333492279053,0.679016649723053,0.5,0.6461793780326843
lymph,8,ffnn_0layer,sgd,0.005,4,1402,0.7333333492279053,0.6790425777435303,0.5,0.6458807587623596
lymph,8,ffnn_0layer,sgd,0.005,5,1444,0.7333333492279053,0.6790982484817505,0.5,0.6465967297554016
lymph,8,ffnn_0layer,sgd,0.01,1,1276,0.7333333492279053,0.6791051030158997,0.5,0.6468566656112671
lymph,8,ffnn_0layer,sgd,0.01,2,1318,0.7333333492279053,0.678986132144928,0.5,0.6600265502929688
lymph,8,ffnn_0layer,sgd,0.01,3,1360,0.7333333492279053,0.6790179014205933,0.5,0.6461729407310486
lymph,8,ffnn_0layer,sgd,0.01,4,1402,0.7333333492279053,0.6790427565574646,0.5,0.6458803415298462
lymph,8,ffnn_0layer,sgd,0.01,5,1444,0.7333333492279053,0.6790983080863953,0.5,0.6466202735900879
lymph,8,ffnn_0layer,sgd,0.05,1,1276,0.7333333492279053,0.6791048645973206,0.5,0.646873950958252
lymph,8,ffnn_0layer,sgd,0.05,2,1318,0.7333333492279053,0.6790000796318054,0.5,0.6598299145698547
lymph,8,ffnn_0layer,sgd,0.05,3,1360,0.7333333492279053,0.6790266633033752,0.5,0.6461265683174133
lymph,8,ffnn_0layer,sgd,0.05,4,1402,0.7333333492279053,0.6790438294410706,0.5,0.645878255367279
lymph,8,ffnn_0layer,sgd,0.05,5,1444,0.7333333492279053,0.679098904132843,0.5,0.6466842293739319
lymph,8,ffnn_0layer,sgd,0.1,1,1276,0.7333333492279053,0.6791042685508728,0.5,0.6468960046768188
lymph,8,ffnn_0layer,sgd,0.1,2,1318,0.7333333492279053,0.6790143847465515,0.5,0.6595916748046875
lymph,8,ffnn_0layer,sgd,0.1,3,1360,0.7333333492279053,0.6790357828140259,0.5,0.6460785865783691
lymph,8,ffnn_0layer,sgd,0.1,4,1402,0.7333333492279053,0.6790454387664795,0.5,0.6458756327629089
lymph,8,ffnn_0layer,sgd,0.1,5,1444,0.7333333492279053,0.6790992617607117,0.5,0.6467714905738831
lymph,8,sampler,adam,0.001,1,1276,0.7333333492279053,0.6791151762008667,0.5,0.6556481719017029
lymph,8,sampler,adam,0.001,2,1318,0.7333333492279053,0.6790487766265869,0.5,0.6514127850532532
lymph,8,sampler,adam,0.001,3,1360,0.7333333492279053,0.6791191101074219,0.5,0.6511626243591309
lymph,8,sampler,adam,0.001,4,1402,0.7333333492279053,0.6790825724601746,0.5,0.6550887227058411
lymph,8,sampler,adam,0.001,5,1444,0.7333333492279053,0.6790978908538818,0.5,0.6623333692550659
lymph,8,sampler,adam,0.005,1,1276,0.7333333492279053,0.6791023015975952,0.5,0.6564221978187561
lymph,8,sampler,adam,0.005,2,1318,0.7333333492279053,0.6790869832038879,0.5,0.6535664796829224
lymph,8,sampler,adam,0.005,3,1360,0.7333333492279053,0.6791015267372131,0.5,0.6511275172233582
lymph,8,sampler,adam,0.005,4,1402,0.7333333492279053,0.6790944933891296,0.5,0.6550226807594299
lymph,8,sampler,adam,0.005,5,1444,0.7333333492279053,0.6790950894355774,0.5,0.6603301167488098
lymph,8,sampler,adam,0.01,1,1276,0.7333333492279053,0.6790981888771057,0.5,0.6543664336204529
lymph,8,sampler,adam,0.01,2,1318,0.7333333492279053,0.6790961623191833,0.5,0.6536603569984436
lymph,8,sampler,adam,0.01,3,1360,0.7333333492279053,0.6790981292724609,0.5,0.6495481133460999
lymph,8,sampler,adam,0.01,4,1402,0.7333333492279053,0.6790968775749207,0.5,0.6553494334220886
lymph,8,sampler,adam,0.01,5,1444,0.7333333492279053,0.6790961027145386,0.5,0.6579424738883972
lymph,8,sampler,adam,0.05,1,1276,0.7333333492279053,0.6790973544120789,0.5,0.6504008173942566
lymph,8,sampler,adam,0.05,2,1318,0.7333333492279053,0.6790974140167236,0.5,0.6498715281486511
lymph,8,sampler,adam,0.05,3,1360,0.7333333492279053,0.6790977120399475,0.5,0.647491455078125
lymph,8,sampler,adam,0.05,4,1402,0.7333333492279053,0.6790978312492371,0.5,0.6480022668838501
lymph,8,sampler,adam,0.05,5,1444,0.7333333492279053,0.679097592830658,0.5,0.6473941802978516
lymph,8,sampler,adam,0.1,1,1276,0.7333333492279053,0.6790974140167236,0.5,0.6493971943855286
lymph,8,sampler,adam,0.1,2,1318,0.7333333492279053,0.679097592830658,0.5,0.6474953889846802
lymph,8,sampler,adam,0.1,3,1360,0.7333333492279053,0.6790977716445923,0.5,0.6474452614784241
lymph,8,sampler,adam,0.1,4,1402,0.7333333492279053,0.679097592830658,0.5,0.6489242315292358
lymph,8,sampler,adam,0.1,5,1444,0.7333333492279053,0.6790977120399475,0.5,0.6471859812736511
lymph,8,sampler,sgd,0.001,1,1276,0.7333333492279053,0.679120659828186,0.5,0.6544621586799622
lymph,8,sampler,sgd,0.001,2,1318,0.7333333492279053,0.6790259480476379,0.5,0.6500630974769592
lymph,8,sampler,sgd,0.001,3,1360,0.7333333492279053,0.6791300177574158,0.5,0.6505962014198303
lymph,8,sampler,sgd,0.001,4,1402,0.7333333492279053,0.6790727972984314,0.5,0.6550375819206238
lymph,8,sampler,sgd,0.001,5,1444,0.7333333492279053,0.6790992617607117,0.5,0.6626541018486023
lymph,8,sampler,sgd,0.005,1,1276,0.7333333492279053,0.679120659828186,0.5,0.6544609069824219
lymph,8,sampler,sgd,0.005,2,1318,0.7333333492279053,0.6790260672569275,0.5,0.6500629186630249
lymph,8,sampler,sgd,0.005,3,1360,0.7333333492279053,0.679129958152771,0.5,0.6505909562110901
lymph,8,sampler,sgd,0.005,4,1402,0.7333333492279053,0.679072916507721,0.5,0.6550353169441223
lymph,8,sampler,sgd,0.005,5,1444,0.7333333492279053,0.6790992021560669,0.5,0.6626529693603516
lymph,8,sampler,sgd,0.01,1,1276,0.7333333492279053,0.679120659828186,0.5,0.6544597744941711
lymph,8,sampler,sgd,0.01,2,1318,0.7333333492279053,0.6790264248847961,0.5,0.6500628590583801
lymph,8,sampler,sgd,0.01,3,1360,0.7333333492279053,0.6791298985481262,0.5,0.6505855321884155
lymph,8,sampler,sgd,0.01,4,1402,0.7333333492279053,0.6790727972984314,0.5,0.6550307273864746
lymph,8,sampler,sgd,0.01,5,1444,0.7333333492279053,0.6790992617607117,0.5,0.6626517176628113
lymph,8,sampler,sgd,0.05,1,1276,0.7333333492279053,0.6791203022003174,0.5,0.6544466614723206
lymph,8,sampler,sgd,0.05,2,1318,0.7333333492279053,0.6790285706520081,0.5,0.6500738263130188
lymph,8,sampler,sgd,0.05,3,1360,0.7333333492279053,0.6791293621063232,0.5,0.6505383253097534
lymph,8,sampler,sgd,0.05,4,1402,0.7333333492279053,0.6790739297866821,0.5,0.6549970507621765
lymph,8,sampler,sgd,0.05,5,1444,0.7333333492279053,0.6790991425514221,0.5,0.6626410484313965
lymph,8,sampler,sgd,0.1,1,1276,0.7333333492279053,0.6791199445724487,0.5,0.6544329524040222
lymph,8,sampler,sgd,0.1,2,1318,0.7333333492279053,0.679031252861023,0.5,0.6500846147537231
lymph,8,sampler,sgd,0.1,3,1360,0.7333333492279053,0.6791286468505859,0.5,0.6504808664321899
lymph,8,sampler,sgd,0.1,4,1402,0.7333333492279053,0.6790750622749329,0.5,0.6549555659294128
lymph,8,sampler,sgd,0.1,5,1444,0.7333333492279053,0.6790990829467773,0.5,0.6626275777816772
lymph,12,ffnn_0layer,adam,0.001,1,1276,0.7333333492279053,0.6817652583122253,0.5,0.6486549377441406
lymph,12,ffnn_0layer,adam,0.001,2,1318,0.7333333492279053,0.6568423509597778,0.5,0.6608959436416626
lymph,12,ffnn_0layer,adam,0.001,3,1360,0.7333333492279053,0.6742347478866577,0.5714285969734192,0.6489077210426331
lymph,12,ffnn_0layer,adam,0.001,4,1402,0.7333333492279053,0.6811859011650085,0.5,0.6497171521186829
lymph,12,ffnn_0layer,adam,0.001,5,1444,0.7333333492279053,0.6658879518508911,0.5,0.6511412858963013
lymph,12,ffnn_0layer,adam,0.005,1,1276,0.7333333492279053,0.6664291024208069,0.5,0.6600123047828674
lymph,12,ffnn_0layer,adam,0.005,2,1318,0.7333333492279053,0.663852334022522,0.5,0.6606544852256775
lymph,12,ffnn_0layer,adam,0.005,3,1360,0.7333333492279053,0.6659049987792969,0.5,0.6593522429466248
lymph,12,ffnn_0layer,adam,0.005,4,1402,0.7333333492279053,0.663806140422821,0.5,0.6605057716369629
lymph,12,ffnn_0layer,adam,0.005,5,1444,0.8000000715255737,0.6649581789970398,0.5,0.6602423787117004
lymph,12,ffnn_0layer,adam,0.01,1,1276,0.7333333492279053,0.6621254086494446,0.5,0.660498321056366
lymph,12,ffnn_0layer,adam,0.01,2,1318,0.7333333492279053,0.663256049156189,0.5,0.6602137684822083
lymph,12,ffnn_0layer,adam,0.01,3,1360,0.7333333492279053,0.6631411910057068,0.5,0.6603208780288696
lymph,12,ffnn_0layer,adam,0.01,4,1402,0.7333333492279053,0.6625878810882568,0.5,0.6603700518608093
lymph,12,ffnn_0layer,adam,0.01,5,1444,0.7333333492279053,0.6623390316963196,0.5,0.6601806879043579
lymph,12,ffnn_0layer,adam,0.05,1,1276,0.7333333492279053,0.6603109836578369,0.5,0.6602171659469604
lymph,12,ffnn_0layer,adam,0.05,2,1318,0.7333333492279053,0.660607635974884,0.5,0.6599294543266296
lymph,12,ffnn_0layer,adam,0.05,3,1360,0.7333333492279053,0.6612195372581482,0.5,0.6600098013877869
lymph,12,ffnn_0layer,adam,0.05,4,1402,0.7333333492279053,0.6599699854850769,0.5,0.6598296761512756
lymph,12,ffnn_0layer,adam,0.05,5,1444,0.7333333492279053,0.6608961820602417,0.5,0.660122811794281
lymph,12,ffnn_0layer,adam,0.1,1,1276,0.7333333492279053,0.6615461707115173,0.5,0.6596413850784302
lymph,12,ffnn_0layer,adam,0.1,2,1318,0.7333333492279053,0.6625354886054993,0.5,0.6595335602760315
lymph,12,ffnn_0layer,adam,0.1,3,1360,0.7333333492279053,0.6617937088012695,0.5,0.6597367525100708
lymph,12,ffnn_0layer,adam,0.1,4,1402,0.7333333492279053,0.660041093826294,0.5,0.6598162651062012
lymph,12,ffnn_0layer,adam,0.1,5,1444,0.7333333492279053,0.6618365049362183,0.5,0.6597004532814026
lymph,12,ffnn_0layer,sgd,0.001,1,1276,0.7333333492279053,0.6816731095314026,0.5,0.6471584439277649
lymph,12,ffnn_0layer,sgd,0.001,2,1318,0.7333333492279053,0.6564815044403076,0.5,0.6608331799507141
lymph,12,ffnn_0layer,sgd,0.001,3,1360,0.8000000715255737,0.6662696599960327,0.5714285969734192,0.6480110287666321
lymph,12,ffnn_0layer,sgd,0.001,4,1402,0.7333333492279053,0.6829915642738342,0.5,0.6473440527915955
lymph,12,ffnn_0layer,sgd,0.001,5,1444,0.7333333492279053,0.6631717085838318,0.5,0.6477612853050232
lymph,12,ffnn_0layer,sgd,0.005,1,1276,0.7333333492279053,0.6816797852516174,0.5,0.6471613645553589
lymph,12,ffnn_0layer,sgd,0.005,2,1318,0.7333333492279053,0.6564817428588867,0.5,0.6608354449272156
lymph,12,ffnn_0layer,sgd,0.005,3,1360,0.8000000715255737,0.6663064360618591,0.5714285969734192,0.6480180025100708
lymph,12,ffnn_0layer,sgd,0.005,4,1402,0.7333333492279053,0.6829915642738342,0.5,0.647347629070282
lymph,12,ffnn_0layer,sgd,0.005,5,1444,0.7333333492279053,0.6632176041603088,0.5,0.6477678418159485
lymph,12,ffnn_0layer,sgd,0.01,1,1276,0.7333333492279053,0.6816845536231995,0.5,0.6471647620201111
lymph,12,ffnn_0layer,sgd,0.01,2,1318,0.7333333492279053,0.6564818620681763,0.5,0.6608381867408752
lymph,12,ffnn_0layer,sgd,0.01,3,1360,0.8000000715255737,0.6663495302200317,0.5714285969734192,0.6480271220207214
lymph,12,ffnn_0layer,sgd,0.01,4,1402,0.7333333492279053,0.6829907298088074,0.5,0.6473522782325745
lymph,12,ffnn_0layer,sgd,0.01,5,1444,0.7333333492279053,0.6632738709449768,0.5,0.647776186466217
lymph,12,ffnn_0layer,sgd,0.05,1,1276,0.7333333492279053,0.6817423105239868,0.5,0.6471949815750122
lymph,12,ffnn_0layer,sgd,0.05,2,1318,0.7333333492279053,0.6564859747886658,0.5,0.6608437299728394
lymph,12,ffnn_0layer,sgd,0.05,3,1360,0.8000000715255737,0.666660487651825,0.5714285969734192,0.6481069922447205
lymph,12,ffnn_0layer,sgd,0.05,4,1402,0.7333333492279053,0.6829783916473389,0.5,0.6473900675773621
lymph,12,ffnn_0layer,sgd,0.05,5,1444,0.7333333492279053,0.663727343082428,0.5,0.6478441953659058
lymph,12,ffnn_0layer,sgd,0.1,1,1276,0.7333333492279053,0.6818057298660278,0.5,0.6472366452217102
lymph,12,ffnn_0layer,sgd,0.1,2,1318,0.7333333492279053,0.6564918756484985,0.5,0.660853922367096
lymph,12,ffnn_0layer,sgd,0.1,3,1360,0.8000000715255737,0.6670241951942444,0.5714285969734192,0.6482142210006714
lymph,12,ffnn_0layer,sgd,0.1,4,1402,0.7333333492279053,0.6829586625099182,0.5,0.6474407911300659
lymph,12,ffnn_0layer,sgd,0.1,5,1444,0.7333333492279053,0.6642913818359375,0.5,0.647933840751648
lymph,12,sampler,adam,0.001,1,1276,0.6666666865348816,0.6719473004341125,0.5714285969734192,0.653481662273407
lymph,12,sampler,adam,0.001,2,1318,0.7333333492279053,0.6660968661308289,0.5,0.6605811715126038
lymph,12,sampler,adam,0.001,3,1360,0.7333333492279053,0.6829732656478882,0.5,0.6588588953018188
lymph,12,sampler,adam,0.001,4,1402,0.8000000715255737,0.6664117574691772,0.5714285969734192,0.6607415080070496
lymph,12,sampler,adam,0.001,5,1444,0.7333333492279053,0.6699464321136475,0.5714285969734192,0.6536844372749329
lymph,12,sampler,adam,0.005,1,1276,0.7333333492279053,0.6707133650779724,0.5714285969734192,0.6592835783958435
lymph,12,sampler,adam,0.005,2,1318,0.8000000715255737,0.669140100479126,0.5,0.6606825590133667
lymph,12,sampler,adam,0.005,3,1360,0.7333333492279053,0.6756826043128967,0.5,0.6601706743240356
lymph,12,sampler,adam,0.005,4,1402,0.8000000715255737,0.6661399006843567,0.5714285969734192,0.660769522190094
lymph,12,sampler,adam,0.005,5,1444,0.8000000715255737,0.6687065362930298,0.5714285969734192,0.6594027876853943
lymph,12,sampler,adam,0.01,1,1276,0.8000000715255737,0.6663133502006531,0.5,0.6602615118026733
lymph,12,sampler,adam,0.01,2,1318,0.8000000715255737,0.6673847436904907,0.5,0.660560131072998
lymph,12,sampler,adam,0.01,3,1360,0.8000000715255737,0.6667701005935669,0.5,0.6605368852615356
lymph,12,sampler,adam,0.01,4,1402,0.8000000715255737,0.6641718745231628,0.5,0.6606127023696899
lymph,12,sampler,adam,0.01,5,1444,0.8000000715255737,0.6653605103492737,0.5,0.6601969003677368
lymph,12,sampler,adam,0.05,1,1276,0.7333333492279053,0.660997748374939,0.5,0.6603396534919739
lymph,12,sampler,adam,0.05,2,1318,0.7333333492279053,0.661115825176239,0.5,0.6598866581916809
lymph,12,sampler,adam,0.05,3,1360,0.7333333492279053,0.6624126434326172,0.5,0.6599502563476562
lymph,12,sampler,adam,0.05,4,1402,0.7333333492279053,0.6604346036911011,0.5,0.660075306892395
lymph,12,sampler,adam,0.05,5,1444,0.7333333492279053,0.6618791222572327,0.5,0.6600042581558228
lymph,12,sampler,adam,0.1,1,1276,0.7333333492279053,0.6603261232376099,0.5,0.660216748714447
lymph,12,sampler,adam,0.1,2,1318,0.7333333492279053,0.6606117486953735,0.5,0.659923255443573
lymph,12,sampler,adam,0.1,3,1360,0.7333333492279053,0.6611447930335999,0.5,0.6600328683853149
lymph,12,sampler,adam,0.1,4,1402,0.7333333492279053,0.6599863767623901,0.5,0.6598209738731384
lymph,12,sampler,adam,0.1,5,1444,0.7333333492279053,0.6608673334121704,0.5,0.66013103723526
lymph,12,sampler,sgd,0.001,1,1276,0.6666666865348816,0.6718202829360962,0.5714285969734192,0.6507630348205566
lymph,12,sampler,sgd,0.001,2,1318,0.7333333492279053,0.6651327610015869,0.5,0.6605010628700256
lymph,12,sampler,sgd,0.001,3,1360,0.7333333492279053,0.6838809251785278,0.5,0.6581593751907349
lymph,12,sampler,sgd,0.001,4,1402,0.8000000715255737,0.6653679013252258,0.5,0.6607238054275513
lymph,12,sampler,sgd,0.001,5,1444,0.7333333492279053,0.6698601841926575,0.5714285969734192,0.6508342027664185
lymph,12,sampler,sgd,0.005,1,1276,0.6666666865348816,0.6718260049819946,0.5714285969734192,0.6507698893547058
lymph,12,sampler,sgd,0.005,2,1318,0.7333333492279053,0.6651456952095032,0.5,0.6605011820793152
lymph,12,sampler,sgd,0.005,3,1360,0.7333333492279053,0.6838791966438293,0.5,0.6581602096557617
lymph,12,sampler,sgd,0.005,4,1402,0.8000000715255737,0.6653766632080078,0.5,0.6607239842414856
lymph,12,sampler,sgd,0.005,5,1444,0.7333333492279053,0.6698679327964783,0.5714285969734192,0.6508406400680542
lymph,12,sampler,sgd,0.01,1,1276,0.6666666865348816,0.6718336343765259,0.5714285969734192,0.650778591632843
lymph,12,sampler,sgd,0.01,2,1318,0.7333333492279053,0.6651625037193298,0.5,0.6605013608932495
lymph,12,sampler,sgd,0.01,3,1360,0.7333333492279053,0.6838770508766174,0.5,0.6581612229347229
lymph,12,sampler,sgd,0.01,4,1402,0.8000000715255737,0.6653875112533569,0.5,0.6607241034507751
lymph,12,sampler,sgd,0.01,5,1444,0.7333333492279053,0.6698777079582214,0.5714285969734192,0.6508490443229675
lymph,12,sampler,sgd,0.05,1,1276,0.6666666865348816,0.6718956232070923,0.5714285969734192,0.6508474946022034
lymph,12,sampler,sgd,0.05,2,1318,0.7333333492279053,0.6652915477752686,0.5,0.6605023741722107
lymph,12,sampler,sgd,0.05,3,1360,0.7333333492279053,0.68386310338974,0.5,0.6581689715385437
lymph,12,sampler,sgd,0.05,4,1402,0.8000000715255737,0.6654700636863708,0.5,0.6607251167297363
lymph,12,sampler,sgd,0.05,5,1444,0.7333333492279053,0.6699540615081787,0.5714285969734192,0.65091472864151
lymph,12,sampler,sgd,0.1,1,1276,0.6666666865348816,0.6719714999198914,0.5714285969734192,0.6509341597557068
lymph,12,sampler,sgd,0.1,2,1318,0.7333333492279053,0.6654515862464905,0.5,0.6605032682418823
lymph,12,sampler,sgd,0.1,3,1360,0.7333333492279053,0.6838425397872925,0.5,0.6581788659095764
lymph,12,sampler,sgd,0.1,4,1402,0.8000000715255737,0.6655706763267517,0.5,0.6607264280319214
lymph,12,sampler,sgd,0.1,5,1444,0.6666666865348816,0.6700478196144104,0.5714285969734192,0.6509974598884583
breast,4,ffnn_0layer,adam,0.001,1,1276,0.9571428894996643,0.526924729347229,0.8999999761581421,0.5477375388145447
breast,4,ffnn_0layer,adam,0.001,2,1318,0.9571428894996643,0.5267147421836853,0.8999999761581421,0.5472688674926758
breast,4,ffnn_0layer,adam,0.001,3,1360,0.9571428894996643,0.5266555547714233,0.8999999761581421,0.5476013422012329
breast,4,ffnn_0layer,adam,0.001,4,1402,0.9571428894996643,0.5268872976303101,0.8999999761581421,0.5480248928070068
breast,4,ffnn_0layer,adam,0.001,5,1444,0.9571428894996643,0.5270524621009827,0.8999999761581421,0.5477975010871887
breast,4,ffnn_0layer,adam,0.005,1,1276,0.9571428894996643,0.5267242193222046,0.8999999761581421,0.5456992387771606
breast,4,ffnn_0layer,adam,0.005,2,1318,0.9571428894996643,0.5262966752052307,0.8999999761581421,0.5458398461341858
breast,4,ffnn_0layer,adam,0.005,3,1360,0.9571428894996643,0.5265284180641174,0.8999999761581421,0.5457925796508789
breast,4,ffnn_0layer,adam,0.005,4,1402,0.9571428894996643,0.5270952582359314,0.8999999761581421,0.5453093647956848
breast,4,ffnn_0layer,adam,0.005,5,1444,0.9571428894996643,0.5271273255348206,0.8999999761581421,0.5455140471458435
breast,4,ffnn_0layer,adam,0.01,1,1276,0.9571428894996643,0.5266111493110657,0.8999999761581421,0.5455811023712158
breast,4,ffnn_0layer,adam,0.01,2,1318,0.9571428894996643,0.5261545181274414,0.8999999761581421,0.5457985401153564
breast,4,ffnn_0layer,adam,0.01,3,1360,0.9571428894996643,0.5262174606323242,0.8999999761581421,0.5457659959793091
breast,4,ffnn_0layer,adam,0.01,4,1402,0.9571428894996643,0.5271510481834412,0.8999999761581421,0.5450084805488586
breast,4,ffnn_0layer,adam,0.01,5,1444,0.9571428894996643,0.5270132422447205,0.8999999761581421,0.545586884021759
breast,4,ffnn_0layer,adam,0.05,1,1276,0.9571428894996643,0.5282905697822571,0.8857142925262451,0.5461547374725342
breast,4,ffnn_0layer,adam,0.05,2,1318,0.9571428894996643,0.5267300605773926,0.9142857193946838,0.5446894764900208
breast,4,ffnn_0layer,adam,0.05,3,1360,0.9571428894996643,0.5254115462303162,0.8999999761581421,0.5453954339027405
breast,4,ffnn_0layer,adam,0.05,4,1402,0.9571428894996643,0.5253953337669373,0.8857142925262451,0.5456939935684204
breast,4,ffnn_0layer,adam,0.05,5,1444,0.9571428894996643,0.5268322825431824,0.8999999761581421,0.5452851057052612
breast,4,ffnn_0layer,adam,0.1,1,1276,0.9571428894996643,0.530855655670166,0.8714285492897034,0.5497410297393799
breast,4,ffnn_0layer,adam,0.1,2,1318,0.9571428894996643,0.5287442803382874,0.9142857193946838,0.5438257455825806
breast,4,ffnn_0layer,adam,0.1,3,1360,0.9571428894996643,0.5249218344688416,0.8999999761581421,0.5466681718826294
breast,4,ffnn_0layer,adam,0.1,4,1402,0.9571428894996643,0.5260134339332581,0.8999999761581421,0.5446844100952148
breast,4,ffnn_0layer,adam,0.1,5,1444,0.9571428894996643,0.5272154211997986,0.8857142925262451,0.5472351312637329
breast,4,ffnn_0layer,sgd,0.001,1,1276,0.8571428656578064,0.5672518014907837,0.8285714387893677,0.567740797996521
breast,4,ffnn_0layer,sgd,0.001,2,1318,0.9428571462631226,0.5358032584190369,0.8571428656578064,0.5635233521461487
breast,4,ffnn_0layer,sgd,0.001,3,1360,0.9428571462631226,0.528713583946228,0.9142857193946838,0.5498888492584229
breast,4,ffnn_0layer,sgd,0.001,4,1402,0.9571428894996643,0.5282824635505676,0.8714285492897034,0.5537354350090027
breast,4,ffnn_0layer,sgd,0.001,5,1444,0.8571428656578064,0.5688144564628601,0.8285714387893677,0.567924439907074
breast,4,ffnn_0layer,sgd,0.005,1,1276,0.8571428656578064,0.5663778185844421,0.8285714387893677,0.5666590332984924
breast,4,ffnn_0layer,sgd,0.005,2,1318,0.9428571462631226,0.5350430011749268,0.8571428656578064,0.5630679130554199
breast,4,ffnn_0layer,sgd,0.005,3,1360,0.9428571462631226,0.528813362121582,0.9142857193946838,0.549700140953064
breast,4,ffnn_0layer,sgd,0.005,4,1402,0.9571428894996643,0.52823805809021,0.8714285492897034,0.5535577535629272
breast,4,ffnn_0layer,sgd,0.005,5,1444,0.8571428656578064,0.5679439902305603,0.8285714387893677,0.5668123960494995
breast,4,ffnn_0layer,sgd,0.01,1,1276,0.8571428656578064,0.5652511119842529,0.8285714387893677,0.5653030872344971
breast,4,ffnn_0layer,sgd,0.01,2,1318,0.9428571462631226,0.5342143177986145,0.8714285492897034,0.5624971389770508
breast,4,ffnn_0layer,sgd,0.01,3,1360,0.9428571462631226,0.5289283990859985,0.9142857193946838,0.549496054649353
breast,4,ffnn_0layer,sgd,0.01,4,1402,0.9571428894996643,0.5281850695610046,0.8714285492897034,0.5533390045166016
breast,4,ffnn_0layer,sgd,0.01,5,1444,0.8571428656578064,0.5667238235473633,0.8285714387893677,0.5653860569000244
breast,4,ffnn_0layer,sgd,0.05,1,1276,0.9428571462631226,0.5463495850563049,0.8857142925262451,0.5529596209526062
breast,4,ffnn_0layer,sgd,0.05,2,1318,0.9428571462631226,0.5305412411689758,0.8714285492897034,0.5581644177436829
breast,4,ffnn_0layer,sgd,0.05,3,1360,0.9428571462631226,0.5293709635734558,0.9142857193946838,0.5489760041236877
breast,4,ffnn_0layer,sgd,0.05,4,1402,0.9571428894996643,0.5278761982917786,0.8857142925262451,0.5517573952674866
breast,4,ffnn_0layer,sgd,0.05,5,1444,0.9428571462631226,0.5424196720123291,0.8857142925262451,0.554211437702179
breast,4,ffnn_0layer,sgd,0.1,1,1276,0.9571428894996643,0.5300896167755127,0.8857142925262451,0.5516055822372437
breast,4,ffnn_0layer,sgd,0.1,2,1318,0.9571428894996643,0.5287193655967712,0.8714285492897034,0.5537980198860168
breast,4,ffnn_0layer,sgd,0.1,3,1360,0.9428571462631226,0.528779149055481,0.8999999761581421,0.5503449440002441
breast,4,ffnn_0layer,sgd,0.1,4,1402,0.9571428894996643,0.5277334451675415,0.8999999761581421,0.5502481460571289
breast,4,ffnn_0layer,sgd,0.1,5,1444,0.9571428894996643,0.5305213928222656,0.8714285492897034,0.5528821349143982
breast,4,sampler,adam,0.001,1,1276,0.9428571462631226,0.5342485308647156,0.8714285492897034,0.5578551888465881
breast,4,sampler,adam,0.001,2,1318,0.9571428894996643,0.5297927856445312,0.8714285492897034,0.5548765063285828
breast,4,sampler,adam,0.001,3,1360,0.9428571462631226,0.5324208736419678,0.8857142925262451,0.5522478222846985
breast,4,sampler,adam,0.001,4,1402,0.9428571462631226,0.5286619663238525,0.8999999761581421,0.5517213940620422
breast,4,sampler,adam,0.001,5,1444,0.9571428894996643,0.5293887257575989,0.8714285492897034,0.5538365244865417
breast,4,sampler,adam,0.005,1,1276,0.9571428894996643,0.5267506241798401,0.8999999761581421,0.545982301235199
breast,4,sampler,adam,0.005,2,1318,0.9571428894996643,0.5265828371047974,0.8999999761581421,0.5459898710250854
breast,4,sampler,adam,0.005,3,1360,0.9571428894996643,0.5267976522445679,0.8999999761581421,0.5459076166152954
breast,4,sampler,adam,0.005,4,1402,0.9571428894996643,0.5269384384155273,0.8999999761581421,0.5456901788711548
breast,4,sampler,adam,0.005,5,1444,0.9571428894996643,0.5270382165908813,0.8999999761581421,0.5457763671875
breast,4,sampler,adam,0.01,1,1276,0.9571428894996643,0.5267236232757568,0.8999999761581421,0.5456995964050293
breast,4,sampler,adam,0.01,2,1318,0.9571428894996643,0.5262967944145203,0.8999999761581421,0.5458400845527649
breast,4,sampler,adam,0.01,3,1360,0.9571428894996643,0.5265284180641174,0.8999999761581421,0.5457925796508789
breast,4,sampler,adam,0.01,4,1402,0.9571428894996643,0.5270952582359314,0.8999999761581421,0.5453093647956848
breast,4,sampler,adam,0.01,5,1444,0.9571428894996643,0.5271274447441101,0.8999999761581421,0.5455139875411987
breast,4,sampler,adam,0.05,1,1276,0.9571428894996643,0.5272781848907471,0.8999999761581421,0.5456633567810059
breast,4,sampler,adam,0.05,2,1318,0.9571428894996643,0.526045560836792,0.9142857193946838,0.5453665256500244
breast,4,sampler,adam,0.05,3,1360,0.9571428894996643,0.5261080861091614,0.9142857193946838,0.5455873608589172
breast,4,sampler,adam,0.05,4,1402,0.9571428894996643,0.5266824960708618,0.8999999761581421,0.5453612208366394
breast,4,sampler,adam,0.05,5,1444,0.9571428894996643,0.5266783237457275,0.8999999761581421,0.5461408495903015
breast,4,sampler,adam,0.1,1,1276,0.9571428894996643,0.5282904505729675,0.8857142925262451,0.5461547374725342
breast,4,sampler,adam,0.1,2,1318,0.9571428894996643,0.5267300605773926,0.9142857193946838,0.5446894764900208
breast,4,sampler,adam,0.1,3,1360,0.9571428894996643,0.5254115462303162,0.8999999761581421,0.5453954935073853
breast,4,sampler,adam,0.1,4,1402,0.9571428894996643,0.5253952741622925,0.8857142925262451,0.5456939935684204
breast,4,sampler,adam,0.1,5,1444,0.9571428894996643,0.5268322825431824,0.8999999761581421,0.5452851057052612
breast,4,sampler,sgd,0.001,1,1276,0.9285714626312256,0.5482585430145264,0.8999999761581421,0.5589049458503723
breast,4,sampler,sgd,0.001,2,1318,0.9428571462631226,0.5464786887168884,0.8714285492897034,0.557381808757782
breast,4,sampler,sgd,0.001,3,1360,0.9428571462631226,0.543666422367096,0.8857142925262451,0.5639201998710632
breast,4,sampler,sgd,0.001,4,1402,0.9428571462631226,0.5394383668899536,0.8857142925262451,0.5561535358428955
breast,4,sampler,sgd,0.001,5,1444,0.9428571462631226,0.5400091409683228,0.8857142925262451,0.5582244396209717
breast,4,sampler,sgd,0.005,1,1276,0.9285714626312256,0.5477324724197388,0.8999999761581421,0.5588566660881042
breast,4,sampler,sgd,0.005,2,1318,0.9428571462631226,0.5452296733856201,0.8714285492897034,0.5575094223022461
breast,4,sampler,sgd,0.005,3,1360,0.9428571462631226,0.5434638857841492,0.8857142925262451,0.5635567307472229
breast,4,sampler,sgd,0.005,4,1402,0.9428571462631226,0.5391212105751038,0.8857142925262451,0.5560530424118042
breast,4,sampler,sgd,0.005,5,1444,0.9428571462631226,0.5397696495056152,0.8857142925262451,0.5583035349845886
breast,4,sampler,sgd,0.01,1,1276,0.9285714626312256,0.5471360683441162,0.8999999761581421,0.5587886571884155
breast,4,sampler,sgd,0.01,2,1318,0.9428571462631226,0.5438450574874878,0.8714285492897034,0.5577051639556885
breast,4,sampler,sgd,0.01,3,1360,0.9428571462631226,0.5432078838348389,0.8857142925262451,0.5631153583526611
breast,4,sampler,sgd,0.01,4,1402,0.9428571462631226,0.5387517809867859,0.8857142925262451,0.5559205412864685
breast,4,sampler,sgd,0.01,5,1444,0.9428571462631226,0.5394836068153381,0.8857142925262451,0.558397650718689
breast,4,sampler,sgd,0.05,1,1276,0.9428571462631226,0.5437291860580444,0.8999999761581421,0.5581545233726501
breast,4,sampler,sgd,0.05,2,1318,0.9428571462631226,0.537522554397583,0.8714285492897034,0.5591323971748352
breast,4,sampler,sgd,0.05,3,1360,0.9428571462631226,0.5410559177398682,0.8857142925262451,0.5600396394729614
breast,4,sampler,sgd,0.05,4,1402,0.9428571462631226,0.536483645439148,0.8857142925262451,0.5547981858253479
breast,4,sampler,sgd,0.05,5,1444,0.9428571462631226,0.5374666452407837,0.8714285492897034,0.55899977684021
breast,4,sampler,sgd,0.1,1,1276,0.9428571462631226,0.5408305525779724,0.8857142925262451,0.5579831600189209
breast,4,sampler,sgd,0.1,2,1318,0.9428571462631226,0.5342711210250854,0.8714285492897034,0.5592579245567322
breast,4,sampler,sgd,0.1,3,1360,0.9428571462631226,0.5384142994880676,0.8857142925262451,0.5570788979530334
breast,4,sampler,sgd,0.1,4,1402,0.9428571462631226,0.5343981981277466,0.8857142925262451,0.5538265705108643
breast,4,sampler,sgd,0.1,5,1444,0.9428571462631226,0.534992516040802,0.8714285492897034,0.5590175986289978
breast,8,ffnn_0layer,adam,0.001,1,1276,0.985714316368103,0.5045984983444214,0.8999999761581421,0.5296962261199951
breast,8,ffnn_0layer,adam,0.001,2,1318,1.0,0.5048410296440125,0.8999999761581421,0.5327317118644714
breast,8,ffnn_0layer,adam,0.001,3,1360,0.985714316368103,0.5051882266998291,0.8999999761581421,0.5303782820701599
breast,8,ffnn_0layer,adam,0.001,4,1402,0.985714316368103,0.5041975975036621,0.8999999761581421,0.5289936065673828
breast,8,ffnn_0layer,adam,0.001,5,1444,0.985714316368103,0.5045075416564941,0.8999999761581421,0.529574453830719
breast,8,ffnn_0layer,adam,0.005,1,1276,0.985714316368103,0.5033748149871826,0.9285714626312256,0.5279105305671692
breast,8,ffnn_0layer,adam,0.005,2,1318,0.985714316368103,0.5036491751670837,0.9142857193946838,0.5275629162788391
breast,8,ffnn_0layer,adam,0.005,3,1360,0.9714285731315613,0.5038611888885498,0.9285714626312256,0.5274698734283447
breast,8,ffnn_0layer,adam,0.005,4,1402,0.9714285731315613,0.5040005445480347,0.9285714626312256,0.5265928506851196
breast,8,ffnn_0layer,adam,0.005,5,1444,0.985714316368103,0.5037596821784973,0.9285714626312256,0.5268430709838867
breast,8,ffnn_0layer,adam,0.01,1,1276,0.985714316368103,0.5030384063720703,0.9285714626312256,0.5277986526489258
breast,8,ffnn_0layer,adam,0.01,2,1318,0.985714316368103,0.503598153591156,0.9285714626312256,0.5274951457977295
breast,8,ffnn_0layer,adam,0.01,3,1360,0.9714285731315613,0.5042580366134644,0.9285714626312256,0.5273308753967285
breast,8,ffnn_0layer,adam,0.01,4,1402,0.9714285731315613,0.5043806433677673,0.9285714626312256,0.5259279012680054
breast,8,ffnn_0layer,adam,0.01,5,1444,0.985714316368103,0.504008948802948,0.9285714626312256,0.5265180468559265
breast,8,ffnn_0layer,adam,0.05,1,1276,0.985714316368103,0.5037720203399658,0.9285714626312256,0.5263632535934448
breast,8,ffnn_0layer,adam,0.05,2,1318,0.985714316368103,0.5036721229553223,0.9142857193946838,0.5258480906486511
breast,8,ffnn_0layer,adam,0.05,3,1360,0.985714316368103,0.5027775764465332,0.9142857193946838,0.5286726951599121
breast,8,ffnn_0layer,adam,0.05,4,1402,0.985714316368103,0.504249095916748,0.9285714626312256,0.5267031788825989
breast,8,ffnn_0layer,adam,0.05,5,1444,0.985714316368103,0.5022624135017395,0.9285714626312256,0.5282779335975647
breast,8,ffnn_0layer,adam,0.1,1,1276,0.9714285731315613,0.5041433572769165,0.9285714626312256,0.5259108543395996
breast,8,ffnn_0layer,adam,0.1,2,1318,0.985714316368103,0.5046030282974243,0.9142857193946838,0.5251588821411133
breast,8,ffnn_0layer,adam,0.1,3,1360,0.985714316368103,0.5023056864738464,0.9285714626312256,0.5251370668411255
breast,8,ffnn_0layer,adam,0.1,4,1402,0.985714316368103,0.500320553779602,0.9142857193946838,0.52861487865448
breast,8,ffnn_0layer,adam,0.1,5,1444,0.985714316368103,0.5043897032737732,0.9142857193946838,0.5268588066101074
breast,8,ffnn_0layer,sgd,0.001,1,1276,0.9428571462631226,0.5181641578674316,0.9285714626312256,0.5309057235717773
breast,8,ffnn_0layer,sgd,0.001,2,1318,0.9571428894996643,0.513499915599823,0.8999999761581421,0.5298950672149658
breast,8,ffnn_0layer,sgd,0.001,3,1360,0.9571428894996643,0.5122665166854858,0.9142857193946838,0.5294727683067322
breast,8,ffnn_0layer,sgd,0.001,4,1402,0.9428571462631226,0.5181640386581421,0.8857142925262451,0.5326764583587646
breast,8,ffnn_0layer,sgd,0.001,5,1444,0.9714285731315613,0.5092751979827881,0.8999999761581421,0.5334372520446777
breast,8,ffnn_0layer,sgd,0.005,1,1276,0.9428571462631226,0.5180296897888184,0.9285714626312256,0.5309514999389648
breast,8,ffnn_0layer,sgd,0.005,2,1318,0.9571428894996643,0.5134400725364685,0.8999999761581421,0.529922604560852
breast,8,ffnn_0layer,sgd,0.005,3,1360,0.9571428894996643,0.5122747421264648,0.9142857193946838,0.5294839143753052
breast,8,ffnn_0layer,sgd,0.005,4,1402,0.9428571462631226,0.5181305408477783,0.8857142925262451,0.5326967239379883
breast,8,ffnn_0layer,sgd,0.005,5,1444,0.9714285731315613,0.5092586278915405,0.8999999761581421,0.5334311127662659
breast,8,ffnn_0layer,sgd,0.01,1,1276,0.9428571462631226,0.5178591012954712,0.9285714626312256,0.5310099720954895
breast,8,ffnn_0layer,sgd,0.01,2,1318,0.9571428894996643,0.5133665204048157,0.8999999761581421,0.5299567580223083
breast,8,ffnn_0layer,sgd,0.01,3,1360,0.9571428894996643,0.5122830271720886,0.9142857193946838,0.5294971466064453
breast,8,ffnn_0layer,sgd,0.01,4,1402,0.9428571462631226,0.518086850643158,0.8857142925262451,0.5327200293540955
breast,8,ffnn_0layer,sgd,0.01,5,1444,0.9714285731315613,0.5092379450798035,0.8999999761581421,0.5334234237670898
breast,8,ffnn_0layer,sgd,0.05,1,1276,0.9428571462631226,0.5164226293563843,0.9285714626312256,0.5314924120903015
breast,8,ffnn_0layer,sgd,0.05,2,1318,0.9714285731315613,0.5128258466720581,0.8999999761581421,0.5302267074584961
breast,8,ffnn_0layer,sgd,0.05,3,1360,0.9428571462631226,0.5122544169425964,0.9142857193946838,0.5295941233634949
breast,8,ffnn_0layer,sgd,0.05,4,1402,0.9428571462631226,0.5176612138748169,0.8999999761581421,0.532878041267395
breast,8,ffnn_0layer,sgd,0.05,5,1444,0.9714285731315613,0.5090718865394592,0.8857142925262451,0.5333612561225891
breast,8,ffnn_0layer,sgd,0.1,1,1276,0.9571428894996643,0.5146032571792603,0.9142857193946838,0.5319899320602417
breast,8,ffnn_0layer,sgd,0.1,2,1318,0.9714285731315613,0.5122426152229309,0.8999999761581421,0.530561089515686
breast,8,ffnn_0layer,sgd,0.1,3,1360,0.9428571462631226,0.5119125247001648,0.9142857193946838,0.5297400951385498
breast,8,ffnn_0layer,sgd,0.1,4,1402,0.9428571462631226,0.5169553160667419,0.8999999761581421,0.5330994725227356
breast,8,ffnn_0layer,sgd,0.1,5,1444,0.9714285731315613,0.5088631510734558,0.8857142925262451,0.5332848429679871
breast,8,sampler,adam,0.001,1,1276,0.9428571462631226,0.5126222968101501,0.8999999761581421,0.5360904335975647
breast,8,sampler,adam,0.001,2,1318,0.9571428894996643,0.5094367861747742,0.8999999761581421,0.533444344997406
breast,8,sampler,adam,0.001,3,1360,0.9714285731315613,0.5100700855255127,0.8999999761581421,0.5335912704467773
breast,8,sampler,adam,0.001,4,1402,0.9571428894996643,0.5110106468200684,0.8999999761581421,0.5341336131095886
breast,8,sampler,adam,0.001,5,1444,0.9571428894996643,0.509807288646698,0.8999999761581421,0.5346218347549438
breast,8,sampler,adam,0.005,1,1276,0.985714316368103,0.503709614276886,0.9142857193946838,0.5270919799804688
breast,8,sampler,adam,0.005,2,1318,0.985714316368103,0.5032983422279358,0.9142857193946838,0.5274068713188171
breast,8,sampler,adam,0.005,3,1360,0.9714285731315613,0.5036590695381165,0.9285714626312256,0.5272607803344727
breast,8,sampler,adam,0.005,4,1402,0.985714316368103,0.5035344362258911,0.9142857193946838,0.5268703699111938
breast,8,sampler,adam,0.005,5,1444,0.985714316368103,0.5035013556480408,0.9285714626312256,0.5266599059104919
breast,8,sampler,adam,0.01,1,1276,0.985714316368103,0.5033745169639587,0.9285714626312256,0.5279098749160767
breast,8,sampler,adam,0.01,2,1318,0.985714316368103,0.5036441683769226,0.9142857193946838,0.5275788307189941
breast,8,sampler,adam,0.01,3,1360,0.9714285731315613,0.5038629174232483,0.9285714626312256,0.5274690985679626
breast,8,sampler,adam,0.01,4,1402,0.9714285731315613,0.504004716873169,0.9285714626312256,0.5266005396842957
breast,8,sampler,adam,0.01,5,1444,0.985714316368103,0.5037596821784973,0.9285714626312256,0.5268421173095703
breast,8,sampler,adam,0.05,1,1276,0.9714285731315613,0.5033738017082214,0.9285714626312256,0.5266527533531189
breast,8,sampler,adam,0.05,2,1318,0.985714316368103,0.5027663707733154,0.9142857193946838,0.5277027487754822
breast,8,sampler,adam,0.05,3,1360,0.9714285731315613,0.5040469765663147,0.9142857193946838,0.528374969959259
breast,8,sampler,adam,0.05,4,1402,0.985714316368103,0.5048933029174805,0.9285714626312256,0.5255947113037109
breast,8,sampler,adam,0.05,5,1444,0.985714316368103,0.503398597240448,0.9285714626312256,0.5269712209701538
breast,8,sampler,adam,0.1,1,1276,0.985714316368103,0.503771960735321,0.9285714626312256,0.5263631939888
breast,8,sampler,adam,0.1,2,1318,0.985714316368103,0.503672182559967,0.9142857193946838,0.5258480906486511
breast,8,sampler,adam,0.1,3,1360,0.985714316368103,0.5027774572372437,0.9142857193946838,0.5286726355552673
breast,8,sampler,adam,0.1,4,1402,0.985714316368103,0.5042491555213928,0.9285714626312256,0.5267031788825989
breast,8,sampler,adam,0.1,5,1444,0.985714316368103,0.5022624135017395,0.9285714626312256,0.5282779932022095
breast,8,sampler,sgd,0.001,1,1276,0.9571428894996643,0.5174577236175537,0.8999999761581421,0.5333006978034973
breast,8,sampler,sgd,0.001,2,1318,0.9428571462631226,0.5170081257820129,0.9142857193946838,0.5305042266845703
breast,8,sampler,sgd,0.001,3,1360,0.9428571462631226,0.520090639591217,0.9285714626312256,0.529114305973053
breast,8,sampler,sgd,0.001,4,1402,0.9571428894996643,0.5154750943183899,0.9285714626312256,0.5268964767456055
breast,8,sampler,sgd,0.001,5,1444,0.9714285731315613,0.5109425783157349,0.8999999761581421,0.5343193411827087
breast,8,sampler,sgd,0.005,1,1276,0.9571428894996643,0.5173723101615906,0.8999999761581421,0.5333092212677002
breast,8,sampler,sgd,0.005,2,1318,0.9428571462631226,0.5168899297714233,0.9142857193946838,0.5305198431015015
breast,8,sampler,sgd,0.005,3,1360,0.9428571462631226,0.520021915435791,0.9285714626312256,0.5291194319725037
breast,8,sampler,sgd,0.005,4,1402,0.9571428894996643,0.5153849720954895,0.9285714626312256,0.5269297957420349
breast,8,sampler,sgd,0.005,5,1444,0.9714285731315613,0.5109520554542542,0.8999999761581421,0.5343174338340759
breast,8,sampler,sgd,0.01,1,1276,0.9571428894996643,0.5172690153121948,0.8999999761581421,0.5333205461502075
breast,8,sampler,sgd,0.01,2,1318,0.9428571462631226,0.5167450904846191,0.9142857193946838,0.5305395722389221
breast,8,sampler,sgd,0.01,3,1360,0.9428571462631226,0.5199331045150757,0.9285714626312256,0.5291285514831543
breast,8,sampler,sgd,0.01,4,1402,0.9571428894996643,0.5152736306190491,0.9285714626312256,0.5269720554351807
breast,8,sampler,sgd,0.01,5,1444,0.9714285731315613,0.5109642148017883,0.8999999761581421,0.5343154072761536
breast,8,sampler,sgd,0.05,1,1276,0.9571428894996643,0.5165773630142212,0.8999999761581421,0.5334373712539673
breast,8,sampler,sgd,0.05,2,1318,0.9428571462631226,0.5156962275505066,0.9285714626312256,0.5307005643844604
breast,8,sampler,sgd,0.05,3,1360,0.9428571462631226,0.5191137790679932,0.9285714626312256,0.5292977690696716
breast,8,sampler,sgd,0.05,4,1402,0.9714285731315613,0.5144422650337219,0.9285714626312256,0.5273271203041077
breast,8,sampler,sgd,0.05,5,1444,0.9714285731315613,0.511069118976593,0.8999999761581421,0.5343068838119507
breast,8,sampler,sgd,0.1,1,1276,0.9571428894996643,0.5159925818443298,0.8999999761581421,0.533624529838562
breast,8,sampler,sgd,0.1,2,1318,0.9571428894996643,0.5146474838256836,0.9142857193946838,0.5309048891067505
breast,8,sampler,sgd,0.1,3,1360,0.9428571462631226,0.5178722739219666,0.9285714626312256,0.5297131538391113
breast,8,sampler,sgd,0.1,4,1402,0.9571428894996643,0.513576090335846,0.9285714626312256,0.5277960896492004
breast,8,sampler,sgd,0.1,5,1444,0.9714285731315613,0.5112169981002808,0.8999999761581421,0.5343167185783386
breast,9,ffnn_0layer,adam,0.001,1,1276,1.0,0.5042170286178589,0.9142857193946838,0.527154266834259
breast,9,ffnn_0layer,adam,0.001,2,1318,1.0,0.5029904842376709,0.9285714626312256,0.5237354040145874
breast,9,ffnn_0layer,adam,0.001,3,1360,1.0,0.5034476518630981,0.9142857193946838,0.5250269770622253
breast,9,ffnn_0layer,adam,0.001,4,1402,1.0,0.5045854449272156,0.9142857193946838,0.5272684693336487
breast,9,ffnn_0layer,adam,0.001,5,1444,1.0,0.5037665367126465,0.9142857193946838,0.5262322425842285
breast,9,ffnn_0layer,adam,0.005,1,1276,1.0,0.5027855038642883,0.9285714626312256,0.5238206386566162
breast,9,ffnn_0layer,adam,0.005,2,1318,1.0,0.5031629204750061,0.9285714626312256,0.5231867432594299
breast,9,ffnn_0layer,adam,0.005,3,1360,0.985714316368103,0.5029531717300415,0.9285714626312256,0.5235891342163086
breast,9,ffnn_0layer,adam,0.005,4,1402,1.0,0.502909779548645,0.9285714626312256,0.522649884223938
breast,9,ffnn_0layer,adam,0.005,5,1444,1.0,0.502963662147522,0.9285714626312256,0.5229447484016418
breast,9,ffnn_0layer,adam,0.01,1,1276,1.0,0.5023723840713501,0.9285714626312256,0.5239740610122681
breast,9,ffnn_0layer,adam,0.01,2,1318,1.0,0.5032083988189697,0.9285714626312256,0.5229746103286743
breast,9,ffnn_0layer,adam,0.01,3,1360,0.985714316368103,0.5033928155899048,0.9285714626312256,0.5233801007270813
breast,9,ffnn_0layer,adam,0.01,4,1402,1.0,0.5032739043235779,0.9285714626312256,0.5219218134880066
breast,9,ffnn_0layer,adam,0.01,5,1444,1.0,0.5030127167701721,0.9285714626312256,0.5226942896842957
breast,9,ffnn_0layer,adam,0.05,1,1276,0.985714316368103,0.502873420715332,0.9285714626312256,0.5230978727340698
breast,9,ffnn_0layer,adam,0.05,2,1318,1.0,0.5039944648742676,0.9142857193946838,0.5223017930984497
breast,9,ffnn_0layer,adam,0.05,3,1360,0.985714316368103,0.5020914673805237,0.9285714626312256,0.5234606862068176
breast,9,ffnn_0layer,adam,0.05,4,1402,1.0,0.5038281083106995,0.9285714626312256,0.5226088762283325
breast,9,ffnn_0layer,adam,0.05,5,1444,1.0,0.5011060237884521,0.9285714626312256,0.5232140421867371
breast,9,ffnn_0layer,adam,0.1,1,1276,0.985714316368103,0.5037921667098999,0.9285714626312256,0.5241665244102478
breast,9,ffnn_0layer,adam,0.1,2,1318,0.985714316368103,0.505970299243927,0.9428571462631226,0.5208128690719604
breast,9,ffnn_0layer,adam,0.1,3,1360,1.0,0.5015256404876709,0.9285714626312256,0.5241642594337463
breast,9,ffnn_0layer,adam,0.1,4,1402,1.0,0.5013202428817749,0.9285714626312256,0.5254140496253967
breast,9,ffnn_0layer,adam,0.1,5,1444,1.0,0.5050083994865417,0.9428571462631226,0.5205658078193665
breast,9,ffnn_0layer,sgd,0.001,1,1276,0.9714285731315613,0.5102292895317078,0.9285714626312256,0.5273189544677734
breast,9,ffnn_0layer,sgd,0.001,2,1318,0.9571428894996643,0.5102819204330444,0.9142857193946838,0.5269553065299988
breast,9,ffnn_0layer,sgd,0.001,3,1360,0.9285714626312256,0.5214725136756897,0.9142857193946838,0.5285309553146362
breast,9,ffnn_0layer,sgd,0.001,4,1402,0.9571428894996643,0.5149374008178711,0.9714285731315613,0.5210918188095093
breast,9,ffnn_0layer,sgd,0.001,5,1444,0.985714316368103,0.5106303095817566,0.9428571462631226,0.5246354341506958
breast,9,ffnn_0layer,sgd,0.005,1,1276,0.9714285731315613,0.5101910829544067,0.9285714626312256,0.5274046063423157
breast,9,ffnn_0layer,sgd,0.005,2,1318,0.9571428894996643,0.5102862119674683,0.9142857193946838,0.5268710255622864
breast,9,ffnn_0layer,sgd,0.005,3,1360,0.9285714626312256,0.5214088559150696,0.9142857193946838,0.5284211039543152
breast,9,ffnn_0layer,sgd,0.005,4,1402,0.9571428894996643,0.5149850249290466,0.9714285731315613,0.5211081504821777
breast,9,ffnn_0layer,sgd,0.005,5,1444,0.985714316368103,0.5105293989181519,0.9428571462631226,0.5247626900672913
breast,9,ffnn_0layer,sgd,0.01,1,1276,0.9714285731315613,0.5101429224014282,0.9285714626312256,0.5275087356567383
breast,9,ffnn_0layer,sgd,0.01,2,1318,0.9571428894996643,0.5102904438972473,0.9285714626312256,0.5267655253410339
breast,9,ffnn_0layer,sgd,0.01,3,1360,0.9285714626312256,0.5213268995285034,0.9142857193946838,0.5282853841781616
breast,9,ffnn_0layer,sgd,0.01,4,1402,0.9571428894996643,0.5150443911552429,0.9714285731315613,0.5211274027824402
breast,9,ffnn_0layer,sgd,0.01,5,1444,0.985714316368103,0.5104058980941772,0.9428571462631226,0.5249217748641968
breast,9,ffnn_0layer,sgd,0.05,1,1276,0.9714285731315613,0.5097395777702332,0.9285714626312256,0.5281965136528015
breast,9,ffnn_0layer,sgd,0.05,2,1318,0.9571428894996643,0.5102726817131042,0.9285714626312256,0.5259153246879578
breast,9,ffnn_0layer,sgd,0.05,3,1360,0.9285714626312256,0.520579993724823,0.9285714626312256,0.5272805094718933
breast,9,ffnn_0layer,sgd,0.05,4,1402,0.9714285731315613,0.5154833793640137,0.9714285731315613,0.5212500095367432
breast,9,ffnn_0layer,sgd,0.05,5,1444,0.985714316368103,0.5095341205596924,0.9285714626312256,0.5261749029159546
breast,9,ffnn_0layer,sgd,0.1,1,1276,0.985714316368103,0.5092190504074097,0.9142857193946838,0.5287255048751831
breast,9,ffnn_0layer,sgd,0.1,2,1318,0.9714285731315613,0.5101000070571899,0.9285714626312256,0.5248587727546692
breast,9,ffnn_0layer,sgd,0.1,3,1360,0.9428571462631226,0.5194317102432251,0.9285714626312256,0.5262225270271301
breast,9,ffnn_0layer,sgd,0.1,4,1402,0.9571428894996643,0.5157220959663391,0.9714285731315613,0.5213666558265686
breast,9,ffnn_0layer,sgd,0.1,5,1444,0.985714316368103,0.5087371468544006,0.9285714626312256,0.5275976657867432
breast,9,sampler,adam,0.001,1,1276,0.9571428894996643,0.5103447437286377,0.9142857193946838,0.5330581068992615
breast,9,sampler,adam,0.001,2,1318,0.9714285731315613,0.5059230923652649,0.9142857193946838,0.5319995284080505
breast,9,sampler,adam,0.001,3,1360,0.985714316368103,0.5074998140335083,0.9142857193946838,0.53001469373703
breast,9,sampler,adam,0.001,4,1402,0.9714285731315613,0.5079355239868164,0.8999999761581421,0.5322397351264954
breast,9,sampler,adam,0.001,5,1444,0.9571428894996643,0.5077838897705078,0.9142857193946838,0.5307567119598389
breast,9,sampler,adam,0.005,1,1276,1.0,0.502946138381958,0.9285714626312256,0.5231596231460571
breast,9,sampler,adam,0.005,2,1318,1.0,0.5028133392333984,0.9285714626312256,0.5231987237930298
breast,9,sampler,adam,0.005,3,1360,1.0,0.5027999877929688,0.9285714626312256,0.5234992504119873
breast,9,sampler,adam,0.005,4,1402,1.0,0.5024986267089844,0.9285714626312256,0.5228472948074341
breast,9,sampler,adam,0.005,5,1444,1.0,0.5027379393577576,0.9285714626312256,0.5228803157806396
breast,9,sampler,adam,0.01,1,1276,1.0,0.5027846097946167,0.9285714626312256,0.5238208770751953
breast,9,sampler,adam,0.01,2,1318,1.0,0.5031660795211792,0.9285714626312256,0.5231930613517761
breast,9,sampler,adam,0.01,3,1360,0.985714316368103,0.5029540061950684,0.9285714626312256,0.5235894322395325
breast,9,sampler,adam,0.01,4,1402,1.0,0.5029104351997375,0.9285714626312256,0.5226539373397827
breast,9,sampler,adam,0.01,5,1444,1.0,0.5029633641242981,0.9285714626312256,0.5229449272155762
breast,9,sampler,adam,0.05,1,1276,0.985714316368103,0.5022545456886292,0.9285714626312256,0.5233880281448364
breast,9,sampler,adam,0.05,2,1318,1.0,0.5026589035987854,0.9285714626312256,0.5232018828392029
breast,9,sampler,adam,0.05,3,1360,0.985714316368103,0.5032199025154114,0.9285714626312256,0.5237469673156738
breast,9,sampler,adam,0.05,4,1402,1.0,0.5037679672241211,0.9285714626312256,0.5213875770568848
breast,9,sampler,adam,0.05,5,1444,1.0,0.5021519064903259,0.9285714626312256,0.5230253338813782
breast,9,sampler,adam,0.1,1,1276,0.985714316368103,0.502873420715332,0.9285714626312256,0.5230979323387146
breast,9,sampler,adam,0.1,2,1318,1.0,0.503994345664978,0.9142857193946838,0.5223017930984497
breast,9,sampler,adam,0.1,3,1360,0.985714316368103,0.5020914673805237,0.9285714626312256,0.5234606862068176
breast,9,sampler,adam,0.1,4,1402,1.0,0.5038281083106995,0.9285714626312256,0.5226089954376221
breast,9,sampler,adam,0.1,5,1444,1.0,0.5011059641838074,0.9285714626312256,0.5232140421867371
breast,9,sampler,sgd,0.001,1,1276,0.9714285731315613,0.5142945647239685,0.9142857193946838,0.5303138494491577
breast,9,sampler,sgd,0.001,2,1318,0.9571428894996643,0.5138389468193054,0.9142857193946838,0.5295040607452393
breast,9,sampler,sgd,0.001,3,1360,0.9571428894996643,0.5159468054771423,0.9428571462631226,0.5265881419181824
breast,9,sampler,sgd,0.001,4,1402,0.9714285731315613,0.5122251510620117,0.9428571462631226,0.5255889296531677
breast,9,sampler,sgd,0.001,5,1444,0.9714285731315613,0.5091114044189453,0.8999999761581421,0.5336774587631226
breast,9,sampler,sgd,0.005,1,1276,0.9714285731315613,0.5142176151275635,0.9142857193946838,0.53034508228302
breast,9,sampler,sgd,0.005,2,1318,0.9571428894996643,0.5137308835983276,0.9142857193946838,0.5295294523239136
breast,9,sampler,sgd,0.005,3,1360,0.9571428894996643,0.515891432762146,0.9428571462631226,0.5265970230102539
breast,9,sampler,sgd,0.005,4,1402,0.9714285731315613,0.5121512413024902,0.9428571462631226,0.5256326198577881
breast,9,sampler,sgd,0.005,5,1444,0.9714285731315613,0.5091100335121155,0.8999999761581421,0.5336694717407227
breast,9,sampler,sgd,0.01,1,1276,0.9714285731315613,0.5141241550445557,0.9142857193946838,0.5303840041160583
breast,9,sampler,sgd,0.01,2,1318,0.9571428894996643,0.5135982036590576,0.9142857193946838,0.5295605063438416
breast,9,sampler,sgd,0.01,3,1360,0.9571428894996643,0.5158193707466125,0.9428571462631226,0.5266103744506836
breast,9,sampler,sgd,0.01,4,1402,0.9714285731315613,0.5120598077774048,0.9428571462631226,0.5256876945495605
breast,9,sampler,sgd,0.01,5,1444,0.9714285731315613,0.5091082453727722,0.8999999761581421,0.5336593389511108
breast,9,sampler,sgd,0.05,1,1276,0.9714285731315613,0.513490617275238,0.9142857193946838,0.5306863784790039
breast,9,sampler,sgd,0.05,2,1318,0.9571428894996643,0.5126298069953918,0.9285714626312256,0.5298029780387878
breast,9,sampler,sgd,0.05,3,1360,0.9571428894996643,0.5151371955871582,0.9428571462631226,0.5268037915229797
breast,9,sampler,sgd,0.05,4,1402,0.985714316368103,0.5113703012466431,0.9428571462631226,0.5261359810829163
breast,9,sampler,sgd,0.05,5,1444,0.9714285731315613,0.5091027021408081,0.8999999761581421,0.5335814356803894
breast,9,sampler,sgd,0.1,1,1276,0.9714285731315613,0.5129349827766418,0.9142857193946838,0.5310317873954773
breast,9,sampler,sgd,0.1,2,1318,0.9714285731315613,0.5116417407989502,0.9142857193946838,0.5300838947296143
breast,9,sampler,sgd,0.1,3,1360,0.9571428894996643,0.5140686631202698,0.9571428894996643,0.5272311568260193
breast,9,sampler,sgd,0.1,4,1402,0.9714285731315613,0.5106388926506042,0.9428571462631226,0.5266998410224915
breast,9,sampler,sgd,0.1,5,1444,0.9714285731315613,0.5091123580932617,0.8999999761581421,0.533488392829895
heart,4,ffnn_0layer,adam,0.001,1,1276,0.5609756112098694,0.6647040843963623,0.625,0.6638500094413757
heart,4,ffnn_0layer,adam,0.001,2,1318,0.5609756112098694,0.6648170948028564,0.625,0.6636161804199219
heart,4,ffnn_0layer,adam,0.001,3,1360,0.5609756112098694,0.6649618148803711,0.625,0.6643422245979309
heart,4,ffnn_0layer,adam,0.001,4,1402,0.5609756112098694,0.6663535237312317,0.625,0.6623214483261108
heart,4,ffnn_0layer,adam,0.001,5,1444,0.5609756112098694,0.664684534072876,0.625,0.6639067530632019
heart,4,ffnn_0layer,adam,0.005,1,1276,0.5609756112098694,0.6650550961494446,0.625,0.6632720232009888
heart,4,ffnn_0layer,adam,0.005,2,1318,0.5609756112098694,0.6647421717643738,0.625,0.6636644005775452
heart,4,ffnn_0layer,adam,0.005,3,1360,0.5609756112098694,0.6646600961685181,0.625,0.6638739109039307
heart,4,ffnn_0layer,adam,0.005,4,1402,0.5609756112098694,0.6649147868156433,0.625,0.6643070578575134
heart,4,ffnn_0layer,adam,0.005,5,1444,0.5609756112098694,0.6647918224334717,0.625,0.6635836362838745
heart,4,ffnn_0layer,adam,0.01,1,1276,0.5609756112098694,0.6655871868133545,0.625,0.6628143191337585
heart,4,ffnn_0layer,adam,0.01,2,1318,0.5609756112098694,0.6651241779327393,0.625,0.6632040143013
heart,4,ffnn_0layer,adam,0.01,3,1360,0.5609756112098694,0.6647982001304626,0.625,0.6635735630989075
heart,4,ffnn_0layer,adam,0.01,4,1402,0.5609756112098694,0.6651989221572876,0.625,0.6644282937049866
heart,4,ffnn_0layer,adam,0.01,5,1444,0.5609756112098694,0.6649056673049927,0.625,0.6634342074394226
heart,4,ffnn_0layer,adam,0.05,1,1276,0.5609756112098694,0.6649379730224609,0.625,0.6633960008621216
heart,4,ffnn_0layer,adam,0.05,2,1318,0.5609756112098694,0.6648808717727661,0.625,0.6634634733200073
heart,4,ffnn_0layer,adam,0.05,3,1360,0.5609756112098694,0.6652094721794128,0.625,0.6631245613098145
heart,4,ffnn_0layer,adam,0.05,4,1402,0.5609756112098694,0.6651576161384583,0.625,0.6644141674041748
heart,4,ffnn_0layer,adam,0.05,5,1444,0.5609756112098694,0.665212094783783,0.625,0.6631218791007996
heart,4,ffnn_0layer,adam,0.1,1,1276,0.5609756112098694,0.6646549105644226,0.625,0.6639975309371948
heart,4,ffnn_0layer,adam,0.1,2,1318,0.5609756112098694,0.6665558218955994,0.625,0.6621958613395691
heart,4,ffnn_0layer,adam,0.1,3,1360,0.5609756112098694,0.6650811433792114,0.625,0.6632453203201294
heart,4,ffnn_0layer,adam,0.1,4,1402,0.5609756112098694,0.6646720170974731,0.625,0.6640632152557373
heart,4,ffnn_0layer,adam,0.1,5,1444,0.5609756112098694,0.6653993725776672,0.625,0.6629613637924194
heart,4,ffnn_0layer,sgd,0.001,1,1276,0.5609756112098694,0.6649964451789856,0.625,0.663561224937439
heart,4,ffnn_0layer,sgd,0.001,2,1318,0.5609756112098694,0.6656684875488281,0.625,0.6629139184951782
heart,4,ffnn_0layer,sgd,0.001,3,1360,0.5609756112098694,0.6654863953590393,0.625,0.6645670533180237
heart,4,ffnn_0layer,sgd,0.001,4,1402,0.5365853309631348,0.6690890789031982,0.699999988079071,0.6615265607833862
heart,4,ffnn_0layer,sgd,0.001,5,1444,0.5609756112098694,0.6648213267326355,0.625,0.6638112664222717
heart,4,ffnn_0layer,sgd,0.005,1,1276,0.5609756112098694,0.6649946570396423,0.625,0.6635617017745972
heart,4,ffnn_0layer,sgd,0.005,2,1318,0.5609756112098694,0.6656628847122192,0.625,0.6629163026809692
heart,4,ffnn_0layer,sgd,0.005,3,1360,0.5609756112098694,0.6654818058013916,0.625,0.6645651459693909
heart,4,ffnn_0layer,sgd,0.005,4,1402,0.5365853309631348,0.66908198595047,0.699999988079071,0.6615250110626221
heart,4,ffnn_0layer,sgd,0.005,5,1444,0.5609756112098694,0.6648204922676086,0.625,0.6638106107711792
heart,4,ffnn_0layer,sgd,0.01,1,1276,0.5609756112098694,0.664992094039917,0.625,0.6635624170303345
heart,4,ffnn_0layer,sgd,0.01,2,1318,0.5609756112098694,0.6656562685966492,0.625,0.662919282913208
heart,4,ffnn_0layer,sgd,0.01,3,1360,0.5609756112098694,0.665476381778717,0.625,0.6645627021789551
heart,4,ffnn_0layer,sgd,0.01,4,1402,0.5365853309631348,0.6690724492073059,0.699999988079071,0.6615233421325684
heart,4,ffnn_0layer,sgd,0.01,5,1444,0.5609756112098694,0.6648193001747131,0.625,0.6638100743293762
heart,4,ffnn_0layer,sgd,0.05,1,1276,0.5609756112098694,0.6649749875068665,0.625,0.6635679006576538
heart,4,ffnn_0layer,sgd,0.05,2,1318,0.5609756112098694,0.665604293346405,0.625,0.6629425883293152
heart,4,ffnn_0layer,sgd,0.05,3,1360,0.5609756112098694,0.6654325723648071,0.625,0.6645439267158508
heart,4,ffnn_0layer,sgd,0.05,4,1402,0.5121951103210449,0.6689810156822205,0.699999988079071,0.6615127921104431
heart,4,ffnn_0layer,sgd,0.05,5,1444,0.5609756112098694,0.6648108959197998,0.625,0.6638052463531494
heart,4,ffnn_0layer,sgd,0.1,1,1276,0.5609756112098694,0.6649562120437622,0.625,0.6635732650756836
heart,4,ffnn_0layer,sgd,0.1,2,1318,0.5609756112098694,0.6655458211898804,0.625,0.6629709601402283
heart,4,ffnn_0layer,sgd,0.1,3,1360,0.5609756112098694,0.6653808355331421,0.625,0.6645223498344421
heart,4,ffnn_0layer,sgd,0.1,4,1402,0.5853658318519592,0.6688286662101746,0.7250000238418579,0.6615105867385864
heart,4,ffnn_0layer,sgd,0.1,5,1444,0.5609756112098694,0.6648018956184387,0.625,0.6637989282608032
heart,4,sampler,adam,0.001,1,1276,0.5609756112098694,0.665445864200592,0.625,0.6644977927207947
heart,4,sampler,adam,0.001,2,1318,0.5609756112098694,0.6652911901473999,0.625,0.6630986928939819
heart,4,sampler,adam,0.001,3,1360,0.5609756112098694,0.6660202145576477,0.625,0.6646206974983215
heart,4,sampler,adam,0.001,4,1402,0.5609756112098694,0.665018618106842,0.625,0.6643577814102173
heart,4,sampler,adam,0.001,5,1444,0.5609756112098694,0.664668619632721,0.625,0.663854718208313
heart,4,sampler,adam,0.005,1,1276,0.5609756112098694,0.6646807789802551,0.625,0.6637997031211853
heart,4,sampler,adam,0.005,2,1318,0.5609756112098694,0.6646732687950134,0.625,0.6638287305831909
heart,4,sampler,adam,0.005,3,1360,0.5609756112098694,0.6647171974182129,0.625,0.6641397476196289
heart,4,sampler,adam,0.005,4,1402,0.5609756112098694,0.6649186611175537,0.625,0.6643083691596985
heart,4,sampler,adam,0.005,5,1444,0.5609756112098694,0.6646876335144043,0.625,0.6637817621231079
heart,4,sampler,adam,0.01,1,1276,0.5609756112098694,0.6650552153587341,0.625,0.6632720232009888
heart,4,sampler,adam,0.01,2,1318,0.5609756112098694,0.6647419929504395,0.625,0.6636633276939392
heart,4,sampler,adam,0.01,3,1360,0.5609756112098694,0.6646596193313599,0.625,0.6638733148574829
heart,4,sampler,adam,0.01,4,1402,0.5609756112098694,0.6649413108825684,0.625,0.6643215417861938
heart,4,sampler,adam,0.01,5,1444,0.5609756112098694,0.6647921800613403,0.625,0.6635831594467163
heart,4,sampler,adam,0.05,1,1276,0.5609756112098694,0.6653131246566772,0.625,0.6630333662033081
heart,4,sampler,adam,0.05,2,1318,0.5609756112098694,0.6653216481208801,0.625,0.6630264520645142
heart,4,sampler,adam,0.05,3,1360,0.5609756112098694,0.6650385856628418,0.625,0.6632882356643677
heart,4,sampler,adam,0.05,4,1402,0.5609756112098694,0.6654290556907654,0.625,0.6644960045814514
heart,4,sampler,adam,0.05,5,1444,0.5609756112098694,0.6655168533325195,0.625,0.6628679037094116
heart,4,sampler,adam,0.1,1,1276,0.5609756112098694,0.6649378538131714,0.625,0.6633962988853455
heart,4,sampler,adam,0.1,2,1318,0.5609756112098694,0.6648808121681213,0.625,0.6634635329246521
heart,4,sampler,adam,0.1,3,1360,0.5609756112098694,0.6652094721794128,0.625,0.6631245613098145
heart,4,sampler,adam,0.1,4,1402,0.5609756112098694,0.6651576161384583,0.625,0.6644141674041748
heart,4,sampler,adam,0.1,5,1444,0.5609756112098694,0.6652120351791382,0.625,0.6631219387054443
heart,4,sampler,sgd,0.001,1,1276,0.5609756112098694,0.6663554310798645,0.625,0.6646742224693298
heart,4,sampler,sgd,0.001,2,1318,0.5609756112098694,0.6660945415496826,0.625,0.662548840045929
heart,4,sampler,sgd,0.001,3,1360,0.5609756112098694,0.6671724319458008,0.625,0.6648004651069641
heart,4,sampler,sgd,0.001,4,1402,0.5609756112098694,0.6650722026824951,0.625,0.6643815636634827
heart,4,sampler,sgd,0.001,5,1444,0.5609756112098694,0.6646856665611267,0.625,0.6637921929359436
heart,4,sampler,sgd,0.005,1,1276,0.5609756112098694,0.6663503050804138,0.625,0.6646734476089478
heart,4,sampler,sgd,0.005,2,1318,0.5609756112098694,0.6660904288291931,0.625,0.66255122423172
heart,4,sampler,sgd,0.005,3,1360,0.5609756112098694,0.6671673655509949,0.625,0.6647996306419373
heart,4,sampler,sgd,0.005,4,1402,0.5609756112098694,0.6650716066360474,0.625,0.6643811464309692
heart,4,sampler,sgd,0.005,5,1444,0.5609756112098694,0.6646856665611267,0.625,0.6637917160987854
heart,4,sampler,sgd,0.01,1,1276,0.5609756112098694,0.6663439869880676,0.625,0.6646724939346313
heart,4,sampler,sgd,0.01,2,1318,0.5609756112098694,0.6660852432250977,0.625,0.6625540852546692
heart,4,sampler,sgd,0.01,3,1360,0.5609756112098694,0.6671609878540039,0.625,0.6647987961769104
heart,4,sampler,sgd,0.01,4,1402,0.5609756112098694,0.6650711894035339,0.625,0.6643810272216797
heart,4,sampler,sgd,0.01,5,1444,0.5609756112098694,0.6646860241889954,0.625,0.6637913584709167
heart,4,sampler,sgd,0.05,1,1276,0.5609756112098694,0.6662936210632324,0.625,0.6646643280982971
heart,4,sampler,sgd,0.05,2,1318,0.5609756112098694,0.6660451889038086,0.625,0.6625767946243286
heart,4,sampler,sgd,0.05,3,1360,0.5609756112098694,0.6671103239059448,0.625,0.664791464805603
heart,4,sampler,sgd,0.05,4,1402,0.5609756112098694,0.6650670766830444,0.625,0.6643794775009155
heart,4,sampler,sgd,0.05,5,1444,0.5609756112098694,0.6646871566772461,0.625,0.6637879610061646
heart,4,sampler,sgd,0.1,1,1276,0.5609756112098694,0.6662312746047974,0.625,0.6646541357040405
heart,4,sampler,sgd,0.1,2,1318,0.5609756112098694,0.6659978032112122,0.625,0.6626042127609253
heart,4,sampler,sgd,0.1,3,1360,0.5609756112098694,0.6670473217964172,0.625,0.6647821664810181
heart,4,sampler,sgd,0.1,4,1402,0.5609756112098694,0.6650619506835938,0.625,0.6643772125244141
heart,4,sampler,sgd,0.1,5,1444,0.5609756112098694,0.6646887063980103,0.625,0.6637837886810303
heart,8,ffnn_0layer,adam,0.001,1,1276,0.7560975551605225,0.6222178936004639,0.7750000357627869,0.5945479869842529
heart,8,ffnn_0layer,adam,0.001,2,1318,0.7560975551605225,0.6228750348091125,0.7750000357627869,0.5965922474861145
heart,8,ffnn_0layer,adam,0.001,3,1360,0.7560975551605225,0.6267112493515015,0.75,0.5976976752281189
heart,8,ffnn_0layer,adam,0.001,4,1402,0.7560975551605225,0.6262248158454895,0.800000011920929,0.5911306142807007
heart,8,ffnn_0layer,adam,0.001,5,1444,0.7560975551605225,0.6264691948890686,0.7750000357627869,0.5948286652565002
heart,8,ffnn_0layer,adam,0.005,1,1276,0.7560975551605225,0.6215488910675049,0.7750000357627869,0.5921226143836975
heart,8,ffnn_0layer,adam,0.005,2,1318,0.7560975551605225,0.620849609375,0.7750000357627869,0.5932853817939758
heart,8,ffnn_0layer,adam,0.005,3,1360,0.7560975551605225,0.621566116809845,0.7750000357627869,0.5921357870101929
heart,8,ffnn_0layer,adam,0.005,4,1402,0.7560975551605225,0.6217161417007446,0.7750000357627869,0.592039167881012
heart,8,ffnn_0layer,adam,0.005,5,1444,0.7560975551605225,0.621117889881134,0.7750000357627869,0.5925862789154053
heart,8,ffnn_0layer,adam,0.01,1,1276,0.7560975551605225,0.6221791505813599,0.7750000357627869,0.5914947390556335
heart,8,ffnn_0layer,adam,0.01,2,1318,0.7560975551605225,0.6204609274864197,0.7750000357627869,0.5941033363342285
heart,8,ffnn_0layer,adam,0.01,3,1360,0.7560975551605225,0.6219346523284912,0.7750000357627869,0.5916875600814819
heart,8,ffnn_0layer,adam,0.01,4,1402,0.7560975551605225,0.6215635538101196,0.7750000357627869,0.5922614336013794
heart,8,ffnn_0layer,adam,0.01,5,1444,0.7560975551605225,0.6211856007575989,0.7750000357627869,0.5926772356033325
heart,8,ffnn_0layer,adam,0.05,1,1276,0.7560975551605225,0.6214718818664551,0.7750000357627869,0.592218279838562
heart,8,ffnn_0layer,adam,0.05,2,1318,0.7560975551605225,0.620643675327301,0.7750000357627869,0.5939855575561523
heart,8,ffnn_0layer,adam,0.05,3,1360,0.7560975551605225,0.6211891770362854,0.7750000357627869,0.592678964138031
heart,8,ffnn_0layer,adam,0.05,4,1402,0.7560975551605225,0.621583104133606,0.7750000357627869,0.5918227434158325
heart,8,ffnn_0layer,adam,0.05,5,1444,0.7560975551605225,0.6216161251068115,0.7750000357627869,0.5924818515777588
heart,8,ffnn_0layer,adam,0.1,1,1276,0.7560975551605225,0.6215246319770813,0.7750000357627869,0.5932179689407349
heart,8,ffnn_0layer,adam,0.1,2,1318,0.7560975551605225,0.6206615567207336,0.7750000357627869,0.595032274723053
heart,8,ffnn_0layer,adam,0.1,3,1360,0.7560975551605225,0.6218584179878235,0.7750000357627869,0.5922650694847107
heart,8,ffnn_0layer,adam,0.1,4,1402,0.7560975551605225,0.6219231486320496,0.7750000357627869,0.592236340045929
heart,8,ffnn_0layer,adam,0.1,5,1444,0.7560975551605225,0.6219869256019592,0.7750000357627869,0.5911747813224792
heart,8,ffnn_0layer,sgd,0.001,1,1276,0.7317072749137878,0.6287092566490173,0.800000011920929,0.5906292200088501
heart,8,ffnn_0layer,sgd,0.001,2,1318,0.7317072749137878,0.627768874168396,0.7750000357627869,0.5996966361999512
heart,8,ffnn_0layer,sgd,0.001,3,1360,0.707317054271698,0.6298447251319885,0.7750000357627869,0.6015384197235107
heart,8,ffnn_0layer,sgd,0.001,4,1402,0.6585365533828735,0.6391413807868958,0.75,0.5909018516540527
heart,8,ffnn_0layer,sgd,0.001,5,1444,0.6829267740249634,0.6358375549316406,0.824999988079071,0.5897840857505798
heart,8,ffnn_0layer,sgd,0.005,1,1276,0.7317072749137878,0.6285874247550964,0.800000011920929,0.5906921625137329
heart,8,ffnn_0layer,sgd,0.005,2,1318,0.7317072749137878,0.62770676612854,0.7750000357627869,0.5996716618537903
heart,8,ffnn_0layer,sgd,0.005,3,1360,0.707317054271698,0.629780113697052,0.7750000357627869,0.601539134979248
heart,8,ffnn_0layer,sgd,0.005,4,1402,0.6585365533828735,0.6390125155448914,0.75,0.5909205675125122
heart,8,ffnn_0layer,sgd,0.005,5,1444,0.6829267740249634,0.6357264518737793,0.824999988079071,0.5898066759109497
heart,8,ffnn_0layer,sgd,0.01,1,1276,0.7317072749137878,0.6284337639808655,0.800000011920929,0.5907706618309021
heart,8,ffnn_0layer,sgd,0.01,2,1318,0.7317072749137878,0.6276304721832275,0.7750000357627869,0.599640429019928
heart,8,ffnn_0layer,sgd,0.01,3,1360,0.707317054271698,0.6297008991241455,0.7750000357627869,0.6015388369560242
heart,8,ffnn_0layer,sgd,0.01,4,1402,0.6585365533828735,0.6388493776321411,0.75,0.5909437537193298
heart,8,ffnn_0layer,sgd,0.01,5,1444,0.6829267740249634,0.6355870366096497,0.824999988079071,0.5898358821868896
heart,8,ffnn_0layer,sgd,0.05,1,1276,0.7560975551605225,0.6271717548370361,0.800000011920929,0.5913242101669312
heart,8,ffnn_0layer,sgd,0.05,2,1318,0.7317072749137878,0.6269680261611938,0.7750000357627869,0.5994153618812561
heart,8,ffnn_0layer,sgd,0.05,3,1360,0.7317072749137878,0.6291089653968811,0.7750000357627869,0.6014830470085144
heart,8,ffnn_0layer,sgd,0.05,4,1402,0.6585365533828735,0.6374744772911072,0.75,0.5911253094673157
heart,8,ffnn_0layer,sgd,0.05,5,1444,0.6829267740249634,0.6344620585441589,0.800000011920929,0.5901080965995789
heart,8,ffnn_0layer,sgd,0.1,1,1276,0.7560975551605225,0.625708818435669,0.7750000357627869,0.5917529463768005
heart,8,ffnn_0layer,sgd,0.1,2,1318,0.7317072749137878,0.6260474324226379,0.7250000238418579,0.5992719531059265
heart,8,ffnn_0layer,sgd,0.1,3,1360,0.7317072749137878,0.6284778118133545,0.7750000357627869,0.6012672185897827
heart,8,ffnn_0layer,sgd,0.1,4,1402,0.6585365533828735,0.6356427669525146,0.7250000238418579,0.5913252234458923
heart,8,ffnn_0layer,sgd,0.1,5,1444,0.6829267740249634,0.6330583095550537,0.800000011920929,0.5905275344848633
heart,8,sampler,adam,0.001,1,1276,0.7317072749137878,0.6282064318656921,0.75,0.5938297510147095
heart,8,sampler,adam,0.001,2,1318,0.7317072749137878,0.6330589652061462,0.824999988079071,0.5903128385543823
heart,8,sampler,adam,0.001,3,1360,0.7560975551605225,0.6235772371292114,0.800000011920929,0.5914034247398376
heart,8,sampler,adam,0.001,4,1402,0.7317072749137878,0.6250538229942322,0.75,0.5930784940719604
heart,8,sampler,adam,0.001,5,1444,0.7317072749137878,0.6275247931480408,0.75,0.5942450761795044
heart,8,sampler,adam,0.005,1,1276,0.7560975551605225,0.6225262880325317,0.7750000357627869,0.5951087474822998
heart,8,sampler,adam,0.005,2,1318,0.7560975551605225,0.6216204762458801,0.7750000357627869,0.5942656397819519
heart,8,sampler,adam,0.005,3,1360,0.7560975551605225,0.6215285062789917,0.7750000357627869,0.5938361883163452
heart,8,sampler,adam,0.005,4,1402,0.7560975551605225,0.6227058172225952,0.7750000357627869,0.5945920348167419
heart,8,sampler,adam,0.005,5,1444,0.7560975551605225,0.6223337650299072,0.7750000357627869,0.594627857208252
heart,8,sampler,adam,0.01,1,1276,0.7560975551605225,0.6215474009513855,0.7750000357627869,0.5921502709388733
heart,8,sampler,adam,0.01,2,1318,0.7560975551605225,0.6208447217941284,0.7750000357627869,0.5932412147521973
heart,8,sampler,adam,0.01,3,1360,0.7560975551605225,0.6216059327125549,0.7750000357627869,0.5921587944030762
heart,8,sampler,adam,0.01,4,1402,0.7560975551605225,0.6217368245124817,0.7750000357627869,0.5920532941818237
heart,8,sampler,adam,0.01,5,1444,0.7560975551605225,0.6211421489715576,0.7750000357627869,0.5926594734191895
heart,8,sampler,adam,0.05,1,1276,0.7560975551605225,0.6220588088035583,0.7750000357627869,0.5913851261138916
heart,8,sampler,adam,0.05,2,1318,0.7560975551605225,0.6210839748382568,0.7750000357627869,0.5927304029464722
heart,8,sampler,adam,0.05,3,1360,0.7560975551605225,0.6216190457344055,0.7750000357627869,0.5919443368911743
heart,8,sampler,adam,0.05,4,1402,0.7560975551605225,0.6210187077522278,0.7750000357627869,0.5930430293083191
heart,8,sampler,adam,0.05,5,1444,0.7560975551605225,0.6220264434814453,0.7750000357627869,0.591836154460907
heart,8,sampler,adam,0.1,1,1276,0.7560975551605225,0.6214719414710999,0.7750000357627869,0.5922180414199829
heart,8,sampler,adam,0.1,2,1318,0.7560975551605225,0.6206439137458801,0.7750000357627869,0.5939863920211792
heart,8,sampler,adam,0.1,3,1360,0.7560975551605225,0.6211891770362854,0.7750000357627869,0.5926793813705444
heart,8,sampler,adam,0.1,4,1402,0.7560975551605225,0.6215838193893433,0.7750000357627869,0.59182208776474
heart,8,sampler,adam,0.1,5,1444,0.7560975551605225,0.621620237827301,0.7750000357627869,0.5924860835075378
heart,8,sampler,sgd,0.001,1,1276,0.6585365533828735,0.6302822232246399,0.7750000357627869,0.5908010005950928
heart,8,sampler,sgd,0.001,2,1318,0.6585365533828735,0.6346555948257446,0.75,0.5914407968521118
heart,8,sampler,sgd,0.001,3,1360,0.707317054271698,0.6293500065803528,0.800000011920929,0.5869522094726562
heart,8,sampler,sgd,0.001,4,1402,0.6829267740249634,0.6277020573616028,0.7750000357627869,0.5891549587249756
heart,8,sampler,sgd,0.001,5,1444,0.7317072749137878,0.6304063200950623,0.7750000357627869,0.5924838185310364
heart,8,sampler,sgd,0.005,1,1276,0.6585365533828735,0.6302489638328552,0.7750000357627869,0.5908142328262329
heart,8,sampler,sgd,0.005,2,1318,0.6585365533828735,0.6346468329429626,0.75,0.5914318561553955
heart,8,sampler,sgd,0.005,3,1360,0.707317054271698,0.6292895078659058,0.800000011920929,0.586976170539856
heart,8,sampler,sgd,0.005,4,1402,0.6829267740249634,0.6276600360870361,0.7750000357627869,0.5891803503036499
heart,8,sampler,sgd,0.005,5,1444,0.7317072749137878,0.6303653120994568,0.7750000357627869,0.5924921035766602
heart,8,sampler,sgd,0.01,1,1276,0.6585365533828735,0.6302070617675781,0.7750000357627869,0.5908311605453491
heart,8,sampler,sgd,0.01,2,1318,0.6585365533828735,0.6346358060836792,0.75,0.591420590877533
heart,8,sampler,sgd,0.01,3,1360,0.707317054271698,0.6292139887809753,0.800000011920929,0.5870066285133362
heart,8,sampler,sgd,0.01,4,1402,0.6829267740249634,0.6276078820228577,0.7750000357627869,0.5892120599746704
heart,8,sampler,sgd,0.01,5,1444,0.7317072749137878,0.6303141713142395,0.7750000357627869,0.5925026535987854
heart,8,sampler,sgd,0.05,1,1276,0.6585365533828735,0.6298837065696716,0.75,0.5909801125526428
heart,8,sampler,sgd,0.05,2,1318,0.6585365533828735,0.6345396041870117,0.75,0.5913209319114685
heart,8,sampler,sgd,0.05,3,1360,0.707317054271698,0.6286154389381409,0.800000011920929,0.5872629284858704
heart,8,sampler,sgd,0.05,4,1402,0.6829267740249634,0.627202033996582,0.7750000357627869,0.5894742012023926
heart,8,sampler,sgd,0.05,5,1444,0.7317072749137878,0.6299123764038086,0.7750000357627869,0.5926007628440857
heart,8,sampler,sgd,0.1,1,1276,0.707317054271698,0.6294974088668823,0.75,0.5911967158317566
heart,8,sampler,sgd,0.1,2,1318,0.6585365533828735,0.6343960165977478,0.75,0.5911773443222046
heart,8,sampler,sgd,0.1,3,1360,0.707317054271698,0.6278850436210632,0.800000011920929,0.5876186490058899
heart,8,sampler,sgd,0.1,4,1402,0.6829267740249634,0.6267261505126953,0.7750000357627869,0.5898176431655884
heart,8,sampler,sgd,0.1,5,1444,0.7317072749137878,0.6294237971305847,0.7750000357627869,0.5927534103393555
heart,12,ffnn_0layer,adam,0.001,1,1276,0.6585365533828735,0.6489385962486267,0.875,0.5720166563987732
heart,12,ffnn_0layer,adam,0.001,2,1318,0.6585365533828735,0.6528650522232056,0.875,0.5641723275184631
heart,12,ffnn_0layer,adam,0.001,3,1360,0.6585365533828735,0.6550388932228088,0.9000000357627869,0.5640422701835632
heart,12,ffnn_0layer,adam,0.001,4,1402,0.6585365533828735,0.6501061320304871,0.824999988079071,0.5680903196334839
heart,12,ffnn_0layer,adam,0.001,5,1444,0.6585365533828735,0.6514983177185059,0.824999988079071,0.5709882378578186
heart,12,ffnn_0layer,adam,0.005,1,1276,0.6585365533828735,0.6526398062705994,0.8500000238418579,0.5629117488861084
heart,12,ffnn_0layer,adam,0.005,2,1318,0.6585365533828735,0.6524775624275208,0.8500000238418579,0.5631331205368042
heart,12,ffnn_0layer,adam,0.005,3,1360,0.6585365533828735,0.6529204249382019,0.875,0.5618793964385986
heart,12,ffnn_0layer,adam,0.005,4,1402,0.6585365533828735,0.6526659727096558,0.8500000238418579,0.562241792678833
heart,12,ffnn_0layer,adam,0.005,5,1444,0.6585365533828735,0.6524572968482971,0.8500000238418579,0.5628883838653564
heart,12,ffnn_0layer,adam,0.01,1,1276,0.6585365533828735,0.6516662836074829,0.8500000238418579,0.5629852414131165
heart,12,ffnn_0layer,adam,0.01,2,1318,0.6585365533828735,0.6518905162811279,0.8500000238418579,0.5640597939491272
heart,12,ffnn_0layer,adam,0.01,3,1360,0.6585365533828735,0.6527378559112549,0.875,0.5618955492973328
heart,12,ffnn_0layer,adam,0.01,4,1402,0.6585365533828735,0.6519743204116821,0.8500000238418579,0.5623098015785217
heart,12,ffnn_0layer,adam,0.01,5,1444,0.6585365533828735,0.6518366932868958,0.8500000238418579,0.5628250241279602
heart,12,ffnn_0layer,adam,0.05,1,1276,0.6585365533828735,0.6518555879592896,0.8500000238418579,0.5633031725883484
heart,12,ffnn_0layer,adam,0.05,2,1318,0.6341463327407837,0.6522090435028076,0.8500000238418579,0.5651232004165649
heart,12,ffnn_0layer,adam,0.05,3,1360,0.6585365533828735,0.6508753895759583,0.8500000238418579,0.562721848487854
heart,12,ffnn_0layer,adam,0.05,4,1402,0.6585365533828735,0.6526636481285095,0.875,0.5622529983520508
heart,12,ffnn_0layer,adam,0.05,5,1444,0.6585365533828735,0.6533476710319519,0.875,0.5628135204315186
heart,12,ffnn_0layer,adam,0.1,1,1276,0.6341463327407837,0.6533681154251099,0.875,0.5637599229812622
heart,12,ffnn_0layer,adam,0.1,2,1318,0.6341463327407837,0.6526255011558533,0.8500000238418579,0.5656715631484985
heart,12,ffnn_0layer,adam,0.1,3,1360,0.6585365533828735,0.6518381834030151,0.8500000238418579,0.565074622631073
heart,12,ffnn_0layer,adam,0.1,4,1402,0.6585365533828735,0.6527858376502991,0.875,0.5624572038650513
heart,12,ffnn_0layer,adam,0.1,5,1444,0.6585365533828735,0.6532148718833923,0.8500000238418579,0.5667070150375366
heart,12,ffnn_0layer,sgd,0.001,1,1276,0.707317054271698,0.6413277983665466,0.824999988079071,0.5836060047149658
heart,12,ffnn_0layer,sgd,0.001,2,1318,0.6341463327407837,0.6550511717796326,0.824999988079071,0.5690990686416626
heart,12,ffnn_0layer,sgd,0.001,3,1360,0.707317054271698,0.6515449285507202,0.824999988079071,0.5729026794433594
heart,12,ffnn_0layer,sgd,0.001,4,1402,0.6585365533828735,0.644790768623352,0.8500000238418579,0.5725003480911255
heart,12,ffnn_0layer,sgd,0.001,5,1444,0.6829267740249634,0.6537532210350037,0.8500000238418579,0.5768956542015076
heart,12,ffnn_0layer,sgd,0.005,1,1276,0.707317054271698,0.6414153575897217,0.824999988079071,0.5835056304931641
heart,12,ffnn_0layer,sgd,0.005,2,1318,0.6341463327407837,0.6550737023353577,0.824999988079071,0.5690432190895081
heart,12,ffnn_0layer,sgd,0.005,3,1360,0.707317054271698,0.6515520811080933,0.824999988079071,0.5727628469467163
heart,12,ffnn_0layer,sgd,0.005,4,1402,0.6585365533828735,0.6448058485984802,0.8500000238418579,0.5724228620529175
heart,12,ffnn_0layer,sgd,0.005,5,1444,0.6829267740249634,0.6537955403327942,0.8500000238418579,0.5767574310302734
heart,12,ffnn_0layer,sgd,0.01,1,1276,0.707317054271698,0.6415255665779114,0.824999988079071,0.583377480506897
heart,12,ffnn_0layer,sgd,0.01,2,1318,0.6341463327407837,0.6551002264022827,0.824999988079071,0.5689721703529358
heart,12,ffnn_0layer,sgd,0.01,3,1360,0.707317054271698,0.6515629887580872,0.824999988079071,0.5725840330123901
heart,12,ffnn_0layer,sgd,0.01,4,1402,0.6585365533828735,0.644826352596283,0.8500000238418579,0.5723283290863037
heart,12,ffnn_0layer,sgd,0.01,5,1444,0.6829267740249634,0.6538462042808533,0.8500000238418579,0.576575517654419
heart,12,ffnn_0layer,sgd,0.05,1,1276,0.707317054271698,0.6424281597137451,0.8500000238418579,0.5822688341140747
heart,12,ffnn_0layer,sgd,0.05,2,1318,0.6341463327407837,0.6552253365516663,0.824999988079071,0.5683712959289551
heart,12,ffnn_0layer,sgd,0.05,3,1360,0.707317054271698,0.6518093347549438,0.8500000238418579,0.5709648728370667
heart,12,ffnn_0layer,sgd,0.05,4,1402,0.6585365533828735,0.645065188407898,0.8500000238418579,0.5716656446456909
heart,12,ffnn_0layer,sgd,0.05,5,1444,0.6829267740249634,0.6542495489120483,0.8500000238418579,0.5747947692871094
heart,12,ffnn_0layer,sgd,0.1,1,1276,0.707317054271698,0.6435496807098389,0.8500000238418579,0.580809473991394
heart,12,ffnn_0layer,sgd,0.1,2,1318,0.6585365533828735,0.6551547646522522,0.824999988079071,0.5675591826438904
heart,12,ffnn_0layer,sgd,0.1,3,1360,0.6829267740249634,0.6525645852088928,0.875,0.5684759616851807
heart,12,ffnn_0layer,sgd,0.1,4,1402,0.6585365533828735,0.6455422043800354,0.8500000238418579,0.5710821747779846
heart,12,ffnn_0layer,sgd,0.1,5,1444,0.6585365533828735,0.654678225517273,0.8500000238418579,0.5721988081932068
heart,12,sampler,adam,0.001,1,1276,0.6829267740249634,0.64797443151474,0.800000011920929,0.5846258401870728
heart,12,sampler,adam,0.001,2,1318,0.707317054271698,0.6432502269744873,0.800000011920929,0.5792984962463379
heart,12,sampler,adam,0.001,3,1360,0.6829267740249634,0.6455277800559998,0.8500000238418579,0.5766477584838867
heart,12,sampler,adam,0.001,4,1402,0.707317054271698,0.6434509754180908,0.800000011920929,0.5847557783126831
heart,12,sampler,adam,0.001,5,1444,0.6829267740249634,0.6481069922447205,0.800000011920929,0.5841552019119263
heart,12,sampler,adam,0.005,1,1276,0.6585365533828735,0.6516158580780029,0.8500000238418579,0.5668035745620728
heart,12,sampler,adam,0.005,2,1318,0.6585365533828735,0.6525527834892273,0.8500000238418579,0.5626690983772278
heart,12,sampler,adam,0.005,3,1360,0.6585365533828735,0.6527710556983948,0.8500000238418579,0.5624476671218872
heart,12,sampler,adam,0.005,4,1402,0.6585365533828735,0.6512235999107361,0.8500000238418579,0.5662930011749268
heart,12,sampler,adam,0.005,5,1444,0.6585365533828735,0.65107262134552,0.8500000238418579,0.5679078102111816
heart,12,sampler,adam,0.01,1,1276,0.6585365533828735,0.6527045369148254,0.8500000238418579,0.5628421902656555
heart,12,sampler,adam,0.01,2,1318,0.6585365533828735,0.6524306535720825,0.8500000238418579,0.5630675554275513
heart,12,sampler,adam,0.01,3,1360,0.6585365533828735,0.652877688407898,0.875,0.5618704557418823
heart,12,sampler,adam,0.01,4,1402,0.6585365533828735,0.6526352763175964,0.8500000238418579,0.5621508955955505
heart,12,sampler,adam,0.01,5,1444,0.6585365533828735,0.6524931788444519,0.8500000238418579,0.5628638863563538
heart,12,sampler,adam,0.05,1,1276,0.6585365533828735,0.6503282785415649,0.8500000238418579,0.5634360313415527
heart,12,sampler,adam,0.05,2,1318,0.6585365533828735,0.651054859161377,0.8500000238418579,0.5639693140983582
heart,12,sampler,adam,0.05,3,1360,0.6585365533828735,0.651740550994873,0.8500000238418579,0.5624277591705322
heart,12,sampler,adam,0.05,4,1402,0.6585365533828735,0.6519619822502136,0.8500000238418579,0.5623615980148315
heart,12,sampler,adam,0.05,5,1444,0.6585365533828735,0.6524930596351624,0.8500000238418579,0.5626286268234253
heart,12,sampler,adam,0.1,1,1276,0.6585365533828735,0.6518554091453552,0.8500000238418579,0.5633033514022827
heart,12,sampler,adam,0.1,2,1318,0.6341463327407837,0.6522067189216614,0.8500000238418579,0.5651241540908813
heart,12,sampler,adam,0.1,3,1360,0.6585365533828735,0.6509049534797668,0.8500000238418579,0.5627237558364868
heart,12,sampler,adam,0.1,4,1402,0.6585365533828735,0.6526655554771423,0.875,0.5622506737709045
heart,12,sampler,adam,0.1,5,1444,0.6585365533828735,0.6533422470092773,0.875,0.5628135204315186
heart,12,sampler,sgd,0.001,1,1276,0.707317054271698,0.6440703272819519,0.800000011920929,0.5867082476615906
heart,12,sampler,sgd,0.001,2,1318,0.6829267740249634,0.6457181572914124,0.7750000357627869,0.5866513848304749
heart,12,sampler,sgd,0.001,3,1360,0.707317054271698,0.6420907378196716,0.824999988079071,0.5830039381980896
heart,12,sampler,sgd,0.001,4,1402,0.707317054271698,0.6390548944473267,0.800000011920929,0.5872607231140137
heart,12,sampler,sgd,0.001,5,1444,0.6829267740249634,0.6462805271148682,0.7750000357627869,0.5840204954147339
heart,12,sampler,sgd,0.005,1,1276,0.707317054271698,0.6440987586975098,0.800000011920929,0.5866868495941162
heart,12,sampler,sgd,0.005,2,1318,0.6829267740249634,0.6456766128540039,0.7750000357627869,0.5866051912307739
heart,12,sampler,sgd,0.005,3,1360,0.707317054271698,0.6421241760253906,0.824999988079071,0.5829819440841675
heart,12,sampler,sgd,0.005,4,1402,0.707317054271698,0.6390658617019653,0.800000011920929,0.5872448682785034
heart,12,sampler,sgd,0.005,5,1444,0.6829267740249634,0.6462998390197754,0.7750000357627869,0.5840199589729309
heart,12,sampler,sgd,0.01,1,1276,0.707317054271698,0.6441338062286377,0.800000011920929,0.5866605043411255
heart,12,sampler,sgd,0.01,2,1318,0.6829267740249634,0.6456242799758911,0.7750000357627869,0.5865465402603149
heart,12,sampler,sgd,0.01,3,1360,0.707317054271698,0.642166256904602,0.824999988079071,0.5829526782035828
heart,12,sampler,sgd,0.01,4,1402,0.707317054271698,0.6390802264213562,0.800000011920929,0.5872252583503723
heart,12,sampler,sgd,0.01,5,1444,0.6829267740249634,0.6463233232498169,0.7750000357627869,0.5840197801589966
heart,12,sampler,sgd,0.05,1,1276,0.6829267740249634,0.6444277167320251,0.800000011920929,0.5864651203155518
heart,12,sampler,sgd,0.05,2,1318,0.6829267740249634,0.645196795463562,0.800000011920929,0.5860390663146973
heart,12,sampler,sgd,0.05,3,1360,0.707317054271698,0.642508864402771,0.824999988079071,0.5826525092124939
heart,12,sampler,sgd,0.05,4,1402,0.707317054271698,0.6392139196395874,0.800000011920929,0.5870715379714966
heart,12,sampler,sgd,0.05,5,1444,0.6829267740249634,0.6465162634849548,0.7750000357627869,0.5840319395065308
heart,12,sampler,sgd,0.1,1,1276,0.6829267740249634,0.6448119878768921,0.800000011920929,0.5862572193145752
heart,12,sampler,sgd,0.1,2,1318,0.707317054271698,0.6446458101272583,0.800000011920929,0.5853098034858704
heart,12,sampler,sgd,0.1,3,1360,0.707317054271698,0.6429423689842224,0.824999988079071,0.5820796489715576
heart,12,sampler,sgd,0.1,4,1402,0.707317054271698,0.6394282579421997,0.800000011920929,0.5868884921073914
heart,12,sampler,sgd,0.1,5,1444,0.6829267740249634,0.6467572450637817,0.800000011920929,0.5840765237808228
ecoli,4,ffnn_0layer,adam,0.001,1,1276,0.6800000071525574,1.535386323928833,0.5510203838348389,1.552299976348877
ecoli,4,ffnn_0layer,adam,0.001,2,1318,0.6800000071525574,1.5343332290649414,0.5714285373687744,1.55406653881073
ecoli,4,ffnn_0layer,adam,0.001,3,1360,0.6599999666213989,1.5360572338104248,0.5510203838348389,1.5556576251983643
ecoli,4,ffnn_0layer,adam,0.001,4,1402,0.6800000071525574,1.5353916883468628,0.5510203838348389,1.5525685548782349
ecoli,4,ffnn_0layer,adam,0.001,5,1444,0.6800000071525574,1.5355300903320312,0.5510203838348389,1.5525014400482178
ecoli,4,ffnn_0layer,adam,0.005,1,1276,0.6599999666213989,1.534975528717041,0.5510203838348389,1.5522724390029907
ecoli,4,ffnn_0layer,adam,0.005,2,1318,0.6800000071525574,1.535443902015686,0.5510203838348389,1.5528056621551514
ecoli,4,ffnn_0layer,adam,0.005,3,1360,0.6800000071525574,1.5356879234313965,0.5510203838348389,1.5523560047149658
ecoli,4,ffnn_0layer,adam,0.005,4,1402,0.6800000071525574,1.5354419946670532,0.5510203838348389,1.5523396730422974
ecoli,4,ffnn_0layer,adam,0.005,5,1444,0.6800000071525574,1.5358786582946777,0.5510203838348389,1.5523960590362549
ecoli,4,ffnn_0layer,adam,0.01,1,1276,0.6800000071525574,1.5348297357559204,0.5510203838348389,1.5524694919586182
ecoli,4,ffnn_0layer,adam,0.01,2,1318,0.6800000071525574,1.5356526374816895,0.5510203838348389,1.552834391593933
ecoli,4,ffnn_0layer,adam,0.01,3,1360,0.6599999666213989,1.5355401039123535,0.5510203838348389,1.552088975906372
ecoli,4,ffnn_0layer,adam,0.01,4,1402,0.6599999666213989,1.5353705883026123,0.5510203838348389,1.5522693395614624
ecoli,4,ffnn_0layer,adam,0.01,5,1444,0.6800000071525574,1.5361618995666504,0.5510203838348389,1.552600622177124
ecoli,4,ffnn_0layer,adam,0.05,1,1276,0.6599999666213989,1.5352890491485596,0.5510203838348389,1.5521214008331299
ecoli,4,ffnn_0layer,adam,0.05,2,1318,0.6599999666213989,1.5373976230621338,0.5918367505073547,1.5513839721679688
ecoli,4,ffnn_0layer,adam,0.05,3,1360,0.6599999666213989,1.5358784198760986,0.5510203838348389,1.5520751476287842
ecoli,4,ffnn_0layer,adam,0.05,4,1402,0.6599999666213989,1.5353922843933105,0.5510203838348389,1.5524097681045532
ecoli,4,ffnn_0layer,adam,0.05,5,1444,0.6599999666213989,1.537400722503662,0.5714285373687744,1.5541998147964478
ecoli,4,ffnn_0layer,adam,0.1,1,1276,0.6599999666213989,1.5374259948730469,0.5918367505073547,1.5515468120574951
ecoli,4,ffnn_0layer,adam,0.1,2,1318,0.6800000071525574,1.5365264415740967,0.5510203838348389,1.5523966550827026
ecoli,4,ffnn_0layer,adam,0.1,3,1360,0.6599999666213989,1.5365002155303955,0.5714285373687744,1.551995873451233
ecoli,4,ffnn_0layer,adam,0.1,4,1402,0.6599999666213989,1.5364042520523071,0.5918367505073547,1.5532993078231812
ecoli,4,ffnn_0layer,adam,0.1,5,1444,0.6399999856948853,1.5435562133789062,0.5306122303009033,1.558655858039856
ecoli,4,ffnn_0layer,sgd,0.001,1,1276,0.6800000071525574,1.5447568893432617,0.5102040767669678,1.5557873249053955
ecoli,4,ffnn_0layer,sgd,0.001,2,1318,0.5799999833106995,1.550083875656128,0.5510203838348389,1.5628983974456787
ecoli,4,ffnn_0layer,sgd,0.001,3,1360,0.5399999618530273,1.5616260766983032,0.40816324949264526,1.5782021284103394
ecoli,4,ffnn_0layer,sgd,0.001,4,1402,0.5399999618530273,1.5507618188858032,0.44897958636283875,1.564780354499817
ecoli,4,ffnn_0layer,sgd,0.001,5,1444,0.6800000071525574,1.5425715446472168,0.5102040767669678,1.5528727769851685
ecoli,4,ffnn_0layer,sgd,0.005,1,1276,0.6800000071525574,1.5442637205123901,0.5102040767669678,1.555342435836792
ecoli,4,ffnn_0layer,sgd,0.005,2,1318,0.5799999833106995,1.5498005151748657,0.5510203838348389,1.5627461671829224
ecoli,4,ffnn_0layer,sgd,0.005,3,1360,0.5399999618530273,1.5609642267227173,0.40816324949264526,1.577846646308899
ecoli,4,ffnn_0layer,sgd,0.005,4,1402,0.5600000023841858,1.5501185655593872,0.4693877398967743,1.564254641532898
ecoli,4,ffnn_0layer,sgd,0.005,5,1444,0.6800000071525574,1.542248249053955,0.5306122303009033,1.5526742935180664
ecoli,4,ffnn_0layer,sgd,0.01,1,1276,0.6800000071525574,1.5436705350875854,0.5102040767669678,1.554823875427246
ecoli,4,ffnn_0layer,sgd,0.01,2,1318,0.5799999833106995,1.5494390726089478,0.5510203838348389,1.5625559091567993
ecoli,4,ffnn_0layer,sgd,0.01,3,1360,0.5399999618530273,1.5601272583007812,0.40816324949264526,1.5773946046829224
ecoli,4,ffnn_0layer,sgd,0.01,4,1402,0.5600000023841858,1.5493278503417969,0.4693877398967743,1.5636018514633179
ecoli,4,ffnn_0layer,sgd,0.01,5,1444,0.6800000071525574,1.5418577194213867,0.5306122303009033,1.5524499416351318
ecoli,4,ffnn_0layer,sgd,0.05,1,1276,0.6800000071525574,1.539878249168396,0.5306122303009033,1.5521239042282104
ecoli,4,ffnn_0layer,sgd,0.05,2,1318,0.6200000047683716,1.5462517738342285,0.5306122303009033,1.5610309839248657
ecoli,4,ffnn_0layer,sgd,0.05,3,1360,0.5399999618530273,1.5532382726669312,0.40816324949264526,1.5734450817108154
ecoli,4,ffnn_0layer,sgd,0.05,4,1402,0.5999999642372131,1.543785572052002,0.4693877398967743,1.5589933395385742
ecoli,4,ffnn_0layer,sgd,0.05,5,1444,0.6599999666213989,1.5392332077026367,0.5510203838348389,1.551425576210022
ecoli,4,ffnn_0layer,sgd,0.1,1,1276,0.6599999666213989,1.5371593236923218,0.5918367505073547,1.5512651205062866
ecoli,4,ffnn_0layer,sgd,0.1,2,1318,0.6399999856948853,1.5419467687606812,0.5306122303009033,1.559196949005127
ecoli,4,ffnn_0layer,sgd,0.1,3,1360,0.6399999856948853,1.5450434684753418,0.5102040767669678,1.5675389766693115
ecoli,4,ffnn_0layer,sgd,0.1,4,1402,0.6200000047683716,1.5392184257507324,0.5306122303009033,1.5556257963180542
ecoli,4,ffnn_0layer,sgd,0.1,5,1444,0.6599999666213989,1.5371613502502441,0.5918367505073547,1.5513237714767456
ecoli,4,sampler,adam,0.001,1,1276,0.6599999666213989,1.5354788303375244,0.5918367505073547,1.55348801612854
ecoli,4,sampler,adam,0.001,2,1318,0.6800000071525574,1.5359410047531128,0.5918367505073547,1.5528513193130493
ecoli,4,sampler,adam,0.001,3,1360,0.6599999666213989,1.535977840423584,0.5714285373687744,1.554255723953247
ecoli,4,sampler,adam,0.001,4,1402,0.6800000071525574,1.5355764627456665,0.5918367505073547,1.5535818338394165
ecoli,4,sampler,adam,0.001,5,1444,0.6599999666213989,1.5358315706253052,0.5714285373687744,1.5539236068725586
ecoli,4,sampler,adam,0.005,1,1276,0.6599999666213989,1.5353062152862549,0.5510203838348389,1.5522710084915161
ecoli,4,sampler,adam,0.005,2,1318,0.6800000071525574,1.5352495908737183,0.5510203838348389,1.5525593757629395
ecoli,4,sampler,adam,0.005,3,1360,0.6800000071525574,1.535597324371338,0.5510203838348389,1.5524227619171143
ecoli,4,sampler,adam,0.005,4,1402,0.6800000071525574,1.535445213317871,0.5510203838348389,1.552383303642273
ecoli,4,sampler,adam,0.005,5,1444,0.6800000071525574,1.53572416305542,0.5510203838348389,1.5524003505706787
ecoli,4,sampler,adam,0.01,1,1276,0.6599999666213989,1.534975528717041,0.5510203838348389,1.5522725582122803
ecoli,4,sampler,adam,0.01,2,1318,0.6800000071525574,1.5354440212249756,0.5510203838348389,1.5528056621551514
ecoli,4,sampler,adam,0.01,3,1360,0.6800000071525574,1.5356882810592651,0.5510203838348389,1.5523566007614136
ecoli,4,sampler,adam,0.01,4,1402,0.6800000071525574,1.5354419946670532,0.5510203838348389,1.5523396730422974
ecoli,4,sampler,adam,0.01,5,1444,0.6800000071525574,1.5358786582946777,0.5510203838348389,1.5523960590362549
ecoli,4,sampler,adam,0.05,1,1276,0.6599999666213989,1.5349476337432861,0.5918367505073547,1.5530093908309937
ecoli,4,sampler,adam,0.05,2,1318,0.6800000071525574,1.536263108253479,0.5510203838348389,1.552419662475586
ecoli,4,sampler,adam,0.05,3,1360,0.6399999856948853,1.5351448059082031,0.5510203838348389,1.5520427227020264
ecoli,4,sampler,adam,0.05,4,1402,0.6800000071525574,1.5354920625686646,0.5714285373687744,1.5531362295150757
ecoli,4,sampler,adam,0.05,5,1444,0.6800000071525574,1.5363667011260986,0.5918367505073547,1.5530482530593872
ecoli,4,sampler,adam,0.1,1,1276,0.6599999666213989,1.5352890491485596,0.5510203838348389,1.5521214008331299
ecoli,4,sampler,adam,0.1,2,1318,0.6599999666213989,1.5373976230621338,0.5918367505073547,1.5513838529586792
ecoli,4,sampler,adam,0.1,3,1360,0.6599999666213989,1.535878300666809,0.5510203838348389,1.5520750284194946
ecoli,4,sampler,adam,0.1,4,1402,0.6599999666213989,1.5353922843933105,0.5510203838348389,1.5524097681045532
ecoli,4,sampler,adam,0.1,5,1444,0.6599999666213989,1.537400722503662,0.5714285373687744,1.5541998147964478
ecoli,4,sampler,sgd,0.001,1,1276,0.6200000047683716,1.5405827760696411,0.5918367505073547,1.5590208768844604
ecoli,4,sampler,sgd,0.001,2,1318,0.6200000047683716,1.5423246622085571,0.5510203838348389,1.5572869777679443
ecoli,4,sampler,sgd,0.001,3,1360,0.6200000047683716,1.5389131307601929,0.5306122303009033,1.5566563606262207
ecoli,4,sampler,sgd,0.001,4,1402,0.6200000047683716,1.541355013847351,0.4897959232330322,1.5587704181671143
ecoli,4,sampler,sgd,0.001,5,1444,0.6200000047683716,1.5387638807296753,0.5510203838348389,1.556572437286377
ecoli,4,sampler,sgd,0.005,1,1276,0.6200000047683716,1.5404353141784668,0.5918367505073547,1.5589146614074707
ecoli,4,sampler,sgd,0.005,2,1318,0.6200000047683716,1.542178750038147,0.5510203838348389,1.5571905374526978
ecoli,4,sampler,sgd,0.005,3,1360,0.6200000047683716,1.5388504266738892,0.5306122303009033,1.5566242933273315
ecoli,4,sampler,sgd,0.005,4,1402,0.6200000047683716,1.5411696434020996,0.4897959232330322,1.5586093664169312
ecoli,4,sampler,sgd,0.005,5,1444,0.6200000047683716,1.538698673248291,0.5510203838348389,1.556532859802246
ecoli,4,sampler,sgd,0.01,1,1276,0.6200000047683716,1.540253758430481,0.5918367505073547,1.5587832927703857
ecoli,4,sampler,sgd,0.01,2,1318,0.6200000047683716,1.5420001745224,0.5510203838348389,1.5570718050003052
ecoli,4,sampler,sgd,0.01,3,1360,0.6200000047683716,1.5387722253799438,0.5306122303009033,1.556584358215332
ecoli,4,sampler,sgd,0.01,4,1402,0.6200000047683716,1.5409424304962158,0.4897959232330322,1.558414101600647
ecoli,4,sampler,sgd,0.01,5,1444,0.6200000047683716,1.5386176109313965,0.5510203838348389,1.5564841032028198
ecoli,4,sampler,sgd,0.05,1,1276,0.6200000047683716,1.5389339923858643,0.5918367505073547,1.5577867031097412
ecoli,4,sampler,sgd,0.05,2,1318,0.6200000047683716,1.540711522102356,0.5714285373687744,1.5561976432800293
ecoli,4,sampler,sgd,0.05,3,1360,0.6200000047683716,1.538150429725647,0.5510203838348389,1.5562658309936523
ecoli,4,sampler,sgd,0.05,4,1402,0.6200000047683716,1.5393202304840088,0.5306122303009033,1.5570847988128662
ecoli,4,sampler,sgd,0.05,5,1444,0.6200000047683716,1.5379899740219116,0.5714285373687744,1.5561084747314453
ecoli,4,sampler,sgd,0.1,1,1276,0.6399999856948853,1.5375961065292358,0.5714285373687744,1.5566593408584595
ecoli,4,sampler,sgd,0.1,2,1318,0.6200000047683716,1.539445400238037,0.5510203838348389,1.5552903413772583
ecoli,4,sampler,sgd,0.1,3,1360,0.6599999666213989,1.5373812913894653,0.5510203838348389,1.5558497905731201
ecoli,4,sampler,sgd,0.1,4,1402,0.6200000047683716,1.5377446413040161,0.4897959232330322,1.5558868646621704
ecoli,4,sampler,sgd,0.1,5,1444,0.6599999666213989,1.5372509956359863,0.5714285373687744,1.5556464195251465
ecoli,6,ffnn_0layer,adam,0.001,1,1276,0.8199999928474426,1.4858410358428955,0.918367326259613,1.4959934949874878
ecoli,6,ffnn_0layer,adam,0.001,2,1318,0.8399999737739563,1.4868974685668945,0.8979591727256775,1.4957444667816162
ecoli,6,ffnn_0layer,adam,0.001,3,1360,0.8199999928474426,1.4857579469680786,0.918367326259613,1.4961446523666382
ecoli,6,ffnn_0layer,adam,0.001,4,1402,0.8399999737739563,1.4877936840057373,0.918367326259613,1.49629807472229
ecoli,6,ffnn_0layer,adam,0.001,5,1444,0.8199999928474426,1.4859205484390259,0.918367326259613,1.4959537982940674
ecoli,6,ffnn_0layer,adam,0.005,1,1276,0.8199999928474426,1.4861046075820923,0.918367326259613,1.495634913444519
ecoli,6,ffnn_0layer,adam,0.005,2,1318,0.8199999928474426,1.4863108396530151,0.8979591727256775,1.4957906007766724
ecoli,6,ffnn_0layer,adam,0.005,3,1360,0.8199999928474426,1.4858884811401367,0.918367326259613,1.4958943128585815
ecoli,6,ffnn_0layer,adam,0.005,4,1402,0.8199999928474426,1.4863468408584595,0.8979591727256775,1.4957571029663086
ecoli,6,ffnn_0layer,adam,0.005,5,1444,0.8199999928474426,1.48616361618042,0.918367326259613,1.4956400394439697
ecoli,6,ffnn_0layer,adam,0.01,1,1276,0.8199999928474426,1.485931396484375,0.8979591727256775,1.4957612752914429
ecoli,6,ffnn_0layer,adam,0.01,2,1318,0.8399999737739563,1.4867204427719116,0.8979591727256775,1.4954110383987427
ecoli,6,ffnn_0layer,adam,0.01,3,1360,0.8199999928474426,1.4856886863708496,0.8979591727256775,1.4961940050125122
ecoli,6,ffnn_0layer,adam,0.01,4,1402,0.8199999928474426,1.4864208698272705,0.8979591727256775,1.4957752227783203
ecoli,6,ffnn_0layer,adam,0.01,5,1444,0.8199999928474426,1.4862388372421265,0.918367326259613,1.4956035614013672
ecoli,6,ffnn_0layer,adam,0.05,1,1276,0.8199999928474426,1.4860037565231323,0.8979591727256775,1.4962760210037231
ecoli,6,ffnn_0layer,adam,0.05,2,1318,0.8199999928474426,1.4871500730514526,0.8979591727256775,1.4952762126922607
ecoli,6,ffnn_0layer,adam,0.05,3,1360,0.8199999928474426,1.487513780593872,0.8979591727256775,1.4957942962646484
ecoli,6,ffnn_0layer,adam,0.05,4,1402,0.8399999737739563,1.4869920015335083,0.918367326259613,1.4962009191513062
ecoli,6,ffnn_0layer,adam,0.05,5,1444,0.8199999928474426,1.4864566326141357,0.918367326259613,1.4963006973266602
ecoli,6,ffnn_0layer,adam,0.1,1,1276,0.8199999928474426,1.486255168914795,0.8979591727256775,1.4962879419326782
ecoli,6,ffnn_0layer,adam,0.1,2,1318,0.8399999737739563,1.4854198694229126,0.8367346525192261,1.497288465499878
ecoli,6,ffnn_0layer,adam,0.1,3,1360,0.8199999928474426,1.4863017797470093,0.918367326259613,1.4961093664169312
ecoli,6,ffnn_0layer,adam,0.1,4,1402,0.8199999928474426,1.4863685369491577,0.918367326259613,1.4961822032928467
ecoli,6,ffnn_0layer,adam,0.1,5,1444,0.8199999928474426,1.4861226081848145,0.8571428656578064,1.4974157810211182
ecoli,6,ffnn_0layer,sgd,0.001,1,1276,0.7999999523162842,1.4942654371261597,0.7346938848495483,1.5075184106826782
ecoli,6,ffnn_0layer,sgd,0.001,2,1318,0.7999999523162842,1.5009973049163818,0.714285671710968,1.5133394002914429
ecoli,6,ffnn_0layer,sgd,0.001,3,1360,0.7799999713897705,1.499333143234253,0.7346938848495483,1.5194783210754395
ecoli,6,ffnn_0layer,sgd,0.001,4,1402,0.7799999713897705,1.516358494758606,0.7346938848495483,1.528107762336731
ecoli,6,ffnn_0layer,sgd,0.001,5,1444,0.8199999928474426,1.4897704124450684,0.8163264989852905,1.5042822360992432
ecoli,6,ffnn_0layer,sgd,0.005,1,1276,0.7999999523162842,1.4936615228652954,0.7346938848495483,1.5069106817245483
ecoli,6,ffnn_0layer,sgd,0.005,2,1318,0.8199999928474426,1.5004363059997559,0.7346938848495483,1.5127172470092773
ecoli,6,ffnn_0layer,sgd,0.005,3,1360,0.7799999713897705,1.498324990272522,0.7346938848495483,1.5186793804168701
ecoli,6,ffnn_0layer,sgd,0.005,4,1402,0.7799999713897705,1.515169382095337,0.7346938848495483,1.5267963409423828
ecoli,6,ffnn_0layer,sgd,0.005,5,1444,0.8199999928474426,1.489184856414795,0.8163264989852905,1.5037524700164795
ecoli,6,ffnn_0layer,sgd,0.01,1,1276,0.7999999523162842,1.4929513931274414,0.7346938848495483,1.506187081336975
ecoli,6,ffnn_0layer,sgd,0.01,2,1318,0.7999999523162842,1.4997714757919312,0.7755101919174194,1.5119847059249878
ecoli,6,ffnn_0layer,sgd,0.01,3,1360,0.7799999713897705,1.497145175933838,0.7346938848495483,1.5177216529846191
ecoli,6,ffnn_0layer,sgd,0.01,4,1402,0.7599999904632568,1.5136260986328125,0.7346938848495483,1.5250955820083618
ecoli,6,ffnn_0layer,sgd,0.01,5,1444,0.8199999928474426,1.4885374307632446,0.8163264989852905,1.5031412839889526
ecoli,6,ffnn_0layer,sgd,0.05,1,1276,0.7999999523162842,1.4888756275177002,0.7551020383834839,1.5017191171646118
ecoli,6,ffnn_0layer,sgd,0.05,2,1318,0.7999999523162842,1.4956837892532349,0.8163264989852905,1.5076483488082886
ecoli,6,ffnn_0layer,sgd,0.05,3,1360,0.8399999737739563,1.4906421899795532,0.7755101919174194,1.5115482807159424
ecoli,6,ffnn_0layer,sgd,0.05,4,1402,0.7799999713897705,1.5007271766662598,0.8367346525192261,1.5101673603057861
ecoli,6,ffnn_0layer,sgd,0.05,5,1444,0.8199999928474426,1.4857580661773682,0.8163264989852905,1.4998793601989746
ecoli,6,ffnn_0layer,sgd,0.1,1,1276,0.7999999523162842,1.4865931272506714,0.8775510191917419,1.4987543821334839
ecoli,6,ffnn_0layer,sgd,0.1,2,1318,0.7999999523162842,1.4921826124191284,0.8163264989852905,1.5042885541915894
ecoli,6,ffnn_0layer,sgd,0.1,3,1360,0.8399999737739563,1.4871233701705933,0.8163264989852905,1.506422519683838
ecoli,6,ffnn_0layer,sgd,0.1,4,1402,0.8199999928474426,1.491550326347351,0.8979591727256775,1.4980806112289429
ecoli,6,ffnn_0layer,sgd,0.1,5,1444,0.8199999928474426,1.485011339187622,0.8367346525192261,1.49811851978302
ecoli,6,sampler,adam,0.001,1,1276,0.7999999523162842,1.4866100549697876,0.918367326259613,1.497003197669983
ecoli,6,sampler,adam,0.001,2,1318,0.8199999928474426,1.4879673719406128,0.918367326259613,1.496701717376709
ecoli,6,sampler,adam,0.001,3,1360,0.8199999928474426,1.4857964515686035,0.918367326259613,1.496476173400879
ecoli,6,sampler,adam,0.001,4,1402,0.8199999928474426,1.4874197244644165,0.918367326259613,1.495550513267517
ecoli,6,sampler,adam,0.001,5,1444,0.8199999928474426,1.490480899810791,0.8775510191917419,1.4964817762374878
ecoli,6,sampler,adam,0.005,1,1276,0.8199999928474426,1.4860453605651855,0.918367326259613,1.4957650899887085
ecoli,6,sampler,adam,0.005,2,1318,0.8199999928474426,1.4861197471618652,0.8979591727256775,1.495848536491394
ecoli,6,sampler,adam,0.005,3,1360,0.8199999928474426,1.4860137701034546,0.918367326259613,1.4957586526870728
ecoli,6,sampler,adam,0.005,4,1402,0.8199999928474426,1.4862064123153687,0.918367326259613,1.495710849761963
ecoli,6,sampler,adam,0.005,5,1444,0.8199999928474426,1.4860645532608032,0.918367326259613,1.4957448244094849
ecoli,6,sampler,adam,0.01,1,1276,0.8199999928474426,1.4861047267913818,0.918367326259613,1.4956345558166504
ecoli,6,sampler,adam,0.01,2,1318,0.8199999928474426,1.486310601234436,0.8979591727256775,1.495790719985962
ecoli,6,sampler,adam,0.01,3,1360,0.8199999928474426,1.4858882427215576,0.918367326259613,1.495894193649292
ecoli,6,sampler,adam,0.01,4,1402,0.8199999928474426,1.486351728439331,0.8979591727256775,1.4957525730133057
ecoli,6,sampler,adam,0.01,5,1444,0.8199999928474426,1.4861634969711304,0.918367326259613,1.495639681816101
ecoli,6,sampler,adam,0.05,1,1276,0.8199999928474426,1.4858767986297607,0.918367326259613,1.4959235191345215
ecoli,6,sampler,adam,0.05,2,1318,0.8399999737739563,1.487034559249878,0.8979591727256775,1.4952999353408813
ecoli,6,sampler,adam,0.05,3,1360,0.8199999928474426,1.4860165119171143,0.918367326259613,1.4957175254821777
ecoli,6,sampler,adam,0.05,4,1402,0.8399999737739563,1.4864894151687622,0.918367326259613,1.4966171979904175
ecoli,6,sampler,adam,0.05,5,1444,0.8199999928474426,1.4862910509109497,0.918367326259613,1.4957458972930908
ecoli,6,sampler,adam,0.1,1,1276,0.8199999928474426,1.4860037565231323,0.8979591727256775,1.4962760210037231
ecoli,6,sampler,adam,0.1,2,1318,0.8199999928474426,1.487149953842163,0.8979591727256775,1.4952762126922607
ecoli,6,sampler,adam,0.1,3,1360,0.8199999928474426,1.487513780593872,0.8979591727256775,1.4957945346832275
ecoli,6,sampler,adam,0.1,4,1402,0.8399999737739563,1.4869918823242188,0.918367326259613,1.4962009191513062
ecoli,6,sampler,adam,0.1,5,1444,0.8199999928474426,1.4864566326141357,0.918367326259613,1.4963005781173706
ecoli,6,sampler,sgd,0.001,1,1276,0.8199999928474426,1.494166374206543,0.8163264989852905,1.5037496089935303
ecoli,6,sampler,sgd,0.001,2,1318,0.8199999928474426,1.4954768419265747,0.7755101919174194,1.508047342300415
ecoli,6,sampler,sgd,0.001,3,1360,0.7999999523162842,1.4889330863952637,0.7551020383834839,1.5024983882904053
ecoli,6,sampler,sgd,0.001,4,1402,0.7999999523162842,1.5011001825332642,0.795918345451355,1.5074868202209473
ecoli,6,sampler,sgd,0.001,5,1444,0.8199999928474426,1.4984744787216187,0.795918345451355,1.5087040662765503
ecoli,6,sampler,sgd,0.005,1,1276,0.8199999928474426,1.4939712285995483,0.8163264989852905,1.5035741329193115
ecoli,6,sampler,sgd,0.005,2,1318,0.8199999928474426,1.495244026184082,0.7755101919174194,1.5077595710754395
ecoli,6,sampler,sgd,0.005,3,1360,0.7999999523162842,1.4888033866882324,0.7551020383834839,1.5023391246795654
ecoli,6,sampler,sgd,0.005,4,1402,0.7999999523162842,1.5006071329116821,0.795918345451355,1.5070134401321411
ecoli,6,sampler,sgd,0.005,5,1444,0.8199999928474426,1.4981930255889893,0.8163264989852905,1.5083115100860596
ecoli,6,sampler,sgd,0.01,1,1276,0.8199999928474426,1.4937331676483154,0.8163264989852905,1.5033620595932007
ecoli,6,sampler,sgd,0.01,2,1318,0.8199999928474426,1.4949625730514526,0.7755101919174194,1.507407546043396
ecoli,6,sampler,sgd,0.01,3,1360,0.8199999928474426,1.4886475801467896,0.7755101919174194,1.5021454095840454
ecoli,6,sampler,sgd,0.01,4,1402,0.7999999523162842,1.5000079870224,0.795918345451355,1.5064362287521362
ecoli,6,sampler,sgd,0.01,5,1444,0.8199999928474426,1.4978517293930054,0.8163264989852905,1.507834553718567
ecoli,6,sampler,sgd,0.05,1,1276,0.7999999523162842,1.492048978805542,0.8571428656578064,1.5019139051437378
ecoli,6,sampler,sgd,0.05,2,1318,0.8199999928474426,1.4930450916290283,0.8163264989852905,1.5048437118530273
ecoli,6,sampler,sgd,0.05,3,1360,0.7999999523162842,1.487624168395996,0.795918345451355,1.5007890462875366
ecoli,6,sampler,sgd,0.05,4,1402,0.7999999523162842,1.4958453178405762,0.8367346525192261,1.5023967027664185
ecoli,6,sampler,sgd,0.05,5,1444,0.8399999737739563,1.4955509901046753,0.8571428656578064,1.5045676231384277
ecoli,6,sampler,sgd,0.1,1,1276,0.7999999523162842,1.4904017448425293,0.8571428656578064,1.5005947351455688
ecoli,6,sampler,sgd,0.1,2,1318,0.8399999737739563,1.4912078380584717,0.795918345451355,1.5021452903747559
ecoli,6,sampler,sgd,0.1,3,1360,0.8199999928474426,1.4867974519729614,0.8367346525192261,1.4995265007019043
ecoli,6,sampler,sgd,0.1,4,1402,0.7999999523162842,1.4920928478240967,0.8571428656578064,1.4988155364990234
ecoli,6,sampler,sgd,0.1,5,1444,0.8199999928474426,1.4935766458511353,0.8775510191917419,1.5017223358154297
led7,4,ffnn_0layer,adam,0.001,1,1276,0.7558441162109375,1.9988539218902588,0.7161458730697632,2.0023255348205566
led7,4,ffnn_0layer,adam,0.001,2,1318,0.7558441162109375,1.9988539218902588,0.7161458730697632,2.0023255348205566
led7,4,ffnn_0layer,adam,0.001,3,1360,0.7558441162109375,1.9988539218902588,0.7161458730697632,2.0023255348205566
led7,4,ffnn_0layer,adam,0.001,4,1402,0.7558441162109375,1.9988539218902588,0.7161458730697632,2.0023252964019775
led7,4,ffnn_0layer,adam,0.001,5,1444,0.7558441162109375,1.9988539218902588,0.7161458730697632,2.0023252964019775
led7,4,ffnn_0layer,adam,0.005,1,1276,0.7558441162109375,1.9988539218902588,0.7161458730697632,2.0023255348205566
led7,4,ffnn_0layer,adam,0.005,2,1318,0.7558441162109375,1.9988539218902588,0.7161458730697632,2.0023252964019775
led7,4,ffnn_0layer,adam,0.005,3,1360,0.7558441162109375,1.9988539218902588,0.7161458730697632,2.0023255348205566
led7,4,ffnn_0layer,adam,0.005,4,1402,0.7558441162109375,1.9988539218902588,0.7161458730697632,2.0023255348205566
led7,4,ffnn_0layer,adam,0.005,5,1444,0.7558441162109375,1.9988539218902588,0.7161458730697632,2.0023255348205566
led7,4,ffnn_0layer,adam,0.01,1,1276,0.7558441162109375,1.9988539218902588,0.7161458730697632,2.0023255348205566
led7,4,ffnn_0layer,adam,0.01,2,1318,0.7558441162109375,1.9988539218902588,0.7161458730697632,2.0023255348205566
led7,4,ffnn_0layer,adam,0.01,3,1360,0.7558441162109375,1.9988539218902588,0.7161458730697632,2.0023255348205566
led7,4,ffnn_0layer,adam,0.01,4,1402,0.7558441162109375,1.9988539218902588,0.7161458730697632,2.0023252964019775
led7,4,ffnn_0layer,adam,0.01,5,1444,0.7558441162109375,1.9988539218902588,0.7161458730697632,2.0023255348205566
led7,4,ffnn_0layer,adam,0.05,1,1276,0.7558441162109375,1.9988539218902588,0.7161458730697632,2.0023255348205566
led7,4,ffnn_0layer,adam,0.05,2,1318,0.7558441162109375,1.9988539218902588,0.7161458730697632,2.0023252964019775
led7,4,ffnn_0layer,adam,0.05,3,1360,0.7558441162109375,1.9988539218902588,0.7161458730697632,2.0023255348205566
led7,4,ffnn_0layer,adam,0.05,4,1402,0.7558441162109375,1.9988539218902588,0.7161458730697632,2.0023252964019775
led7,4,ffnn_0layer,adam,0.05,5,1444,0.7558441162109375,1.9988539218902588,0.7161458730697632,2.0023252964019775
led7,4,ffnn_0layer,adam,0.1,1,1276,0.7558441162109375,1.9988539218902588,0.7161458730697632,2.0023255348205566
led7,4,ffnn_0layer,adam,0.1,2,1318,0.7558441162109375,1.9988539218902588,0.7161458730697632,2.0023252964019775
led7,4,ffnn_0layer,adam,0.1,3,1360,0.7558441162109375,1.9988538026809692,0.7161458730697632,2.0023255348205566
led7,4,ffnn_0layer,adam,0.1,4,1402,0.7558441162109375,1.9988538026809692,0.7161458730697632,2.0023252964019775
led7,4,ffnn_0layer,adam,0.1,5,1444,0.7558441162109375,1.9988539218902588,0.7161458730697632,2.0023252964019775
led7,4,ffnn_0layer,sgd,0.001,1,1276,0.7558441162109375,1.99895179271698,0.7161458730697632,2.002408742904663
led7,4,ffnn_0layer,sgd,0.001,2,1318,0.7558441162109375,1.9992047548294067,0.7161458730697632,2.002620220184326
led7,4,ffnn_0layer,sgd,0.001,3,1360,0.7558441162109375,1.9991103410720825,0.7161458730697632,2.0025582313537598
led7,4,ffnn_0layer,sgd,0.001,4,1402,0.7558441162109375,1.9989769458770752,0.7161458730697632,2.0024354457855225
led7,4,ffnn_0layer,sgd,0.001,5,1444,0.7558441162109375,1.9989500045776367,0.7161458730697632,2.002411127090454
led7,4,ffnn_0layer,sgd,0.005,1,1276,0.7558441162109375,1.9989392757415771,0.7161458730697632,2.0023975372314453
led7,4,ffnn_0layer,sgd,0.005,2,1318,0.7558441162109375,1.9991343021392822,0.7161458730697632,2.0025618076324463
led7,4,ffnn_0layer,sgd,0.005,3,1360,0.7558441162109375,1.9990729093551636,0.7161458730697632,2.0025246143341064
led7,4,ffnn_0layer,sgd,0.005,4,1402,0.7558441162109375,1.9989572763442993,0.7161458730697632,2.002417802810669
led7,4,ffnn_0layer,sgd,0.005,5,1444,0.7558441162109375,1.9989383220672607,0.7161458730697632,2.0023999214172363
led7,4,ffnn_0layer,sgd,0.01,1,1276,0.7558441162109375,1.998925805091858,0.7161458730697632,2.0023863315582275
led7,4,ffnn_0layer,sgd,0.01,2,1318,0.7558441162109375,1.9990699291229248,0.7161458730697632,2.002507209777832
led7,4,ffnn_0layer,sgd,0.01,3,1360,0.7558441162109375,1.9990358352661133,0.7161458730697632,2.0024914741516113
led7,4,ffnn_0layer,sgd,0.01,4,1402,0.7558441162109375,1.998937964439392,0.7161458730697632,2.002401113510132
led7,4,ffnn_0layer,sgd,0.01,5,1444,0.7558441162109375,1.9989250898361206,0.7161458730697632,2.0023891925811768
led7,4,ffnn_0layer,sgd,0.05,1,1276,0.7558441162109375,1.9988768100738525,0.7161458730697632,2.0023443698883057
led7,4,ffnn_0layer,sgd,0.05,2,1318,0.7558441162109375,1.9988960027694702,0.7161458730697632,2.002361297607422
led7,4,ffnn_0layer,sgd,0.05,3,1360,0.7558441162109375,1.9989067316055298,0.7161458730697632,2.0023741722106934
led7,4,ffnn_0layer,sgd,0.05,4,1402,0.7558441162109375,1.9988747835159302,0.7161458730697632,2.002344846725464
led7,4,ffnn_0layer,sgd,0.05,5,1444,0.7558441162109375,1.998876690864563,0.7161458730697632,2.002345561981201
led7,4,ffnn_0layer,sgd,0.1,1,1276,0.7558441162109375,1.99886155128479,0.7161458730697632,2.002331256866455
led7,4,ffnn_0layer,sgd,0.1,2,1318,0.7558441162109375,1.9988627433776855,0.7161458730697632,2.0023326873779297
led7,4,ffnn_0layer,sgd,0.1,3,1360,0.7558441162109375,1.998869776725769,0.7161458730697632,2.002340316772461
led7,4,ffnn_0layer,sgd,0.1,4,1402,0.7558441162109375,1.998859167098999,0.7161458730697632,2.0023303031921387
led7,4,ffnn_0layer,sgd,0.1,5,1444,0.7558441162109375,1.9988614320755005,0.7161458730697632,2.002331256866455
led7,4,sampler,adam,0.001,1,1276,0.7558441162109375,1.9988539218902588,0.7161458730697632,2.0023255348205566
led7,4,sampler,adam,0.001,2,1318,0.7558441162109375,1.998854160308838,0.7161458730697632,2.0023255348205566
led7,4,sampler,adam,0.001,3,1360,0.7558441162109375,1.9988539218902588,0.7161458730697632,2.0023255348205566
led7,4,sampler,adam,0.001,4,1402,0.7558441162109375,1.9988539218902588,0.7161458730697632,2.0023255348205566
led7,4,sampler,adam,0.001,5,1444,0.7558441162109375,1.998854160308838,0.7161458730697632,2.0023255348205566
led7,4,sampler,adam,0.005,1,1276,0.7558441162109375,1.9988539218902588,0.7161458730697632,2.0023255348205566
led7,4,sampler,adam,0.005,2,1318,0.7558441162109375,1.9988539218902588,0.7161458730697632,2.0023252964019775
led7,4,sampler,adam,0.005,3,1360,0.7558441162109375,1.9988539218902588,0.7161458730697632,2.0023255348205566
led7,4,sampler,adam,0.005,4,1402,0.7558441162109375,1.9988539218902588,0.7161458730697632,2.0023255348205566
led7,4,sampler,adam,0.005,5,1444,0.7558441162109375,1.9988539218902588,0.7161458730697632,2.0023255348205566
led7,4,sampler,adam,0.01,1,1276,0.7558441162109375,1.9988539218902588,0.7161458730697632,2.0023255348205566
led7,4,sampler,adam,0.01,2,1318,0.7558441162109375,1.9988539218902588,0.7161458730697632,2.0023252964019775
led7,4,sampler,adam,0.01,3,1360,0.7558441162109375,1.9988539218902588,0.7161458730697632,2.0023255348205566
led7,4,sampler,adam,0.01,4,1402,0.7558441162109375,1.9988539218902588,0.7161458730697632,2.0023255348205566
led7,4,sampler,adam,0.01,5,1444,0.7558441162109375,1.9988539218902588,0.7161458730697632,2.0023255348205566
led7,4,sampler,adam,0.05,1,1276,0.7558441162109375,1.9988539218902588,0.7161458730697632,2.0023255348205566
led7,4,sampler,adam,0.05,2,1318,0.7558441162109375,1.9988539218902588,0.7161458730697632,2.0023255348205566
led7,4,sampler,adam,0.05,3,1360,0.7558441162109375,1.9988539218902588,0.7161458730697632,2.0023252964019775
led7,4,sampler,adam,0.05,4,1402,0.7558441162109375,1.9988539218902588,0.7161458730697632,2.0023255348205566
led7,4,sampler,adam,0.05,5,1444,0.7558441162109375,1.9988538026809692,0.7161458730697632,2.0023252964019775
led7,4,sampler,adam,0.1,1,1276,0.7558441162109375,1.9988539218902588,0.7161458730697632,2.0023255348205566
led7,4,sampler,adam,0.1,2,1318,0.7558441162109375,1.9988539218902588,0.7161458730697632,2.0023252964019775
led7,4,sampler,adam,0.1,3,1360,0.7558441162109375,1.9988539218902588,0.7161458730697632,2.0023255348205566
led7,4,sampler,adam,0.1,4,1402,0.7558441162109375,1.9988539218902588,0.7161458730697632,2.0023252964019775
led7,4,sampler,adam,0.1,5,1444,0.7558441162109375,1.9988539218902588,0.7161458730697632,2.0023252964019775
led7,4,sampler,sgd,0.001,1,1276,0.7558441162109375,1.9992899894714355,0.7161458730697632,2.0027577877044678
led7,4,sampler,sgd,0.001,2,1318,0.7558441162109375,1.9990715980529785,0.7161458730697632,2.0025503635406494
led7,4,sampler,sgd,0.001,3,1360,0.7558441162109375,1.9991143941879272,0.7161458730697632,2.002552032470703
led7,4,sampler,sgd,0.001,4,1402,0.7558441162109375,1.9989306926727295,0.7161458730697632,2.002390146255493
led7,4,sampler,sgd,0.001,5,1444,0.7558441162109375,1.9989686012268066,0.7161458730697632,2.002434015274048
led7,4,sampler,sgd,0.005,1,1276,0.7558441162109375,1.9992409944534302,0.7161458730697632,2.0027079582214355
led7,4,sampler,sgd,0.005,2,1318,0.7558441162109375,1.9990484714508057,0.7161458730697632,2.0025272369384766
led7,4,sampler,sgd,0.005,3,1360,0.7558441162109375,1.9990919828414917,0.7161458730697632,2.0025322437286377
led7,4,sampler,sgd,0.005,4,1402,0.7558441162109375,1.9989250898361206,0.7161458730697632,2.0023858547210693
led7,4,sampler,sgd,0.005,5,1444,0.7558441162109375,1.9989581108093262,0.7161458730697632,2.0024240016937256
led7,4,sampler,sgd,0.01,1,1276,0.7558441162109375,1.9991888999938965,0.7161458730697632,2.0026559829711914
led7,4,sampler,sgd,0.01,2,1318,0.7558441162109375,1.999024748802185,0.7161458730697632,2.0025017261505127
led7,4,sampler,sgd,0.01,3,1360,0.7558441162109375,1.9990671873092651,0.7161458730697632,2.0025105476379395
led7,4,sampler,sgd,0.01,4,1402,0.7558441162109375,1.9989192485809326,0.7161458730697632,2.00238037109375
led7,4,sampler,sgd,0.01,5,1444,0.7558441162109375,1.9989464282989502,0.7161458730697632,2.002413034439087
led7,4,sampler,sgd,0.05,1,1276,0.7558441162109375,1.9989824295043945,0.7161458730697632,2.0024495124816895
led7,4,sampler,sgd,0.05,2,1318,0.7558441162109375,1.9989221096038818,0.7161458730697632,2.0023953914642334
led7,4,sampler,sgd,0.05,3,1360,0.7558441162109375,1.99895179271698,0.7161458730697632,2.0024101734161377
led7,4,sampler,sgd,0.05,4,1402,0.7558441162109375,1.9988874197006226,0.7161458730697632,2.002354145050049
led7,4,sampler,sgd,0.05,5,1444,0.7558441162109375,1.998895525932312,0.7161458730697632,2.002363920211792
led7,4,sampler,sgd,0.1,1,1276,0.7558441162109375,1.9989051818847656,0.7161458730697632,2.0023739337921143
led7,4,sampler,sgd,0.1,2,1318,0.7558441162109375,1.9988806247711182,0.7161458730697632,2.0023529529571533
led7,4,sampler,sgd,0.1,3,1360,0.7558441162109375,1.9988971948623657,0.7161458730697632,2.0023632049560547
led7,4,sampler,sgd,0.1,4,1402,0.7558441162109375,1.9988702535629272,0.7161458730697632,2.0023391246795654
led7,4,sampler,sgd,0.1,5,1444,0.7558441162109375,1.9988716840744019,0.7161458730697632,2.0023410320281982
led7,7,ffnn_0layer,adam,0.001,1,1276,0.8025974035263062,1.9786947965621948,0.7994791865348816,1.975845217704773
led7,7,ffnn_0layer,adam,0.001,2,1318,0.8025974035263062,1.9786957502365112,0.7994791865348816,1.9758448600769043
led7,7,ffnn_0layer,adam,0.001,3,1360,0.8025974035263062,1.9786953926086426,0.7994791865348816,1.9758449792861938
led7,7,ffnn_0layer,adam,0.001,4,1402,0.8025974035263062,1.978692889213562,0.7994791865348816,1.9758448600769043
led7,7,ffnn_0layer,adam,0.001,5,1444,0.8025974035263062,1.9786964654922485,0.7994791865348816,1.9758447408676147
led7,7,ffnn_0layer,adam,0.005,1,1276,0.8025974035263062,1.9786875247955322,0.7994791865348816,1.9758458137512207
led7,7,ffnn_0layer,adam,0.005,2,1318,0.8025974035263062,1.9786889553070068,0.7994791865348816,1.9758456945419312
led7,7,ffnn_0layer,adam,0.005,3,1360,0.8025974035263062,1.9786899089813232,0.7994791865348816,1.9758456945419312
led7,7,ffnn_0layer,adam,0.005,4,1402,0.8025974035263062,1.9786863327026367,0.7994791865348816,1.9758459329605103
led7,7,ffnn_0layer,adam,0.005,5,1444,0.8025974035263062,1.9786912202835083,0.7994791865348816,1.9758453369140625
led7,7,ffnn_0layer,adam,0.01,1,1276,0.8025974035263062,1.9786856174468994,0.7994791865348816,1.9758458137512207
led7,7,ffnn_0layer,adam,0.01,2,1318,0.8025974035263062,1.9786875247955322,0.7994791865348816,1.9758458137512207
led7,7,ffnn_0layer,adam,0.01,3,1360,0.8025974035263062,1.9786880016326904,0.7994791865348816,1.9758459329605103
led7,7,ffnn_0layer,adam,0.01,4,1402,0.8025974035263062,1.9786856174468994,0.7994791865348816,1.9758459329605103
led7,7,ffnn_0layer,adam,0.01,5,1444,0.8025974035263062,1.9786916971206665,0.7994791865348816,1.9758453369140625
led7,7,ffnn_0layer,adam,0.05,1,1276,0.8025974035263062,1.9786858558654785,0.7994791865348816,1.9758461713790894
led7,7,ffnn_0layer,adam,0.05,2,1318,0.8025974035263062,1.9786853790283203,0.7994791865348816,1.9758456945419312
led7,7,ffnn_0layer,adam,0.05,3,1360,0.8025974035263062,1.9786895513534546,0.7994791865348816,1.975846290588379
led7,7,ffnn_0layer,adam,0.05,4,1402,0.8025974035263062,1.9786871671676636,0.7994791865348816,1.9758458137512207
led7,7,ffnn_0layer,adam,0.05,5,1444,0.8025974035263062,1.9786911010742188,0.7994791865348816,1.975845456123352
led7,7,ffnn_0layer,adam,0.1,1,1276,0.8025974035263062,1.9786858558654785,0.7994791865348816,1.9758464097976685
led7,7,ffnn_0layer,adam,0.1,2,1318,0.8025974035263062,1.9786858558654785,0.7994791865348816,1.975845456123352
led7,7,ffnn_0layer,adam,0.1,3,1360,0.8025974035263062,1.9786936044692993,0.7994791865348816,1.9758458137512207
led7,7,ffnn_0layer,adam,0.1,4,1402,0.8025974035263062,1.9786875247955322,0.7994791865348816,1.9758456945419312
led7,7,ffnn_0layer,adam,0.1,5,1444,0.8025974035263062,1.9786885976791382,0.7994791865348816,1.975845456123352
led7,7,ffnn_0layer,sgd,0.001,1,1276,0.8051947951316833,1.9787280559539795,0.7994791865348816,1.9759360551834106
led7,7,ffnn_0layer,sgd,0.001,2,1318,0.7896103858947754,1.9792431592941284,0.8125,1.9760332107543945
led7,7,ffnn_0layer,sgd,0.001,3,1360,0.7922077775001526,1.9792559146881104,0.8125,1.9760289192199707
led7,7,ffnn_0layer,sgd,0.001,4,1402,0.8025974035263062,1.978775143623352,0.7994791865348816,1.9759794473648071
led7,7,ffnn_0layer,sgd,0.001,5,1444,0.7948051691055298,1.9787672758102417,0.8098958730697632,1.97596275806427
led7,7,ffnn_0layer,sgd,0.005,1,1276,0.8051947951316833,1.9787198305130005,0.7994791865348816,1.9759262800216675
led7,7,ffnn_0layer,sgd,0.005,2,1318,0.7922077775001526,1.9792101383209229,0.8125,1.9760113954544067
led7,7,ffnn_0layer,sgd,0.005,3,1360,0.7922077775001526,1.9792340993881226,0.8125,1.976009488105774
led7,7,ffnn_0layer,sgd,0.005,4,1402,0.8025974035263062,1.9787650108337402,0.8020833730697632,1.975962519645691
led7,7,ffnn_0layer,sgd,0.005,5,1444,0.7922077775001526,1.9787428379058838,0.8098958730697632,1.9759494066238403
led7,7,ffnn_0layer,sgd,0.01,1,1276,0.8051947951316833,1.9787116050720215,0.7994791865348816,1.975916862487793
led7,7,ffnn_0layer,sgd,0.01,2,1318,0.7922077775001526,1.9791749715805054,0.8125,1.9759883880615234
led7,7,ffnn_0layer,sgd,0.01,3,1360,0.7922077775001526,1.9792100191116333,0.8125,1.9759893417358398
led7,7,ffnn_0layer,sgd,0.01,4,1402,0.8025974035263062,1.9787555932998657,0.8020833730697632,1.9759448766708374
led7,7,ffnn_0layer,sgd,0.01,5,1444,0.7922077775001526,1.9787168502807617,0.8098958730697632,1.9759351015090942
led7,7,ffnn_0layer,sgd,0.05,1,1276,0.8051947951316833,1.9786721467971802,0.7994791865348816,1.975873351097107
led7,7,ffnn_0layer,sgd,0.05,2,1318,0.7922077775001526,1.97899329662323,0.8151041865348816,1.9759010076522827
led7,7,ffnn_0layer,sgd,0.05,3,1360,0.7922077775001526,1.9790598154067993,0.8098958730697632,1.9759024381637573
led7,7,ffnn_0layer,sgd,0.05,4,1402,0.800000011920929,1.978728175163269,0.8020833730697632,1.9758739471435547
led7,7,ffnn_0layer,sgd,0.05,5,1444,0.7922077775001526,1.9786102771759033,0.8098958730697632,1.9758806228637695
led7,7,ffnn_0layer,sgd,0.1,1,1276,0.8077921867370605,1.9786567687988281,0.796875,1.9758559465408325
led7,7,ffnn_0layer,sgd,0.1,2,1318,0.8051947951316833,1.9788650274276733,0.8020833730697632,1.9758696556091309
led7,7,ffnn_0layer,sgd,0.1,3,1360,0.8077921867370605,1.9789143800735474,0.796875,1.9758654832839966
led7,7,ffnn_0layer,sgd,0.1,4,1402,0.8025974035263062,1.9787319898605347,0.7994791865348816,1.9758487939834595
led7,7,ffnn_0layer,sgd,0.1,5,1444,0.7896103858947754,1.9785844087600708,0.8098958730697632,1.9758611917495728
led7,7,sampler,adam,0.001,1,1276,0.8025974035263062,1.9787009954452515,0.7994791865348816,1.9758435487747192
led7,7,sampler,adam,0.001,2,1318,0.8025974035263062,1.9786990880966187,0.7994791865348816,1.9758445024490356
led7,7,sampler,adam,0.001,3,1360,0.8025974035263062,1.9786814451217651,0.7994791865348816,1.9758466482162476
led7,7,sampler,adam,0.001,4,1402,0.8025974035263062,1.9787054061889648,0.7994791865348816,1.9758437871932983
led7,7,sampler,adam,0.001,5,1444,0.8025974035263062,1.9786996841430664,0.7994791865348816,1.9758442640304565
led7,7,sampler,adam,0.005,1,1276,0.8025974035263062,1.978690505027771,0.7994791865348816,1.975845456123352
led7,7,sampler,adam,0.005,2,1318,0.8025974035263062,1.9786912202835083,0.7994791865348816,1.975845456123352
led7,7,sampler,adam,0.005,3,1360,0.8025974035263062,1.9786920547485352,0.7994791865348816,1.975845217704773
led7,7,sampler,adam,0.005,4,1402,0.8025974035263062,1.9786882400512695,0.7994791865348816,1.9758456945419312
led7,7,sampler,adam,0.005,5,1444,0.8025974035263062,1.9786921739578247,0.7994791865348816,1.975845217704773
led7,7,sampler,adam,0.01,1,1276,0.8025974035263062,1.9786875247955322,0.7994791865348816,1.9758458137512207
led7,7,sampler,adam,0.01,2,1318,0.8025974035263062,1.9786889553070068,0.7994791865348816,1.9758456945419312
led7,7,sampler,adam,0.01,3,1360,0.8025974035263062,1.9786899089813232,0.7994791865348816,1.9758456945419312
led7,7,sampler,adam,0.01,4,1402,0.8025974035263062,1.9786863327026367,0.7994791865348816,1.9758459329605103
led7,7,sampler,adam,0.01,5,1444,0.8025974035263062,1.9786912202835083,0.7994791865348816,1.9758453369140625
led7,7,sampler,adam,0.05,1,1276,0.8025974035263062,1.978684663772583,0.7994791865348816,1.9758459329605103
led7,7,sampler,adam,0.05,2,1318,0.8025974035263062,1.9786860942840576,0.7994791865348816,1.9758459329605103
led7,7,sampler,adam,0.05,3,1360,0.8025974035263062,1.9786875247955322,0.7994791865348816,1.9758461713790894
led7,7,sampler,adam,0.05,4,1402,0.8025974035263062,1.9786862134933472,0.7994791865348816,1.9758459329605103
led7,7,sampler,adam,0.05,5,1444,0.8025974035263062,1.9786916971206665,0.7994791865348816,1.9758453369140625
led7,7,sampler,adam,0.1,1,1276,0.8025974035263062,1.9786858558654785,0.7994791865348816,1.9758461713790894
led7,7,sampler,adam,0.1,2,1318,0.8025974035263062,1.9786853790283203,0.7994791865348816,1.9758456945419312
led7,7,sampler,adam,0.1,3,1360,0.8025974035263062,1.9786895513534546,0.7994791865348816,1.975846290588379
led7,7,sampler,adam,0.1,4,1402,0.8025974035263062,1.9786871671676636,0.7994791865348816,1.9758458137512207
led7,7,sampler,adam,0.1,5,1444,0.8025974035263062,1.9786911010742188,0.7994791865348816,1.975845456123352
led7,7,sampler,sgd,0.001,1,1276,0.8077921867370605,1.9787901639938354,0.8020833730697632,1.976157307624817
led7,7,sampler,sgd,0.001,2,1318,0.8077921867370605,1.9788810014724731,0.796875,1.9760576486587524
led7,7,sampler,sgd,0.001,3,1360,0.8051947951316833,1.9786866903305054,0.7994791865348816,1.9761143922805786
led7,7,sampler,sgd,0.001,4,1402,0.8025974035263062,1.9788093566894531,0.7994791865348816,1.9759883880615234
led7,7,sampler,sgd,0.001,5,1444,0.8103895783424377,1.9788529872894287,0.8020833730697632,1.9761368036270142
led7,7,sampler,sgd,0.005,1,1276,0.8077921867370605,1.9787769317626953,0.8020833730697632,1.9761395454406738
led7,7,sampler,sgd,0.005,2,1318,0.8077921867370605,1.9788703918457031,0.796875,1.9760442972183228
led7,7,sampler,sgd,0.005,3,1360,0.8051947951316833,1.978671669960022,0.7994791865348816,1.9761008024215698
led7,7,sampler,sgd,0.005,4,1402,0.8025974035263062,1.9788010120391846,0.7994791865348816,1.9759823083877563
led7,7,sampler,sgd,0.005,5,1444,0.8103895783424377,1.9788371324539185,0.8020833730697632,1.9761155843734741
led7,7,sampler,sgd,0.01,1,1276,0.8077921867370605,1.9787606000900269,0.8020833730697632,1.9761199951171875
led7,7,sampler,sgd,0.01,2,1318,0.8077921867370605,1.978858232498169,0.796875,1.9760290384292603
led7,7,sampler,sgd,0.01,3,1360,0.8051947951316833,1.9786546230316162,0.7994791865348816,1.9760847091674805
led7,7,sampler,sgd,0.01,4,1402,0.8025974035263062,1.9787896871566772,0.7994791865348816,1.975975513458252
led7,7,sampler,sgd,0.01,5,1444,0.8103895783424377,1.9788188934326172,0.8020833730697632,1.976091742515564
led7,7,sampler,sgd,0.05,1,1276,0.8077921867370605,1.9786704778671265,0.8020833730697632,1.9760066270828247
led7,7,sampler,sgd,0.05,2,1318,0.8077921867370605,1.978792428970337,0.796875,1.9759467840194702
led7,7,sampler,sgd,0.05,3,1360,0.8051947951316833,1.9785594940185547,0.7994791865348816,1.9759982824325562
led7,7,sampler,sgd,0.05,4,1402,0.8025974035263062,1.978720784187317,0.7994791865348816,1.9759334325790405
led7,7,sampler,sgd,0.05,5,1444,0.8077921867370605,1.978725790977478,0.8020833730697632,1.9759726524353027
led7,7,sampler,sgd,0.1,1,1276,0.8103895783424377,1.9786115884780884,0.8020833730697632,1.9759360551834106
led7,7,sampler,sgd,0.1,2,1318,0.8077921867370605,1.9787516593933105,0.796875,1.9758960008621216
led7,7,sampler,sgd,0.1,3,1360,0.8051947951316833,1.9785029888153076,0.7994791865348816,1.9759434461593628
led7,7,sampler,sgd,0.1,4,1402,0.8051947951316833,1.9786642789840698,0.7994791865348816,1.9759048223495483
led7,7,sampler,sgd,0.1,5,1444,0.8077921867370605,1.9786736965179443,0.8020833730697632,1.9759081602096558
compas,4,ffnn_0layer,adam,0.001,1,1276,0.6960227489471436,0.6525818109512329,0.669507622718811,0.6569316387176514
compas,4,ffnn_0layer,adam,0.001,2,1318,0.6960227489471436,0.6527078151702881,0.6666666865348816,0.6570370197296143
compas,4,ffnn_0layer,adam,0.001,3,1360,0.696969747543335,0.6526666879653931,0.6704545617103577,0.6569877862930298
compas,4,ffnn_0layer,adam,0.001,4,1402,0.696969747543335,0.6526632905006409,0.667613685131073,0.6569990515708923
compas,4,ffnn_0layer,adam,0.001,5,1444,0.6979166865348816,0.6525983810424805,0.6685606241226196,0.6569539904594421
compas,4,ffnn_0layer,adam,0.005,1,1276,0.6941288113594055,0.6524975895881653,0.6685606241226196,0.6568387150764465
compas,4,ffnn_0layer,adam,0.005,2,1318,0.6931818127632141,0.6527790427207947,0.667613685131073,0.6571058630943298
compas,4,ffnn_0layer,adam,0.005,3,1360,0.6912878751754761,0.652766227722168,0.6704545617103577,0.6570556163787842
compas,4,ffnn_0layer,adam,0.005,4,1402,0.696969747543335,0.6525962948799133,0.6704545617103577,0.6569435000419617
compas,4,ffnn_0layer,adam,0.005,5,1444,0.6931818127632141,0.6525692343711853,0.667613685131073,0.656941831111908
compas,4,ffnn_0layer,adam,0.01,1,1276,0.696969747543335,0.6524865031242371,0.6714015603065491,0.6568159461021423
compas,4,ffnn_0layer,adam,0.01,2,1318,0.6950757503509521,0.6528032422065735,0.669507622718811,0.657156765460968
compas,4,ffnn_0layer,adam,0.01,3,1360,0.6941288113594055,0.6528463959693909,0.6714015603065491,0.6571345925331116
compas,4,ffnn_0layer,adam,0.01,4,1402,0.6941288113594055,0.6525373458862305,0.6685606241226196,0.6568860411643982
compas,4,ffnn_0layer,adam,0.01,5,1444,0.6960227489471436,0.652588963508606,0.667613685131073,0.6569491028785706
compas,4,ffnn_0layer,adam,0.05,1,1276,0.6960227489471436,0.6528670191764832,0.6770833730697632,0.6570355892181396
compas,4,ffnn_0layer,adam,0.05,2,1318,0.696969747543335,0.652584969997406,0.6704545617103577,0.6569356918334961
compas,4,ffnn_0layer,adam,0.05,3,1360,0.6950757503509521,0.6527291536331177,0.667613685131073,0.6571048498153687
compas,4,ffnn_0layer,adam,0.05,4,1402,0.700757622718811,0.6526050567626953,0.6818181872367859,0.6568573117256165
compas,4,ffnn_0layer,adam,0.05,5,1444,0.6941288113594055,0.6527516841888428,0.6647727489471436,0.6570473313331604
compas,4,ffnn_0layer,adam,0.1,1,1276,0.6931818127632141,0.6535569429397583,0.6799242496490479,0.6574850082397461
compas,4,ffnn_0layer,adam,0.1,2,1318,0.696969747543335,0.65259850025177,0.6657196879386902,0.6569749116897583
compas,4,ffnn_0layer,adam,0.1,3,1360,0.6960227489471436,0.6527780890464783,0.6647727489471436,0.6570782661437988
compas,4,ffnn_0layer,adam,0.1,4,1402,0.6998106241226196,0.6525145769119263,0.6808712482452393,0.6568030118942261
compas,4,ffnn_0layer,adam,0.1,5,1444,0.6950757503509521,0.6528177857398987,0.6666666865348816,0.657027006149292
compas,4,ffnn_0layer,sgd,0.001,1,1276,0.6714015603065491,0.6561029553413391,0.6534091234207153,0.6599562168121338
compas,4,ffnn_0layer,sgd,0.001,2,1318,0.6903409361839294,0.6597360372543335,0.6657196879386902,0.6638557314872742
compas,4,ffnn_0layer,sgd,0.001,3,1360,0.6865530610084534,0.6591711044311523,0.669507622718811,0.6630163192749023
compas,4,ffnn_0layer,sgd,0.001,4,1402,0.6875,0.6586913466453552,0.6704545617103577,0.6625903248786926
compas,4,ffnn_0layer,sgd,0.001,5,1444,0.6723484992980957,0.6562559008598328,0.6505681872367859,0.6602195501327515
compas,4,ffnn_0layer,sgd,0.005,1,1276,0.6685606241226196,0.6560141444206238,0.65625,0.6597456336021423
compas,4,ffnn_0layer,sgd,0.005,2,1318,0.6903409361839294,0.6595193147659302,0.6666666865348816,0.6636961698532104
compas,4,ffnn_0layer,sgd,0.005,3,1360,0.6846591234207153,0.6589000225067139,0.6704545617103577,0.6627590656280518
compas,4,ffnn_0layer,sgd,0.005,4,1402,0.6884469985961914,0.658521294593811,0.6685606241226196,0.6623777747154236
compas,4,ffnn_0layer,sgd,0.005,5,1444,0.6732954978942871,0.6561311483383179,0.6534091234207153,0.6600232720375061
compas,4,ffnn_0layer,sgd,0.01,1,1276,0.6685606241226196,0.6559069752693176,0.6571969985961914,0.6594833135604858
compas,4,ffnn_0layer,sgd,0.01,2,1318,0.6922348737716675,0.6592376232147217,0.6666666865348816,0.6634239554405212
compas,4,ffnn_0layer,sgd,0.01,3,1360,0.6875,0.6585016250610352,0.669507622718811,0.6623930931091309
compas,4,ffnn_0layer,sgd,0.01,4,1402,0.6884469985961914,0.6581920385360718,0.6704545617103577,0.6621311902999878
compas,4,ffnn_0layer,sgd,0.01,5,1444,0.6704545617103577,0.6559765338897705,0.6553030610084534,0.6597650647163391
compas,4,ffnn_0layer,sgd,0.05,1,1276,0.6941288113594055,0.6533406376838684,0.6723484992980957,0.6575994491577148
compas,4,ffnn_0layer,sgd,0.05,2,1318,0.6922348737716675,0.6560752391815186,0.6685606241226196,0.6607305407524109
compas,4,ffnn_0layer,sgd,0.05,3,1360,0.6912878751754761,0.6557540893554688,0.669507622718811,0.6602560877799988
compas,4,ffnn_0layer,sgd,0.05,4,1402,0.6903409361839294,0.655608057975769,0.667613685131073,0.6602696776390076
compas,4,ffnn_0layer,sgd,0.05,5,1444,0.6912878751754761,0.6535372734069824,0.6714015603065491,0.6577460765838623
compas,4,ffnn_0layer,sgd,0.1,1,1276,0.6950757503509521,0.6527137756347656,0.667613685131073,0.6570682525634766
compas,4,ffnn_0layer,sgd,0.1,2,1318,0.6931818127632141,0.652792751789093,0.6666666865348816,0.65712970495224
compas,4,ffnn_0layer,sgd,0.1,3,1360,0.6950757503509521,0.6527422070503235,0.6666666865348816,0.6570725440979004
compas,4,ffnn_0layer,sgd,0.1,4,1402,0.6941288113594055,0.6527438163757324,0.6666666865348816,0.657086193561554
compas,4,ffnn_0layer,sgd,0.1,5,1444,0.6950757503509521,0.6527153253555298,0.6666666865348816,0.6570664048194885
compas,4,sampler,adam,0.001,1,1276,0.696969747543335,0.6526251435279846,0.667613685131073,0.6569757461547852
compas,4,sampler,adam,0.001,2,1318,0.6960227489471436,0.652704656124115,0.6666666865348816,0.657038152217865
compas,4,sampler,adam,0.001,3,1360,0.696969747543335,0.6526698470115662,0.667613685131073,0.6570015549659729
compas,4,sampler,adam,0.001,4,1402,0.6960227489471436,0.6526833176612854,0.6666666865348816,0.6570210456848145
compas,4,sampler,adam,0.001,5,1444,0.696969747543335,0.6526283621788025,0.667613685131073,0.6569783091545105
compas,4,sampler,adam,0.005,1,1276,0.6950757503509521,0.6525297164916992,0.6685606241226196,0.6568766236305237
compas,4,sampler,adam,0.005,2,1318,0.6950757503509521,0.6527402997016907,0.6666666865348816,0.6570641398429871
compas,4,sampler,adam,0.005,3,1360,0.6941288113594055,0.6527045369148254,0.6714015603065491,0.657005250453949
compas,4,sampler,adam,0.005,4,1402,0.6960227489471436,0.6526424884796143,0.6685606241226196,0.6569797992706299
compas,4,sampler,adam,0.005,5,1444,0.696969747543335,0.65257728099823,0.669507622718811,0.6569432020187378
compas,4,sampler,adam,0.01,1,1276,0.6941288113594055,0.6524975895881653,0.6685606241226196,0.6568387150764465
compas,4,sampler,adam,0.01,2,1318,0.6931818127632141,0.6527790427207947,0.667613685131073,0.6571058630943298
compas,4,sampler,adam,0.01,3,1360,0.6912878751754761,0.652766227722168,0.6704545617103577,0.6570555567741394
compas,4,sampler,adam,0.01,4,1402,0.696969747543335,0.6525962948799133,0.6704545617103577,0.6569435000419617
compas,4,sampler,adam,0.01,5,1444,0.6931818127632141,0.6525692343711853,0.667613685131073,0.656941831111908
compas,4,sampler,adam,0.05,1,1276,0.6998106241226196,0.652562141418457,0.6780303120613098,0.6568506956100464
compas,4,sampler,adam,0.05,2,1318,0.6941288113594055,0.6526463031768799,0.6657196879386902,0.6570295691490173
compas,4,sampler,adam,0.05,3,1360,0.6941288113594055,0.6528460383415222,0.6685606241226196,0.6571780443191528
compas,4,sampler,adam,0.05,4,1402,0.6960227489471436,0.6525536179542542,0.6818181872367859,0.6568531394004822
compas,4,sampler,adam,0.05,5,1444,0.6960227489471436,0.6526880860328674,0.6647727489471436,0.6570313572883606
compas,4,sampler,adam,0.1,1,1276,0.6960227489471436,0.6528670191764832,0.6770833730697632,0.6570355892181396
compas,4,sampler,adam,0.1,2,1318,0.696969747543335,0.652584969997406,0.6704545617103577,0.6569356918334961
compas,4,sampler,adam,0.1,3,1360,0.6950757503509521,0.6527292728424072,0.667613685131073,0.6571049094200134
compas,4,sampler,adam,0.1,4,1402,0.700757622718811,0.6526050567626953,0.6818181872367859,0.6568573117256165
compas,4,sampler,adam,0.1,5,1444,0.6941288113594055,0.6527516841888428,0.6647727489471436,0.6570473313331604
compas,4,sampler,sgd,0.001,1,1276,0.6837121248245239,0.660106897354126,0.6666666865348816,0.6641291379928589
compas,4,sampler,sgd,0.001,2,1318,0.685606062412262,0.6592231392860413,0.667613685131073,0.6631178259849548
compas,4,sampler,sgd,0.001,3,1360,0.685606062412262,0.6601018905639648,0.667613685131073,0.66436368227005
compas,4,sampler,sgd,0.001,4,1402,0.6884469985961914,0.6596939563751221,0.6666666865348816,0.6637853980064392
compas,4,sampler,sgd,0.001,5,1444,0.6865530610084534,0.6599311828613281,0.667613685131073,0.6638904809951782
compas,4,sampler,sgd,0.005,1,1276,0.6837121248245239,0.660066545009613,0.6666666865348816,0.6640707850456238
compas,4,sampler,sgd,0.005,2,1318,0.685606062412262,0.659006655216217,0.6666666865348816,0.6629126667976379
compas,4,sampler,sgd,0.005,3,1360,0.6846591234207153,0.6600612998008728,0.667613685131073,0.6643263697624207
compas,4,sampler,sgd,0.005,4,1402,0.6875,0.6596513986587524,0.6666666865348816,0.6636765599250793
compas,4,sampler,sgd,0.005,5,1444,0.6865530610084534,0.6598584651947021,0.669507622718811,0.6638340353965759
compas,4,sampler,sgd,0.01,1,1276,0.6827651858329773,0.6599958539009094,0.6666666865348816,0.6639775633811951
compas,4,sampler,sgd,0.01,2,1318,0.6884469985961914,0.6585845947265625,0.667613685131073,0.6625092029571533
compas,4,sampler,sgd,0.01,3,1360,0.6846591234207153,0.6600051522254944,0.6666666865348816,0.6642698049545288
compas,4,sampler,sgd,0.01,4,1402,0.685606062412262,0.659600019454956,0.6666666865348816,0.6635276675224304
compas,4,sampler,sgd,0.01,5,1444,0.6865530610084534,0.6597559452056885,0.6685606241226196,0.6637582778930664
compas,4,sampler,sgd,0.05,1,1276,0.6751894354820251,0.656495988368988,0.6467803120613098,0.6604024767875671
compas,4,sampler,sgd,0.05,2,1318,0.6723484992980957,0.6556248664855957,0.6515151858329773,0.6597414016723633
compas,4,sampler,sgd,0.05,3,1360,0.6865530610084534,0.6595406532287598,0.6666666865348816,0.6632293462753296
compas,4,sampler,sgd,0.05,4,1402,0.6903409361839294,0.6578183770179749,0.6723484992980957,0.6613430380821228
compas,4,sampler,sgd,0.05,5,1444,0.689393937587738,0.657492995262146,0.6704545617103577,0.6613317728042603
compas,4,sampler,sgd,0.1,1,1276,0.6714015603065491,0.6554640531539917,0.658143937587738,0.6593770384788513
compas,4,sampler,sgd,0.1,2,1318,0.6780303120613098,0.6547946333885193,0.6666666865348816,0.658568799495697
compas,4,sampler,sgd,0.1,3,1360,0.6837121248245239,0.6544356346130371,0.6714015603065491,0.6582620739936829
compas,4,sampler,sgd,0.1,4,1402,0.6931818127632141,0.6535122990608215,0.6704545617103577,0.6576918959617615
compas,4,sampler,sgd,0.1,5,1444,0.685606062412262,0.6542669534683228,0.6704545617103577,0.6582492589950562
compas,8,ffnn_0layer,adam,0.001,1,1276,0.6685606241226196,0.6554509401321411,0.6553030610084534,0.6599391102790833
compas,8,ffnn_0layer,adam,0.001,2,1318,0.6704545617103577,0.6554635167121887,0.6571969985961914,0.6599534153938293
compas,8,ffnn_0layer,adam,0.001,3,1360,0.6704545617103577,0.6554617285728455,0.6571969985961914,0.6599544882774353
compas,8,ffnn_0layer,adam,0.001,4,1402,0.6685606241226196,0.655453085899353,0.6553030610084534,0.6599476337432861
compas,8,ffnn_0layer,adam,0.001,5,1444,0.6685606241226196,0.655444860458374,0.6553030610084534,0.659938395023346
compas,8,ffnn_0layer,adam,0.005,1,1276,0.6685606241226196,0.6554578542709351,0.6553030610084534,0.6599386930465698
compas,8,ffnn_0layer,adam,0.005,2,1318,0.6704545617103577,0.6554791927337646,0.6571969985961914,0.659961462020874
compas,8,ffnn_0layer,adam,0.005,3,1360,0.6704545617103577,0.6554644703865051,0.6571969985961914,0.6599550843238831
compas,8,ffnn_0layer,adam,0.005,4,1402,0.6685606241226196,0.6554303765296936,0.654356062412262,0.6599189639091492
compas,8,ffnn_0layer,adam,0.005,5,1444,0.6657196879386902,0.6554408669471741,0.6553030610084534,0.6599166393280029
compas,8,ffnn_0layer,adam,0.01,1,1276,0.6704545617103577,0.655480146408081,0.6571969985961914,0.6599563956260681
compas,8,ffnn_0layer,adam,0.01,2,1318,0.6714015603065491,0.6554948687553406,0.6571969985961914,0.6599677205085754
compas,8,ffnn_0layer,adam,0.01,3,1360,0.6704545617103577,0.6554613709449768,0.6571969985961914,0.6599509119987488
compas,8,ffnn_0layer,adam,0.01,4,1402,0.6666666865348816,0.6554367542266846,0.6553030610084534,0.6599102020263672
compas,8,ffnn_0layer,adam,0.01,5,1444,0.6657196879386902,0.6554514169692993,0.6553030610084534,0.6599025726318359
compas,8,ffnn_0layer,adam,0.05,1,1276,0.6714015603065491,0.6555211544036865,0.6571969985961914,0.6599727272987366
compas,8,ffnn_0layer,adam,0.05,2,1318,0.6732954978942871,0.655473530292511,0.658143937587738,0.659965455532074
compas,8,ffnn_0layer,adam,0.05,3,1360,0.669507622718811,0.6556459665298462,0.65625,0.6600058674812317
compas,8,ffnn_0layer,adam,0.05,4,1402,0.6742424368858337,0.6554638743400574,0.658143937587738,0.6599617004394531
compas,8,ffnn_0layer,adam,0.05,5,1444,0.667613685131073,0.6554303169250488,0.6553030610084534,0.6599021553993225
compas,8,ffnn_0layer,adam,0.1,1,1276,0.667613685131073,0.6554705500602722,0.6534091234207153,0.6599492430686951
compas,8,ffnn_0layer,adam,0.1,2,1318,0.669507622718811,0.6554060578346252,0.654356062412262,0.6598965525627136
compas,8,ffnn_0layer,adam,0.1,3,1360,0.667613685131073,0.6554912328720093,0.6534091234207153,0.659949004650116
compas,8,ffnn_0layer,adam,0.1,4,1402,0.6732954978942871,0.6554741859436035,0.6571969985961914,0.6599645614624023
compas,8,ffnn_0layer,adam,0.1,5,1444,0.667613685131073,0.6554240584373474,0.6553030610084534,0.6599007844924927
compas,8,ffnn_0layer,sgd,0.001,1,1276,0.6875,0.6583957672119141,0.6647727489471436,0.6620716452598572
compas,8,ffnn_0layer,sgd,0.001,2,1318,0.6780303120613098,0.6563841104507446,0.6600378751754761,0.6601839661598206
compas,8,ffnn_0layer,sgd,0.001,3,1360,0.6789773106575012,0.6563286781311035,0.6609848737716675,0.6603626608848572
compas,8,ffnn_0layer,sgd,0.001,4,1402,0.6799242496490479,0.6565924882888794,0.6628788113594055,0.6605314016342163
compas,8,ffnn_0layer,sgd,0.001,5,1444,0.6865530610084534,0.658906102180481,0.667613685131073,0.6624893546104431
compas,8,ffnn_0layer,sgd,0.005,1,1276,0.6875,0.6578190922737122,0.6647727489471436,0.6616746187210083
compas,8,ffnn_0layer,sgd,0.005,2,1318,0.6732954978942871,0.656147837638855,0.6600378751754761,0.6600663661956787
compas,8,ffnn_0layer,sgd,0.005,3,1360,0.6714015603065491,0.6561934947967529,0.6609848737716675,0.6601771712303162
compas,8,ffnn_0layer,sgd,0.005,4,1402,0.6789773106575012,0.6564317941665649,0.6619318127632141,0.6602635979652405
compas,8,ffnn_0layer,sgd,0.005,5,1444,0.6846591234207153,0.6586348414421082,0.6657196879386902,0.662216067314148
compas,8,ffnn_0layer,sgd,0.01,1,1276,0.6789773106575012,0.6561565399169922,0.6619318127632141,0.6603792309761047
compas,8,ffnn_0layer,sgd,0.01,2,1318,0.6723484992980957,0.6559349894523621,0.6609848737716675,0.6600364446640015
compas,8,ffnn_0layer,sgd,0.01,3,1360,0.6723484992980957,0.6559891104698181,0.6609848737716675,0.6600809693336487
compas,8,ffnn_0layer,sgd,0.01,4,1402,0.6723484992980957,0.6562101244926453,0.6619318127632141,0.6600572466850281
compas,8,ffnn_0layer,sgd,0.01,5,1444,0.6903409361839294,0.6572805643081665,0.667613685131073,0.66108238697052
compas,8,ffnn_0layer,sgd,0.05,1,1276,0.6714015603065491,0.655459463596344,0.6571969985961914,0.6599564552307129
compas,8,ffnn_0layer,sgd,0.05,2,1318,0.6714015603065491,0.6555015444755554,0.6571969985961914,0.6599680185317993
compas,8,ffnn_0layer,sgd,0.05,3,1360,0.6704545617103577,0.655509352684021,0.6553030610084534,0.659984827041626
compas,8,ffnn_0layer,sgd,0.05,4,1402,0.6723484992980957,0.6554931402206421,0.658143937587738,0.6599686741828918
compas,8,ffnn_0layer,sgd,0.05,5,1444,0.6704545617103577,0.6554995775222778,0.65625,0.6599667072296143
compas,8,ffnn_0layer,sgd,0.1,1,1276,0.6685606241226196,0.6554549336433411,0.6553030610084534,0.6599452495574951
compas,8,ffnn_0layer,sgd,0.1,2,1318,0.6704545617103577,0.6554731130599976,0.6571969985961914,0.6599550843238831
compas,8,ffnn_0layer,sgd,0.1,3,1360,0.6704545617103577,0.6554964780807495,0.65625,0.6599605679512024
compas,8,ffnn_0layer,sgd,0.1,4,1402,0.6704545617103577,0.6554682850837708,0.6571969985961914,0.6599547266960144
compas,8,ffnn_0layer,sgd,0.1,5,1444,0.6685606241226196,0.6554637551307678,0.6553030610084534,0.65994793176651
compas,8,sampler,adam,0.001,1,1276,0.6685606241226196,0.6554546356201172,0.6553030610084534,0.6599435806274414
compas,8,sampler,adam,0.001,2,1318,0.6704545617103577,0.6554642915725708,0.6571969985961914,0.6599534749984741
compas,8,sampler,adam,0.001,3,1360,0.6704545617103577,0.6554637551307678,0.6571969985961914,0.6599547863006592
compas,8,sampler,adam,0.001,4,1402,0.6704545617103577,0.6554622054100037,0.6571969985961914,0.659953236579895
compas,8,sampler,adam,0.001,5,1444,0.6685606241226196,0.6554524898529053,0.6553030610084534,0.6599458456039429
compas,8,sampler,adam,0.005,1,1276,0.6685606241226196,0.6554521322250366,0.6553030610084534,0.6599364280700684
compas,8,sampler,adam,0.005,2,1318,0.6704545617103577,0.6554697155952454,0.6571969985961914,0.6599571108818054
compas,8,sampler,adam,0.005,3,1360,0.6704545617103577,0.6554677486419678,0.6571969985961914,0.6599580645561218
compas,8,sampler,adam,0.005,4,1402,0.669507622718811,0.6554365754127502,0.6553030610084534,0.6599336862564087
compas,8,sampler,adam,0.005,5,1444,0.667613685131073,0.655439555644989,0.654356062412262,0.6599267721176147
compas,8,sampler,adam,0.01,1,1276,0.6685606241226196,0.6554578542709351,0.6553030610084534,0.6599386930465698
compas,8,sampler,adam,0.01,2,1318,0.6704545617103577,0.6554791927337646,0.6571969985961914,0.659961462020874
compas,8,sampler,adam,0.01,3,1360,0.6704545617103577,0.6554644703865051,0.6571969985961914,0.6599550843238831
compas,8,sampler,adam,0.01,4,1402,0.6685606241226196,0.6554303765296936,0.654356062412262,0.6599189639091492
compas,8,sampler,adam,0.01,5,1444,0.6657196879386902,0.6554408669471741,0.6553030610084534,0.6599166393280029
compas,8,sampler,adam,0.05,1,1276,0.6723484992980957,0.6555191874504089,0.65625,0.6599749326705933
compas,8,sampler,adam,0.05,2,1318,0.6723484992980957,0.6554953455924988,0.6571969985961914,0.6599687337875366
compas,8,sampler,adam,0.05,3,1360,0.6714015603065491,0.6555471420288086,0.6553030610084534,0.6599847674369812
compas,8,sampler,adam,0.05,4,1402,0.669507622718811,0.6554423570632935,0.6553030610084534,0.659936249256134
compas,8,sampler,adam,0.05,5,1444,0.667613685131073,0.6554573774337769,0.654356062412262,0.6598929166793823
compas,8,sampler,adam,0.1,1,1276,0.6714015603065491,0.6555211544036865,0.6571969985961914,0.6599727869033813
compas,8,sampler,adam,0.1,2,1318,0.6732954978942871,0.6554736495018005,0.658143937587738,0.659965455532074
compas,8,sampler,adam,0.1,3,1360,0.669507622718811,0.6556459665298462,0.65625,0.6600058674812317
compas,8,sampler,adam,0.1,4,1402,0.6742424368858337,0.6554638743400574,0.658143937587738,0.6599617004394531
compas,8,sampler,adam,0.1,5,1444,0.667613685131073,0.6554303169250488,0.6553030610084534,0.6599021553993225
compas,8,sampler,sgd,0.001,1,1276,0.6865530610084534,0.6589874029159546,0.6647727489471436,0.6630853414535522
compas,8,sampler,sgd,0.001,2,1318,0.6865530610084534,0.6589938998222351,0.667613685131073,0.6625829339027405
compas,8,sampler,sgd,0.001,3,1360,0.6903409361839294,0.6590215563774109,0.6657196879386902,0.6628203988075256
compas,8,sampler,sgd,0.001,4,1402,0.6865530610084534,0.6591336727142334,0.6657196879386902,0.6630580425262451
compas,8,sampler,sgd,0.001,5,1444,0.6865530610084534,0.6586145162582397,0.6647727489471436,0.6625489592552185
compas,8,sampler,sgd,0.005,1,1276,0.685606062412262,0.6589586734771729,0.6647727489471436,0.6630285978317261
compas,8,sampler,sgd,0.005,2,1318,0.6865530610084534,0.6588884592056274,0.667613685131073,0.6624597907066345
compas,8,sampler,sgd,0.005,3,1360,0.6903409361839294,0.658919095993042,0.667613685131073,0.6627223491668701
compas,8,sampler,sgd,0.005,4,1402,0.685606062412262,0.6591276526451111,0.6657196879386902,0.663008451461792
compas,8,sampler,sgd,0.005,5,1444,0.6846591234207153,0.6582863926887512,0.6657196879386902,0.6622248291969299
compas,8,sampler,sgd,0.01,1,1276,0.685606062412262,0.6588869094848633,0.6647727489471436,0.6629215478897095
compas,8,sampler,sgd,0.01,2,1318,0.6865530610084534,0.6586644649505615,0.6666666865348816,0.6622381210327148
compas,8,sampler,sgd,0.01,3,1360,0.6903409361839294,0.658785343170166,0.6666666865348816,0.6626076102256775
compas,8,sampler,sgd,0.01,4,1402,0.6865530610084534,0.6591065526008606,0.6666666865348816,0.6629304885864258
compas,8,sampler,sgd,0.01,5,1444,0.6827651858329773,0.6575602889060974,0.6638257503509521,0.6615141034126282
compas,8,sampler,sgd,0.05,1,1276,0.6714015603065491,0.655871570110321,0.6609848737716675,0.6600804924964905
compas,8,sampler,sgd,0.05,2,1318,0.6742424368858337,0.6556927561759949,0.65625,0.6600215435028076
compas,8,sampler,sgd,0.05,3,1360,0.6922348737716675,0.6581292748451233,0.6666666865348816,0.6623085141181946
compas,8,sampler,sgd,0.05,4,1402,0.6704545617103577,0.6559237837791443,0.6590909361839294,0.66010981798172
compas,8,sampler,sgd,0.05,5,1444,0.6723484992980957,0.6558713316917419,0.6600378751754761,0.6600285768508911
compas,8,sampler,sgd,0.1,1,1276,0.6704545617103577,0.6555067896842957,0.65625,0.6599875688552856
compas,8,sampler,sgd,0.1,2,1318,0.6723484992980957,0.6555002331733704,0.6571969985961914,0.659969687461853
compas,8,sampler,sgd,0.1,3,1360,0.6912878751754761,0.6580043435096741,0.6666666865348816,0.6621245741844177
compas,8,sampler,sgd,0.1,4,1402,0.6704545617103577,0.6555337905883789,0.6553030610084534,0.6599807739257812
compas,8,sampler,sgd,0.1,5,1444,0.6714015603065491,0.6555201411247253,0.6571969985961914,0.6599743962287903
compas,12,ffnn_0layer,adam,0.001,1,1276,0.696969747543335,0.6523213982582092,0.6799242496490479,0.6569308638572693
compas,12,ffnn_0layer,adam,0.001,2,1318,0.696969747543335,0.6523404717445374,0.6808712482452393,0.6569642424583435
compas,12,ffnn_0layer,adam,0.001,3,1360,0.696969747543335,0.6523323059082031,0.6808712482452393,0.6569580435752869
compas,12,ffnn_0layer,adam,0.001,4,1402,0.6979166865348816,0.6523321270942688,0.6799242496490479,0.6569675803184509
compas,12,ffnn_0layer,adam,0.001,5,1444,0.6979166865348816,0.6523171663284302,0.6799242496490479,0.6569514274597168
compas,12,ffnn_0layer,adam,0.005,1,1276,0.6979166865348816,0.6523317694664001,0.6799242496490479,0.6569059491157532
compas,12,ffnn_0layer,adam,0.005,2,1318,0.698863685131073,0.652345597743988,0.6780303120613098,0.6569762229919434
compas,12,ffnn_0layer,adam,0.005,3,1360,0.696969747543335,0.6523361206054688,0.6808712482452393,0.656965434551239
compas,12,ffnn_0layer,adam,0.005,4,1402,0.6960227489471436,0.652308464050293,0.6818181872367859,0.656914472579956
compas,12,ffnn_0layer,adam,0.005,5,1444,0.6979166865348816,0.6523223519325256,0.6799242496490479,0.656931459903717
compas,12,ffnn_0layer,adam,0.01,1,1276,0.698863685131073,0.6523657441139221,0.6799242496490479,0.6569260954856873
compas,12,ffnn_0layer,adam,0.01,2,1318,0.6979166865348816,0.6523570418357849,0.6789773106575012,0.6569934487342834
compas,12,ffnn_0layer,adam,0.01,3,1360,0.6979166865348816,0.6523557901382446,0.6770833730697632,0.6569920182228088
compas,12,ffnn_0layer,adam,0.01,4,1402,0.698863685131073,0.6523244976997375,0.6818181872367859,0.6568811535835266
compas,12,ffnn_0layer,adam,0.01,5,1444,0.6979166865348816,0.6523482203483582,0.6780303120613098,0.6569158434867859
compas,12,ffnn_0layer,adam,0.05,1,1276,0.6960227489471436,0.6524959802627563,0.6761363744735718,0.6570361852645874
compas,12,ffnn_0layer,adam,0.05,2,1318,0.6979166865348816,0.6523120999336243,0.6799242496490479,0.656905472278595
compas,12,ffnn_0layer,adam,0.05,3,1360,0.6960227489471436,0.6525442004203796,0.6780303120613098,0.6570054888725281
compas,12,ffnn_0layer,adam,0.05,4,1402,0.696969747543335,0.6523399353027344,0.6808712482452393,0.656950056552887
compas,12,ffnn_0layer,adam,0.05,5,1444,0.698863685131073,0.6523648500442505,0.6751894354820251,0.6570178270339966
compas,12,ffnn_0layer,adam,0.1,1,1276,0.6922348737716675,0.6525929570198059,0.6742424368858337,0.6571860909461975
compas,12,ffnn_0layer,adam,0.1,2,1318,0.6979166865348816,0.6524412035942078,0.6714015603065491,0.6571494340896606
compas,12,ffnn_0layer,adam,0.1,3,1360,0.6960227489471436,0.6524530649185181,0.6780303120613098,0.6569734811782837
compas,12,ffnn_0layer,adam,0.1,4,1402,0.698863685131073,0.6522988080978394,0.6808712482452393,0.6569471955299377
compas,12,ffnn_0layer,adam,0.1,5,1444,0.696969747543335,0.652405858039856,0.6761363744735718,0.6569123864173889
compas,12,ffnn_0layer,sgd,0.001,1,1276,0.689393937587738,0.6581529974937439,0.6666666865348816,0.6619542837142944
compas,12,ffnn_0layer,sgd,0.001,2,1318,0.6865530610084534,0.6549177169799805,0.6732954978942871,0.6590300798416138
compas,12,ffnn_0layer,sgd,0.001,3,1360,0.6827651858329773,0.6552138924598694,0.6666666865348816,0.6587564945220947
compas,12,ffnn_0layer,sgd,0.001,4,1402,0.6884469985961914,0.6572278738021851,0.669507622718811,0.6610778570175171
compas,12,ffnn_0layer,sgd,0.001,5,1444,0.6827651858329773,0.6562498211860657,0.669507622718811,0.65990149974823
compas,12,ffnn_0layer,sgd,0.005,1,1276,0.6922348737716675,0.6577720642089844,0.669507622718811,0.6615017056465149
compas,12,ffnn_0layer,sgd,0.005,2,1318,0.685606062412262,0.6542150378227234,0.6751894354820251,0.6585925817489624
compas,12,ffnn_0layer,sgd,0.005,3,1360,0.6846591234207153,0.6546299457550049,0.6704545617103577,0.6583840847015381
compas,12,ffnn_0layer,sgd,0.005,4,1402,0.6912878751754761,0.6568817496299744,0.669507622718811,0.6609055995941162
compas,12,ffnn_0layer,sgd,0.005,5,1444,0.6837121248245239,0.6555826663970947,0.667613685131073,0.6591873168945312
compas,12,ffnn_0layer,sgd,0.01,1,1276,0.6931818127632141,0.6569923162460327,0.6685606241226196,0.6608113050460815
compas,12,ffnn_0layer,sgd,0.01,2,1318,0.685606062412262,0.6536401510238647,0.6723484992980957,0.6582408547401428
compas,12,ffnn_0layer,sgd,0.01,3,1360,0.6865530610084534,0.653935968875885,0.6704545617103577,0.6581264734268188
compas,12,ffnn_0layer,sgd,0.01,4,1402,0.6931818127632141,0.6562920212745667,0.669507622718811,0.6605828404426575
compas,12,ffnn_0layer,sgd,0.01,5,1444,0.6846591234207153,0.6551147103309631,0.6704545617103577,0.6588769555091858
compas,12,ffnn_0layer,sgd,0.05,1,1276,0.6931818127632141,0.6524672508239746,0.6742424368858337,0.6570814847946167
compas,12,ffnn_0layer,sgd,0.05,2,1318,0.6931818127632141,0.6524443030357361,0.6742424368858337,0.6570984721183777
compas,12,ffnn_0layer,sgd,0.05,3,1360,0.6950757503509521,0.6523756980895996,0.6751894354820251,0.6571024060249329
compas,12,ffnn_0layer,sgd,0.05,4,1402,0.6960227489471436,0.6523537635803223,0.6723484992980957,0.6571354866027832
compas,12,ffnn_0layer,sgd,0.05,5,1444,0.6941288113594055,0.6524020433425903,0.6751894354820251,0.6571708917617798
compas,12,ffnn_0layer,sgd,0.1,1,1276,0.698863685131073,0.6523653268814087,0.6780303120613098,0.6569673418998718
compas,12,ffnn_0layer,sgd,0.1,2,1318,0.698863685131073,0.6523656845092773,0.6780303120613098,0.6569950580596924
compas,12,ffnn_0layer,sgd,0.1,3,1360,0.698863685131073,0.652340829372406,0.6780303120613098,0.6569929122924805
compas,12,ffnn_0layer,sgd,0.1,4,1402,0.698863685131073,0.6523270606994629,0.6789773106575012,0.656999945640564
compas,12,ffnn_0layer,sgd,0.1,5,1444,0.6979166865348816,0.6523234844207764,0.6789773106575012,0.656987190246582
compas,12,sampler,adam,0.001,1,1276,0.696969747543335,0.6523270606994629,0.6808712482452393,0.656947135925293
compas,12,sampler,adam,0.001,2,1318,0.6979166865348816,0.6523441076278687,0.6789773106575012,0.656974196434021
compas,12,sampler,adam,0.001,3,1360,0.696969747543335,0.6523364186286926,0.6808712482452393,0.6569665670394897
compas,12,sampler,adam,0.001,4,1402,0.6979166865348816,0.6523410081863403,0.6789773106575012,0.6569769382476807
compas,12,sampler,adam,0.001,5,1444,0.698863685131073,0.6523241400718689,0.6799242496490479,0.6569623947143555
compas,12,sampler,adam,0.005,1,1276,0.696969747543335,0.6523212194442749,0.6799242496490479,0.656912088394165
compas,12,sampler,adam,0.005,2,1318,0.696969747543335,0.652341365814209,0.6808712482452393,0.6569623351097107
compas,12,sampler,adam,0.005,3,1360,0.696969747543335,0.6523347496986389,0.6808712482452393,0.6569593548774719
compas,12,sampler,adam,0.005,4,1402,0.696969747543335,0.652315080165863,0.6808712482452393,0.6569476127624512
compas,12,sampler,adam,0.005,5,1444,0.700757622718811,0.6523163318634033,0.6808712482452393,0.65694260597229
compas,12,sampler,adam,0.01,1,1276,0.6979166865348816,0.6523317694664001,0.6799242496490479,0.6569058895111084
compas,12,sampler,adam,0.01,2,1318,0.698863685131073,0.6523455381393433,0.6780303120613098,0.6569761633872986
compas,12,sampler,adam,0.01,3,1360,0.696969747543335,0.6523361206054688,0.6808712482452393,0.656965434551239
compas,12,sampler,adam,0.01,4,1402,0.6960227489471436,0.652308464050293,0.6818181872367859,0.656914472579956
compas,12,sampler,adam,0.01,5,1444,0.6979166865348816,0.6523223519325256,0.6799242496490479,0.656931459903717
compas,12,sampler,adam,0.05,1,1276,0.698863685131073,0.6524113416671753,0.6808712482452393,0.6569628119468689
compas,12,sampler,adam,0.05,2,1318,0.696969747543335,0.6523541808128357,0.6799242496490479,0.6569250226020813
compas,12,sampler,adam,0.05,3,1360,0.6979166865348816,0.6524827480316162,0.6770833730697632,0.657039999961853
compas,12,sampler,adam,0.05,4,1402,0.6979166865348816,0.6523334980010986,0.6799242496490479,0.6568946242332458
compas,12,sampler,adam,0.05,5,1444,0.6979166865348816,0.6523728966712952,0.6770833730697632,0.656933069229126
compas,12,sampler,adam,0.1,1,1276,0.6960227489471436,0.6524959802627563,0.6761363744735718,0.6570361256599426
compas,12,sampler,adam,0.1,2,1318,0.6979166865348816,0.6523120403289795,0.6799242496490479,0.6569054126739502
compas,12,sampler,adam,0.1,3,1360,0.6960227489471436,0.6525442600250244,0.6780303120613098,0.6570054888725281
compas,12,sampler,adam,0.1,4,1402,0.696969747543335,0.6523399353027344,0.6808712482452393,0.656950056552887
compas,12,sampler,adam,0.1,5,1444,0.698863685131073,0.6523648500442505,0.6751894354820251,0.6570178270339966
compas,12,sampler,sgd,0.001,1,1276,0.6865530610084534,0.6584843993186951,0.6628788113594055,0.6628025770187378
compas,12,sampler,sgd,0.001,2,1318,0.6875,0.6585893630981445,0.6657196879386902,0.6623183488845825
compas,12,sampler,sgd,0.001,3,1360,0.6912878751754761,0.6582528352737427,0.667613685131073,0.6624330878257751
compas,12,sampler,sgd,0.001,4,1402,0.6875,0.6585185527801514,0.6638257503509521,0.6627551317214966
compas,12,sampler,sgd,0.001,5,1444,0.6912878751754761,0.6581866145133972,0.6657196879386902,0.6622410416603088
compas,12,sampler,sgd,0.005,1,1276,0.6865530610084534,0.6584399342536926,0.6628788113594055,0.6627328991889954
compas,12,sampler,sgd,0.005,2,1318,0.6875,0.6584757566452026,0.667613685131073,0.6621745824813843
compas,12,sampler,sgd,0.005,3,1360,0.6922348737716675,0.658115804195404,0.667613685131073,0.6622815728187561
compas,12,sampler,sgd,0.005,4,1402,0.6875,0.6584740877151489,0.6647727489471436,0.6626872420310974
compas,12,sampler,sgd,0.005,5,1444,0.6903409361839294,0.6578803062438965,0.6685606241226196,0.6618872880935669
compas,12,sampler,sgd,0.01,1,1276,0.6884469985961914,0.6583488583564758,0.6628788113594055,0.6626060605049133
compas,12,sampler,sgd,0.01,2,1318,0.6912878751754761,0.658237636089325,0.6685606241226196,0.6619118452072144
compas,12,sampler,sgd,0.01,3,1360,0.6903409361839294,0.6579411029815674,0.6685606241226196,0.6620679497718811
compas,12,sampler,sgd,0.01,4,1402,0.6903409361839294,0.6584014296531677,0.6647727489471436,0.6625809073448181
compas,12,sampler,sgd,0.01,5,1444,0.6827651858329773,0.6571989059448242,0.6685606241226196,0.661125123500824
compas,12,sampler,sgd,0.05,1,1276,0.6818181872367859,0.6551610827445984,0.6685606241226196,0.6589954495429993
compas,12,sampler,sgd,0.05,2,1318,0.6723484992980957,0.6549838781356812,0.6647727489471436,0.6591252088546753
compas,12,sampler,sgd,0.05,3,1360,0.6979166865348816,0.6559417247772217,0.6657196879386902,0.660442590713501
compas,12,sampler,sgd,0.05,4,1402,0.6808712482452393,0.6549872756004333,0.6761363744735718,0.6588348746299744
compas,12,sampler,sgd,0.05,5,1444,0.669507622718811,0.6551674604415894,0.667613685131073,0.6590741276741028
compas,12,sampler,sgd,0.1,1,1276,0.6922348737716675,0.6527872085571289,0.6789773106575012,0.6575126051902771
compas,12,sampler,sgd,0.1,2,1318,0.6808712482452393,0.6531158089637756,0.6761363744735718,0.6578989028930664
compas,12,sampler,sgd,0.1,3,1360,0.6931818127632141,0.6546408534049988,0.667613685131073,0.6589020490646362
compas,12,sampler,sgd,0.1,4,1402,0.6931818127632141,0.6526802182197571,0.6761363744735718,0.6573674082756042
compas,12,sampler,sgd,0.1,5,1444,0.6818181872367859,0.6530088782310486,0.6770833730697632,0.6577718257904053
german,4,ffnn_0layer,adam,0.001,1,1276,0.6354166865348816,0.668509304523468,0.7604166865348816,0.6383957266807556
german,4,ffnn_0layer,adam,0.001,2,1318,0.6354166865348816,0.6683014035224915,0.7604166865348816,0.6390604972839355
german,4,ffnn_0layer,adam,0.001,3,1360,0.6354166865348816,0.6683042049407959,0.7604166865348816,0.6390528082847595
german,4,ffnn_0layer,adam,0.001,4,1402,0.6354166865348816,0.6683009266853333,0.7604166865348816,0.6390479207038879
german,4,ffnn_0layer,adam,0.001,5,1444,0.6354166865348816,0.6685442328453064,0.7604166865348816,0.6383956074714661
german,4,ffnn_0layer,adam,0.005,1,1276,0.6354166865348816,0.6683139204978943,0.7604166865348816,0.6390858292579651
german,4,ffnn_0layer,adam,0.005,2,1318,0.6354166865348816,0.6683115363121033,0.7604166865348816,0.6390833854675293
german,4,ffnn_0layer,adam,0.005,3,1360,0.6354166865348816,0.6683201789855957,0.7604166865348816,0.6390956044197083
german,4,ffnn_0layer,adam,0.005,4,1402,0.6354166865348816,0.6683192253112793,0.7604166865348816,0.6390965580940247
german,4,ffnn_0layer,adam,0.005,5,1444,0.6354166865348816,0.6683158278465271,0.7604166865348816,0.6390888094902039
german,4,ffnn_0layer,adam,0.01,1,1276,0.6354166865348816,0.668319046497345,0.7604166865348816,0.6390925049781799
german,4,ffnn_0layer,adam,0.01,2,1318,0.6354166865348816,0.6683164238929749,0.7604166865348816,0.6390887498855591
german,4,ffnn_0layer,adam,0.01,3,1360,0.6354166865348816,0.6683251261711121,0.7604166865348816,0.6391051411628723
german,4,ffnn_0layer,adam,0.01,4,1402,0.6354166865348816,0.6683228611946106,0.7604166865348816,0.6391076445579529
german,4,ffnn_0layer,adam,0.01,5,1444,0.6354166865348816,0.6683196425437927,0.7604166865348816,0.6390941739082336
german,4,ffnn_0layer,adam,0.05,1,1276,0.6354166865348816,0.6683273315429688,0.7604166865348816,0.6391016840934753
german,4,ffnn_0layer,adam,0.05,2,1318,0.6354166865348816,0.6683170199394226,0.7604166865348816,0.6391202807426453
german,4,ffnn_0layer,adam,0.05,3,1360,0.6354166865348816,0.668325662612915,0.7604166865348816,0.6391165852546692
german,4,ffnn_0layer,adam,0.05,4,1402,0.6354166865348816,0.6683242917060852,0.7604166865348816,0.6391423344612122
german,4,ffnn_0layer,adam,0.05,5,1444,0.6354166865348816,0.6682894229888916,0.7604166865348816,0.6390675902366638
german,4,ffnn_0layer,adam,0.1,1,1276,0.6354166865348816,0.6682669520378113,0.7604166865348816,0.6390578746795654
german,4,ffnn_0layer,adam,0.1,2,1318,0.6354166865348816,0.6683189868927002,0.7604166865348816,0.6390910744667053
german,4,ffnn_0layer,adam,0.1,3,1360,0.6354166865348816,0.6683158278465271,0.7604166865348816,0.6391087174415588
german,4,ffnn_0layer,adam,0.1,4,1402,0.6354166865348816,0.6682783961296082,0.7604166865348816,0.6391744017601013
german,4,ffnn_0layer,adam,0.1,5,1444,0.6354166865348816,0.6683217883110046,0.7604166865348816,0.6390947699546814
german,4,ffnn_0layer,sgd,0.001,1,1276,0.6354166865348816,0.6681461930274963,0.7604166865348816,0.6380426287651062
german,4,ffnn_0layer,sgd,0.001,2,1318,0.65625,0.6676502823829651,0.7916666865348816,0.6394096612930298
german,4,ffnn_0layer,sgd,0.001,3,1360,0.65625,0.6677047610282898,0.7916666865348816,0.6393934488296509
german,4,ffnn_0layer,sgd,0.001,4,1402,0.6458333730697632,0.6680662035942078,0.78125,0.6389722228050232
german,4,ffnn_0layer,sgd,0.001,5,1444,0.6458333730697632,0.6678454279899597,0.78125,0.6379585862159729
german,4,ffnn_0layer,sgd,0.005,1,1276,0.6354166865348816,0.6681797504425049,0.7604166865348816,0.6380577683448792
german,4,ffnn_0layer,sgd,0.005,2,1318,0.65625,0.6676697134971619,0.7916666865348816,0.6394037008285522
german,4,ffnn_0layer,sgd,0.005,3,1360,0.65625,0.6677260398864746,0.7916666865348816,0.6393874287605286
german,4,ffnn_0layer,sgd,0.005,4,1402,0.6458333730697632,0.6680732369422913,0.78125,0.638965904712677
german,4,ffnn_0layer,sgd,0.005,5,1444,0.6354166865348816,0.6678915619850159,0.7604166865348816,0.6379746794700623
german,4,ffnn_0layer,sgd,0.01,1,1276,0.6354166865348816,0.6682196259498596,0.7604166865348816,0.63807612657547
german,4,ffnn_0layer,sgd,0.01,2,1318,0.65625,0.6676950454711914,0.7916666865348816,0.6393956542015076
german,4,ffnn_0layer,sgd,0.01,3,1360,0.65625,0.6677543520927429,0.7916666865348816,0.6393795609474182
german,4,ffnn_0layer,sgd,0.01,4,1402,0.6458333730697632,0.6680836081504822,0.78125,0.6389590501785278
german,4,ffnn_0layer,sgd,0.01,5,1444,0.6354166865348816,0.6679477691650391,0.7604166865348816,0.6379950046539307
german,4,ffnn_0layer,sgd,0.05,1,1276,0.6354166865348816,0.6684442162513733,0.7604166865348816,0.638191282749176
german,4,ffnn_0layer,sgd,0.05,2,1318,0.6354166865348816,0.6679335236549377,0.7604166865348816,0.6393194198608398
german,4,ffnn_0layer,sgd,0.05,3,1360,0.6354166865348816,0.6680256724357605,0.7604166865348816,0.6393059492111206
german,4,ffnn_0layer,sgd,0.05,4,1402,0.6354166865348816,0.6681985259056091,0.7604166865348816,0.6389513611793518
german,4,ffnn_0layer,sgd,0.05,5,1444,0.6354166865348816,0.6682980060577393,0.7604166865348816,0.638140082359314
german,4,ffnn_0layer,sgd,0.1,1,1276,0.6354166865348816,0.6685669422149658,0.7604166865348816,0.6382699608802795
german,4,ffnn_0layer,sgd,0.1,2,1318,0.6354166865348816,0.6681820750236511,0.7604166865348816,0.6392187476158142
german,4,ffnn_0layer,sgd,0.1,3,1360,0.6354166865348816,0.6683436036109924,0.7604166865348816,0.6392112374305725
german,4,ffnn_0layer,sgd,0.1,4,1402,0.6354166865348816,0.6682999730110168,0.7604166865348816,0.6389855146408081
german,4,ffnn_0layer,sgd,0.1,5,1444,0.6354166865348816,0.6685041785240173,0.7604166865348816,0.6382484436035156
german,4,sampler,adam,0.001,1,1276,0.6354166865348816,0.6682868599891663,0.7604166865348816,0.6389726400375366
german,4,sampler,adam,0.001,2,1318,0.6354166865348816,0.6682524085044861,0.7604166865348816,0.6388247609138489
german,4,sampler,adam,0.001,3,1360,0.6354166865348816,0.6682939529418945,0.7604166865348816,0.6390241980552673
german,4,sampler,adam,0.001,4,1402,0.6354166865348816,0.668290376663208,0.7604166865348816,0.6389917731285095
german,4,sampler,adam,0.001,5,1444,0.6354166865348816,0.6682925224304199,0.7604166865348816,0.6390008330345154
german,4,sampler,adam,0.005,1,1276,0.6354166865348816,0.668310821056366,0.7604166865348816,0.6390816569328308
german,4,sampler,adam,0.005,2,1318,0.6354166865348816,0.6683070063591003,0.7604166865348816,0.6390762329101562
german,4,sampler,adam,0.005,3,1360,0.6354166865348816,0.668313205242157,0.7604166865348816,0.6390856504440308
german,4,sampler,adam,0.005,4,1402,0.6354166865348816,0.6683154106140137,0.7604166865348816,0.6390902996063232
german,4,sampler,adam,0.005,5,1444,0.6354166865348816,0.6683124899864197,0.7604166865348816,0.6390841007232666
german,4,sampler,adam,0.01,1,1276,0.6354166865348816,0.6683138012886047,0.7604166865348816,0.6390858888626099
german,4,sampler,adam,0.01,2,1318,0.6354166865348816,0.668311595916748,0.7604166865348816,0.6390833854675293
german,4,sampler,adam,0.01,3,1360,0.6354166865348816,0.6683201789855957,0.7604166865348816,0.6390955448150635
german,4,sampler,adam,0.01,4,1402,0.6354166865348816,0.6683192849159241,0.7604166865348816,0.6390965580940247
german,4,sampler,adam,0.01,5,1444,0.6354166865348816,0.6683158278465271,0.7604166865348816,0.6390886902809143
german,4,sampler,adam,0.05,1,1276,0.6354166865348816,0.6683263182640076,0.7604166865348816,0.6391040682792664
german,4,sampler,adam,0.05,2,1318,0.6354166865348816,0.6683184504508972,0.7604166865348816,0.6391147375106812
german,4,sampler,adam,0.05,3,1360,0.6354166865348816,0.6683235168457031,0.7604166865348816,0.6391326785087585
german,4,sampler,adam,0.05,4,1402,0.6354166865348816,0.668321430683136,0.7604166865348816,0.6391230225563049
german,4,sampler,adam,0.05,5,1444,0.6354166865348816,0.668320894241333,0.7604166865348816,0.6390995383262634
german,4,sampler,adam,0.1,1,1276,0.6354166865348816,0.6683273315429688,0.7604166865348816,0.6391016840934753
german,4,sampler,adam,0.1,2,1318,0.6354166865348816,0.6683170199394226,0.7604166865348816,0.6391202807426453
german,4,sampler,adam,0.1,3,1360,0.6354166865348816,0.668325662612915,0.7604166865348816,0.6391165852546692
german,4,sampler,adam,0.1,4,1402,0.6354166865348816,0.6683242917060852,0.7604166865348816,0.6391423344612122
german,4,sampler,adam,0.1,5,1444,0.6354166865348816,0.6682894229888916,0.7604166865348816,0.6390675902366638
german,4,sampler,sgd,0.001,1,1276,0.6354166865348816,0.6680004596710205,0.7604166865348816,0.6388710141181946
german,4,sampler,sgd,0.001,2,1318,0.6458333730697632,0.6668022274971008,0.78125,0.6387264132499695
german,4,sampler,sgd,0.001,3,1360,0.6354166865348816,0.6681860089302063,0.7604166865348816,0.6389909386634827
german,4,sampler,sgd,0.001,4,1402,0.6354166865348816,0.6681199669837952,0.7604166865348816,0.6389302611351013
german,4,sampler,sgd,0.001,5,1444,0.6354166865348816,0.6680541038513184,0.7604166865348816,0.6389405727386475
german,4,sampler,sgd,0.005,1,1276,0.6354166865348816,0.6680123805999756,0.7604166865348816,0.6388738751411438
german,4,sampler,sgd,0.005,2,1318,0.6458333730697632,0.666818380355835,0.78125,0.6387239098548889
german,4,sampler,sgd,0.005,3,1360,0.6354166865348816,0.6681906580924988,0.7604166865348816,0.6389920711517334
german,4,sampler,sgd,0.005,4,1402,0.6354166865348816,0.668127715587616,0.7604166865348816,0.638931930065155
german,4,sampler,sgd,0.005,5,1444,0.6354166865348816,0.6680643558502197,0.7604166865348816,0.6389424204826355
german,4,sampler,sgd,0.01,1,1276,0.6354166865348816,0.6680266261100769,0.7604166865348816,0.6388772130012512
german,4,sampler,sgd,0.01,2,1318,0.6458333730697632,0.6668391823768616,0.78125,0.6387209296226501
german,4,sampler,sgd,0.01,3,1360,0.6354166865348816,0.668195903301239,0.7604166865348816,0.6389930248260498
german,4,sampler,sgd,0.01,4,1402,0.6354166865348816,0.6681366562843323,0.7604166865348816,0.6389339566230774
german,4,sampler,sgd,0.01,5,1444,0.6354166865348816,0.6680763363838196,0.7604166865348816,0.6389443278312683
german,4,sampler,sgd,0.05,1,1276,0.6354166865348816,0.668117105960846,0.7604166865348816,0.6389022469520569
german,4,sampler,sgd,0.05,2,1318,0.6458333730697632,0.6670385003089905,0.78125,0.6387022733688354
german,4,sampler,sgd,0.05,3,1360,0.6354166865348816,0.6682300567626953,0.7604166865348816,0.6390014290809631
german,4,sampler,sgd,0.05,4,1402,0.6354166865348816,0.6681943535804749,0.7604166865348816,0.638949453830719
german,4,sampler,sgd,0.05,5,1444,0.6354166865348816,0.6681526303291321,0.7604166865348816,0.6389598250389099
german,4,sampler,sgd,0.1,1,1276,0.6354166865348816,0.6681873798370361,0.7604166865348816,0.6389287114143372
german,4,sampler,sgd,0.1,2,1318,0.6458333730697632,0.667355477809906,0.78125,0.6387038826942444
german,4,sampler,sgd,0.1,3,1360,0.6354166865348816,0.6682563424110413,0.7604166865348816,0.6390100121498108
german,4,sampler,sgd,0.1,4,1402,0.6354166865348816,0.6682391166687012,0.7604166865348816,0.638965904712677
german,4,sampler,sgd,0.1,5,1444,0.6354166865348816,0.668211042881012,0.7604166865348816,0.6389758586883545
german,8,ffnn_0layer,adam,0.001,1,1276,0.625,0.6581207513809204,0.7916666865348816,0.628517210483551
german,8,ffnn_0layer,adam,0.001,2,1318,0.625,0.6577089428901672,0.8020833730697632,0.6283277869224548
german,8,ffnn_0layer,adam,0.001,3,1360,0.625,0.6580975651741028,0.7916666865348816,0.6284566521644592
german,8,ffnn_0layer,adam,0.001,4,1402,0.625,0.6578798294067383,0.8020833730697632,0.6283947229385376
german,8,ffnn_0layer,adam,0.001,5,1444,0.625,0.6579645872116089,0.8020833730697632,0.6283382773399353
german,8,ffnn_0layer,adam,0.005,1,1276,0.65625,0.65902179479599,0.7291666865348816,0.6286134719848633
german,8,ffnn_0layer,adam,0.005,2,1318,0.6458333730697632,0.6605477333068848,0.7708333730697632,0.6327653527259827
german,8,ffnn_0layer,adam,0.005,3,1360,0.6354166865348816,0.6592660546302795,0.78125,0.6287825107574463
german,8,ffnn_0layer,adam,0.005,4,1402,0.6354166865348816,0.6594425439834595,0.78125,0.6292925477027893
german,8,ffnn_0layer,adam,0.005,5,1444,0.625,0.6593764424324036,0.78125,0.6289425492286682
german,8,ffnn_0layer,adam,0.01,1,1276,0.6458333730697632,0.6595422625541687,0.7291666865348816,0.6297544836997986
german,8,ffnn_0layer,adam,0.01,2,1318,0.65625,0.6603621244430542,0.7395833730697632,0.6317840814590454
german,8,ffnn_0layer,adam,0.01,3,1360,0.6354166865348816,0.6591617465019226,0.78125,0.6288013458251953
german,8,ffnn_0layer,adam,0.01,4,1402,0.625,0.6600123643875122,0.78125,0.6305950284004211
german,8,ffnn_0layer,adam,0.01,5,1444,0.65625,0.6587540507316589,0.7395833730697632,0.6283643841743469
german,8,ffnn_0layer,adam,0.05,1,1276,0.6354166865348816,0.660758912563324,0.75,0.6324409246444702
german,8,ffnn_0layer,adam,0.05,2,1318,0.6458333730697632,0.6587479710578918,0.7395833730697632,0.6284734606742859
german,8,ffnn_0layer,adam,0.05,3,1360,0.65625,0.6608344912528992,0.7395833730697632,0.6324122548103333
german,8,ffnn_0layer,adam,0.05,4,1402,0.6354166865348816,0.6602244973182678,0.7916666865348816,0.632667601108551
german,8,ffnn_0layer,adam,0.05,5,1444,0.6666666865348816,0.6585541367530823,0.7395833730697632,0.6285143494606018
german,8,ffnn_0layer,adam,0.1,1,1276,0.6666666865348816,0.6590785384178162,0.7395833730697632,0.628946840763092
german,8,ffnn_0layer,adam,0.1,2,1318,0.6666666865348816,0.661261796951294,0.7291666865348816,0.6332824230194092
german,8,ffnn_0layer,adam,0.1,3,1360,0.625,0.6607639193534851,0.75,0.6320958733558655
german,8,ffnn_0layer,adam,0.1,4,1402,0.625,0.6595106720924377,0.7604166865348816,0.6302674412727356
german,8,ffnn_0layer,adam,0.1,5,1444,0.65625,0.6587266325950623,0.7395833730697632,0.628608226776123
german,8,ffnn_0layer,sgd,0.001,1,1276,0.6458333730697632,0.65652996301651,0.7916666865348816,0.6255819797515869
german,8,ffnn_0layer,sgd,0.001,2,1318,0.6666666865348816,0.6536371111869812,0.8125,0.6294276118278503
german,8,ffnn_0layer,sgd,0.001,3,1360,0.65625,0.6526742577552795,0.7916666865348816,0.6305081844329834
german,8,ffnn_0layer,sgd,0.001,4,1402,0.65625,0.6518843770027161,0.8125,0.6283524632453918
german,8,ffnn_0layer,sgd,0.001,5,1444,0.65625,0.6526400446891785,0.7916666865348816,0.6262511610984802
german,8,ffnn_0layer,sgd,0.005,1,1276,0.6458333730697632,0.656486451625824,0.7916666865348816,0.6255048513412476
german,8,ffnn_0layer,sgd,0.005,2,1318,0.6666666865348816,0.6536890268325806,0.8125,0.6292834877967834
german,8,ffnn_0layer,sgd,0.005,3,1360,0.65625,0.6529776453971863,0.7916666865348816,0.6303770542144775
german,8,ffnn_0layer,sgd,0.005,4,1402,0.6458333730697632,0.6518693566322327,0.8125,0.6281597018241882
german,8,ffnn_0layer,sgd,0.005,5,1444,0.65625,0.6528728008270264,0.7916666865348816,0.6261438727378845
german,8,ffnn_0layer,sgd,0.01,1,1276,0.6458333730697632,0.6564326882362366,0.7916666865348816,0.6254213452339172
german,8,ffnn_0layer,sgd,0.01,2,1318,0.6666666865348816,0.6537581086158752,0.8125,0.6291020512580872
german,8,ffnn_0layer,sgd,0.01,3,1360,0.65625,0.6533596515655518,0.7916666865348816,0.6302348375320435
german,8,ffnn_0layer,sgd,0.01,4,1402,0.65625,0.6518919467926025,0.8125,0.6279179453849792
german,8,ffnn_0layer,sgd,0.01,5,1444,0.6354166865348816,0.6531850099563599,0.7916666865348816,0.6260184645652771
german,8,ffnn_0layer,sgd,0.05,1,1276,0.6354166865348816,0.6562079191207886,0.78125,0.6250430941581726
german,8,ffnn_0layer,sgd,0.05,2,1318,0.65625,0.6543188691139221,0.8020833730697632,0.6277008652687073
german,8,ffnn_0layer,sgd,0.05,3,1360,0.65625,0.6556594371795654,0.7916666865348816,0.6298392415046692
german,8,ffnn_0layer,sgd,0.05,4,1402,0.65625,0.653526782989502,0.8020833730697632,0.6268435120582581
german,8,ffnn_0layer,sgd,0.05,5,1444,0.6458333730697632,0.6554270386695862,0.7708333730697632,0.6256378293037415
german,8,ffnn_0layer,sgd,0.1,1,1276,0.6354166865348816,0.6561865210533142,0.7604166865348816,0.625135600566864
german,8,ffnn_0layer,sgd,0.1,2,1318,0.6354166865348816,0.6543977856636047,0.8125,0.6277367472648621
german,8,ffnn_0layer,sgd,0.1,3,1360,0.6354166865348816,0.6567621231079102,0.7916666865348816,0.6300199627876282
german,8,ffnn_0layer,sgd,0.1,4,1402,0.6458333730697632,0.6552683711051941,0.7916666865348816,0.6270250678062439
german,8,ffnn_0layer,sgd,0.1,5,1444,0.6458333730697632,0.6564081311225891,0.7708333730697632,0.6263884902000427
german,8,sampler,adam,0.001,1,1276,0.6458333730697632,0.6564506888389587,0.7708333730697632,0.6265021562576294
german,8,sampler,adam,0.001,2,1318,0.6458333730697632,0.6563810110092163,0.8020833730697632,0.6272808313369751
german,8,sampler,adam,0.001,3,1360,0.65625,0.6559097766876221,0.8020833730697632,0.6279089450836182
german,8,sampler,adam,0.001,4,1402,0.6458333730697632,0.6561287045478821,0.7916666865348816,0.6277623772621155
german,8,sampler,adam,0.001,5,1444,0.65625,0.6561640501022339,0.8020833730697632,0.6276211738586426
german,8,sampler,adam,0.005,1,1276,0.65625,0.6588315367698669,0.7395833730697632,0.6286066770553589
german,8,sampler,adam,0.005,2,1318,0.625,0.659081757068634,0.7916666865348816,0.629585325717926
german,8,sampler,adam,0.005,3,1360,0.6458333730697632,0.6590647101402283,0.78125,0.6287006139755249
german,8,sampler,adam,0.005,4,1402,0.6354166865348816,0.6589381098747253,0.78125,0.6288344264030457
german,8,sampler,adam,0.005,5,1444,0.6354166865348816,0.6589069962501526,0.7708333730697632,0.6287100315093994
german,8,sampler,adam,0.01,1,1276,0.65625,0.65902179479599,0.7291666865348816,0.6286135315895081
german,8,sampler,adam,0.01,2,1318,0.6458333730697632,0.660548746585846,0.7708333730697632,0.6327691078186035
german,8,sampler,adam,0.01,3,1360,0.6354166865348816,0.6592666506767273,0.78125,0.6287848949432373
german,8,sampler,adam,0.01,4,1402,0.6354166865348816,0.6594425439834595,0.78125,0.6292920112609863
german,8,sampler,adam,0.01,5,1444,0.625,0.6593764424324036,0.78125,0.6289424300193787
german,8,sampler,adam,0.05,1,1276,0.65625,0.660525381565094,0.75,0.6320058703422546
german,8,sampler,adam,0.05,2,1318,0.65625,0.658778965473175,0.7291666865348816,0.6284143328666687
german,8,sampler,adam,0.05,3,1360,0.65625,0.6606238484382629,0.7395833730697632,0.632244884967804
german,8,sampler,adam,0.05,4,1402,0.65625,0.6604825854301453,0.75,0.6320133805274963
german,8,sampler,adam,0.05,5,1444,0.65625,0.6600791811943054,0.7395833730697632,0.6311757564544678
german,8,sampler,adam,0.1,1,1276,0.6354166865348816,0.6607589721679688,0.75,0.6324409246444702
german,8,sampler,adam,0.1,2,1318,0.6458333730697632,0.6587479710578918,0.7395833730697632,0.6284734606742859
german,8,sampler,adam,0.1,3,1360,0.65625,0.660834550857544,0.7395833730697632,0.6324122548103333
german,8,sampler,adam,0.1,4,1402,0.6354166865348816,0.6602244973182678,0.7916666865348816,0.632667601108551
german,8,sampler,adam,0.1,5,1444,0.6666666865348816,0.6585542559623718,0.7395833730697632,0.628514289855957
german,8,sampler,sgd,0.001,1,1276,0.6770833730697632,0.6538034081459045,0.7916666865348816,0.6308456063270569
german,8,sampler,sgd,0.001,2,1318,0.6354166865348816,0.6547315120697021,0.78125,0.6256250739097595
german,8,sampler,sgd,0.001,3,1360,0.6666666865348816,0.6533626317977905,0.8125,0.6271249055862427
german,8,sampler,sgd,0.001,4,1402,0.6770833730697632,0.6524170637130737,0.8125,0.6280558705329895
german,8,sampler,sgd,0.001,5,1444,0.6770833730697632,0.6535104513168335,0.7916666865348816,0.6309446096420288
german,8,sampler,sgd,0.005,1,1276,0.6770833730697632,0.6537448167800903,0.7916666865348816,0.6308062672615051
german,8,sampler,sgd,0.005,2,1318,0.625,0.6547785401344299,0.78125,0.6255528330802917
german,8,sampler,sgd,0.005,3,1360,0.6666666865348816,0.6534333825111389,0.8125,0.6270070672035217
german,8,sampler,sgd,0.005,4,1402,0.6770833730697632,0.6523900628089905,0.8125,0.627985417842865
german,8,sampler,sgd,0.005,5,1444,0.6770833730697632,0.6534550189971924,0.7916666865348816,0.6308780312538147
german,8,sampler,sgd,0.01,1,1276,0.6770833730697632,0.6536701917648315,0.7916666865348816,0.6307584643363953
german,8,sampler,sgd,0.01,2,1318,0.625,0.6548428535461426,0.78125,0.6254668831825256
german,8,sampler,sgd,0.01,3,1360,0.6666666865348816,0.653527021408081,0.8125,0.6268640756607056
german,8,sampler,sgd,0.01,4,1402,0.6770833730697632,0.6523575782775879,0.8125,0.6278994679450989
german,8,sampler,sgd,0.01,5,1444,0.6770833730697632,0.6533852815628052,0.7916666865348816,0.6307947039604187
german,8,sampler,sgd,0.05,1,1276,0.6770833730697632,0.653019368648529,0.7916666865348816,0.6303889155387878
german,8,sampler,sgd,0.05,2,1318,0.6145833730697632,0.6555512547492981,0.78125,0.6250215172767639
german,8,sampler,sgd,0.05,3,1360,0.6458333730697632,0.6543193459510803,0.8125,0.6259704828262329
german,8,sampler,sgd,0.05,4,1402,0.6666666865348816,0.6521674394607544,0.8125,0.6272912621498108
german,8,sampler,sgd,0.05,5,1444,0.6875,0.6528112292289734,0.7916666865348816,0.6301154494285583
german,8,sampler,sgd,0.1,1,1276,0.6770833730697632,0.6521938443183899,0.78125,0.6297172904014587
german,8,sampler,sgd,0.1,2,1318,0.6145833730697632,0.6566130518913269,0.7916666865348816,0.6251305341720581
german,8,sampler,sgd,0.1,3,1360,0.6354166865348816,0.6549764275550842,0.8125,0.6256604790687561
german,8,sampler,sgd,0.1,4,1402,0.6354166865348816,0.6523844599723816,0.8125,0.6266215443611145
german,8,sampler,sgd,0.1,5,1444,0.6875,0.6521676182746887,0.78125,0.6290469765663147
german,12,ffnn_0layer,adam,0.001,1,1276,0.59375,0.6618126630783081,0.75,0.6293045878410339
german,12,ffnn_0layer,adam,0.001,2,1318,0.59375,0.6616140007972717,0.75,0.629506528377533
german,12,ffnn_0layer,adam,0.001,3,1360,0.59375,0.6615005135536194,0.75,0.6297217607498169
german,12,ffnn_0layer,adam,0.001,4,1402,0.59375,0.6617140173912048,0.75,0.6294580698013306
german,12,ffnn_0layer,adam,0.001,5,1444,0.59375,0.6615207195281982,0.75,0.6295376420021057
german,12,ffnn_0layer,adam,0.005,1,1276,0.59375,0.6618464589118958,0.75,0.6299681067466736
german,12,ffnn_0layer,adam,0.005,2,1318,0.625,0.6616573333740234,0.7395833730697632,0.6306766867637634
german,12,ffnn_0layer,adam,0.005,3,1360,0.625,0.6614454388618469,0.7395833730697632,0.6306104063987732
german,12,ffnn_0layer,adam,0.005,4,1402,0.6041666865348816,0.6610384583473206,0.7395833730697632,0.6306538581848145
german,12,ffnn_0layer,adam,0.005,5,1444,0.6145833730697632,0.6606457829475403,0.7395833730697632,0.6307473182678223
german,12,ffnn_0layer,adam,0.01,1,1276,0.59375,0.6619678139686584,0.75,0.6297029256820679
german,12,ffnn_0layer,adam,0.01,2,1318,0.625,0.6620787382125854,0.7291666865348816,0.6303374171257019
german,12,ffnn_0layer,adam,0.01,3,1360,0.625,0.6613820195198059,0.7395833730697632,0.6309228539466858
german,12,ffnn_0layer,adam,0.01,4,1402,0.6145833730697632,0.6604692935943604,0.7291666865348816,0.6320193409919739
german,12,ffnn_0layer,adam,0.01,5,1444,0.6145833730697632,0.6607363224029541,0.7291666865348816,0.631683349609375
german,12,ffnn_0layer,adam,0.05,1,1276,0.625,0.6647655367851257,0.75,0.6280232071876526
german,12,ffnn_0layer,adam,0.05,2,1318,0.625,0.6586819887161255,0.7083333730697632,0.633821964263916
german,12,ffnn_0layer,adam,0.05,3,1360,0.6145833730697632,0.6606031656265259,0.75,0.6316906809806824
german,12,ffnn_0layer,adam,0.05,4,1402,0.6041666865348816,0.6603398323059082,0.75,0.6329822540283203
german,12,ffnn_0layer,adam,0.05,5,1444,0.6145833730697632,0.6580622792243958,0.7291666865348816,0.6368030309677124
german,12,ffnn_0layer,adam,0.1,1,1276,0.6145833730697632,0.6667311191558838,0.75,0.6278613209724426
german,12,ffnn_0layer,adam,0.1,2,1318,0.6041666865348816,0.6575577855110168,0.6979166865348816,0.6379233002662659
german,12,ffnn_0layer,adam,0.1,3,1360,0.6145833730697632,0.6602537631988525,0.75,0.6324669718742371
german,12,ffnn_0layer,adam,0.1,4,1402,0.625,0.6594319939613342,0.7291666865348816,0.632975161075592
german,12,ffnn_0layer,adam,0.1,5,1444,0.6145833730697632,0.657620370388031,0.7083333730697632,0.6393398642539978
german,12,ffnn_0layer,sgd,0.001,1,1276,0.6458333730697632,0.6488528251647949,0.7708333730697632,0.618009090423584
german,12,ffnn_0layer,sgd,0.001,2,1318,0.6041666865348816,0.6558606624603271,0.7708333730697632,0.6255993843078613
german,12,ffnn_0layer,sgd,0.001,3,1360,0.6145833730697632,0.6580590605735779,0.7708333730697632,0.6241102814674377
german,12,ffnn_0layer,sgd,0.001,4,1402,0.625,0.652787983417511,0.7291666865348816,0.6316661834716797
german,12,ffnn_0layer,sgd,0.001,5,1444,0.6458333730697632,0.6487048268318176,0.7395833730697632,0.6226111650466919
german,12,ffnn_0layer,sgd,0.005,1,1276,0.6354166865348816,0.6488386988639832,0.7708333730697632,0.6179776191711426
german,12,ffnn_0layer,sgd,0.005,2,1318,0.6041666865348816,0.6561967730522156,0.7708333730697632,0.6258510947227478
german,12,ffnn_0layer,sgd,0.005,3,1360,0.6145833730697632,0.6584689021110535,0.7708333730697632,0.6241421103477478
german,12,ffnn_0layer,sgd,0.005,4,1402,0.625,0.6532449722290039,0.7291666865348816,0.631900429725647
german,12,ffnn_0layer,sgd,0.005,5,1444,0.6458333730697632,0.6491982936859131,0.7395833730697632,0.6231013536453247
german,12,ffnn_0layer,sgd,0.01,1,1276,0.6354166865348816,0.6488566994667053,0.7708333730697632,0.6179776787757874
german,12,ffnn_0layer,sgd,0.01,2,1318,0.6041666865348816,0.6566714644432068,0.7604166865348816,0.6260942816734314
german,12,ffnn_0layer,sgd,0.01,3,1360,0.6145833730697632,0.658959686756134,0.7708333730697632,0.6241858005523682
german,12,ffnn_0layer,sgd,0.01,4,1402,0.6354166865348816,0.6537838578224182,0.7395833730697632,0.6321075558662415
german,12,ffnn_0layer,sgd,0.01,5,1444,0.6458333730697632,0.6498388648033142,0.7291666865348816,0.6236985921859741
german,12,ffnn_0layer,sgd,0.05,1,1276,0.6458333730697632,0.6506237387657166,0.75,0.6195717453956604
german,12,ffnn_0layer,sgd,0.05,2,1318,0.5729166865348816,0.6601940989494324,0.7708333730697632,0.6261160969734192
german,12,ffnn_0layer,sgd,0.05,3,1360,0.6041666865348816,0.6613132953643799,0.78125,0.6237958669662476
german,12,ffnn_0layer,sgd,0.05,4,1402,0.6354166865348816,0.6566590070724487,0.7395833730697632,0.6317178010940552
german,12,ffnn_0layer,sgd,0.05,5,1444,0.6354166865348816,0.6548023819923401,0.7291666865348816,0.6265806555747986
german,12,ffnn_0layer,sgd,0.1,1,1276,0.625,0.654227077960968,0.7395833730697632,0.6212241053581238
german,12,ffnn_0layer,sgd,0.1,2,1318,0.5833333730697632,0.661699652671814,0.7708333730697632,0.6266838908195496
german,12,ffnn_0layer,sgd,0.1,3,1360,0.59375,0.6624886989593506,0.7916666865348816,0.6228752136230469
german,12,ffnn_0layer,sgd,0.1,4,1402,0.6145833730697632,0.6588314175605774,0.7395833730697632,0.6301494240760803
german,12,ffnn_0layer,sgd,0.1,5,1444,0.6145833730697632,0.659489095211029,0.7395833730697632,0.625761091709137
german,12,sampler,adam,0.001,1,1276,0.5833333730697632,0.6648603677749634,0.75,0.6221296191215515
german,12,sampler,adam,0.001,2,1318,0.6145833730697632,0.6641433835029602,0.7708333730697632,0.6251216530799866
german,12,sampler,adam,0.001,3,1360,0.59375,0.661929726600647,0.7604166865348816,0.6286419034004211
german,12,sampler,adam,0.001,4,1402,0.5833333730697632,0.6614856123924255,0.7708333730697632,0.6280274391174316
german,12,sampler,adam,0.001,5,1444,0.59375,0.6623319983482361,0.7708333730697632,0.6260761618614197
german,12,sampler,adam,0.005,1,1276,0.59375,0.6615220904350281,0.7395833730697632,0.6298334002494812
german,12,sampler,adam,0.005,2,1318,0.59375,0.6610308289527893,0.7395833730697632,0.6303324103355408
german,12,sampler,adam,0.005,3,1360,0.6041666865348816,0.6609079837799072,0.7395833730697632,0.6304827332496643
german,12,sampler,adam,0.005,4,1402,0.59375,0.6613174676895142,0.7395833730697632,0.6301096081733704
german,12,sampler,adam,0.005,5,1444,0.59375,0.6608142256736755,0.7395833730697632,0.6304066777229309
german,12,sampler,adam,0.01,1,1276,0.59375,0.6618465185165405,0.75,0.6299680471420288
german,12,sampler,adam,0.01,2,1318,0.625,0.6616578102111816,0.7395833730697632,0.6306763291358948
german,12,sampler,adam,0.01,3,1360,0.625,0.6614454388618469,0.7395833730697632,0.6306100487709045
german,12,sampler,adam,0.01,4,1402,0.6041666865348816,0.6610385775566101,0.7395833730697632,0.6306530833244324
german,12,sampler,adam,0.01,5,1444,0.6145833730697632,0.6606458425521851,0.7395833730697632,0.6307469010353088
german,12,sampler,adam,0.05,1,1276,0.6145833730697632,0.6643248796463013,0.7291666865348816,0.6282944083213806
german,12,sampler,adam,0.05,2,1318,0.625,0.662527859210968,0.7291666865348816,0.6296932101249695
german,12,sampler,adam,0.05,3,1360,0.625,0.6590269804000854,0.7395833730697632,0.6337452530860901
german,12,sampler,adam,0.05,4,1402,0.6145833730697632,0.660970151424408,0.7291666865348816,0.6319715976715088
german,12,sampler,adam,0.05,5,1444,0.6145833730697632,0.6586044430732727,0.7291666865348816,0.6352834105491638
german,12,sampler,adam,0.1,1,1276,0.625,0.6647655367851257,0.75,0.6280232071876526
german,12,sampler,adam,0.1,2,1318,0.625,0.6586820483207703,0.7083333730697632,0.633821964263916
german,12,sampler,adam,0.1,3,1360,0.6145833730697632,0.6606031060218811,0.75,0.6316906809806824
german,12,sampler,adam,0.1,4,1402,0.6041666865348816,0.6603398323059082,0.75,0.6329823136329651
german,12,sampler,adam,0.1,5,1444,0.6145833730697632,0.6580622792243958,0.7291666865348816,0.6368030905723572
german,12,sampler,sgd,0.001,1,1276,0.6458333730697632,0.6494007706642151,0.75,0.6234714388847351
german,12,sampler,sgd,0.001,2,1318,0.6354166865348816,0.6519326567649841,0.75,0.6177849173545837
german,12,sampler,sgd,0.001,3,1360,0.6458333730697632,0.6480607986450195,0.75,0.623163104057312
german,12,sampler,sgd,0.001,4,1402,0.6770833730697632,0.6474769711494446,0.7604166865348816,0.6203848719596863
german,12,sampler,sgd,0.001,5,1444,0.65625,0.6475216746330261,0.75,0.6227890849113464
german,12,sampler,sgd,0.005,1,1276,0.6458333730697632,0.649404764175415,0.75,0.6233875155448914
german,12,sampler,sgd,0.005,2,1318,0.6354166865348816,0.6520357131958008,0.75,0.6178144812583923
german,12,sampler,sgd,0.005,3,1360,0.6458333730697632,0.6480966806411743,0.75,0.6232677102088928
german,12,sampler,sgd,0.005,4,1402,0.6770833730697632,0.6475986242294312,0.7604166865348816,0.6203680038452148
german,12,sampler,sgd,0.005,5,1444,0.65625,0.6475467085838318,0.75,0.622714638710022
german,12,sampler,sgd,0.01,1,1276,0.6458333730697632,0.6494166254997253,0.75,0.6232842803001404
german,12,sampler,sgd,0.01,2,1318,0.6354166865348816,0.6521778702735901,0.75,0.6178591251373291
german,12,sampler,sgd,0.01,3,1360,0.6458333730697632,0.6481505632400513,0.75,0.6233974695205688
german,12,sampler,sgd,0.01,4,1402,0.6770833730697632,0.6477609872817993,0.7604166865348816,0.620348334312439
german,12,sampler,sgd,0.01,5,1444,0.65625,0.6475847363471985,0.75,0.6226217150688171
german,12,sampler,sgd,0.05,1,1276,0.6458333730697632,0.6497910618782043,0.75,0.6225119233131409
german,12,sampler,sgd,0.05,2,1318,0.625,0.6538326144218445,0.7604166865348816,0.6185618042945862
german,12,sampler,sgd,0.05,3,1360,0.6354166865348816,0.6488731503486633,0.75,0.6243336200714111
german,12,sampler,sgd,0.05,4,1402,0.6666666865348816,0.6495266556739807,0.7708333730697632,0.6202542781829834
german,12,sampler,sgd,0.05,5,1444,0.6666666865348816,0.6482086777687073,0.7708333730697632,0.6219460964202881
german,12,sampler,sgd,0.1,1,1276,0.6458333730697632,0.6510182023048401,0.7708333730697632,0.6217737793922424
german,12,sampler,sgd,0.1,2,1318,0.6145833730697632,0.6567354798316956,0.7604166865348816,0.619955837726593
german,12,sampler,sgd,0.1,3,1360,0.6354166865348816,0.6502329707145691,0.7395833730697632,0.6252763271331787
german,12,sampler,sgd,0.1,4,1402,0.6458333730697632,0.6528987288475037,0.7604166865348816,0.6203323602676392
german,12,sampler,sgd,0.1,5,1444,0.6458333730697632,0.6501118540763855,0.78125,0.6217409372329712
churn,4,ffnn_0layer,adam,0.001,1,1276,0.7361701726913452,0.6258583664894104,0.7073863744735718,0.6366113424301147
churn,4,ffnn_0layer,adam,0.001,2,1318,0.7361701726913452,0.6258583664894104,0.7073863744735718,0.6366113424301147
churn,4,ffnn_0layer,adam,0.001,3,1360,0.7361701726913452,0.6258583664894104,0.7073863744735718,0.6366113424301147
churn,4,ffnn_0layer,adam,0.001,4,1402,0.7361701726913452,0.6258583664894104,0.7073863744735718,0.6366113424301147
churn,4,ffnn_0layer,adam,0.001,5,1444,0.7361701726913452,0.6258583664894104,0.7073863744735718,0.6366113424301147
churn,4,ffnn_0layer,adam,0.005,1,1276,0.7361701726913452,0.6258583664894104,0.7073863744735718,0.6366114020347595
churn,4,ffnn_0layer,adam,0.005,2,1318,0.7361701726913452,0.6258583664894104,0.7073863744735718,0.6366113424301147
churn,4,ffnn_0layer,adam,0.005,3,1360,0.7361701726913452,0.6258583664894104,0.7073863744735718,0.6366113424301147
churn,4,ffnn_0layer,adam,0.005,4,1402,0.7361701726913452,0.6258583664894104,0.7073863744735718,0.6366114020347595
churn,4,ffnn_0layer,adam,0.005,5,1444,0.7361701726913452,0.6258583664894104,0.7073863744735718,0.6366113424301147
churn,4,ffnn_0layer,adam,0.01,1,1276,0.7361701726913452,0.6258583664894104,0.7073863744735718,0.6366114020347595
churn,4,ffnn_0layer,adam,0.01,2,1318,0.7361701726913452,0.6258583664894104,0.7073863744735718,0.6366113424301147
churn,4,ffnn_0layer,adam,0.01,3,1360,0.7361701726913452,0.6258583664894104,0.7073863744735718,0.6366113424301147
churn,4,ffnn_0layer,adam,0.01,4,1402,0.7361701726913452,0.6258583664894104,0.7073863744735718,0.6366114020347595
churn,4,ffnn_0layer,adam,0.01,5,1444,0.7361701726913452,0.6258583664894104,0.7073863744735718,0.6366113424301147
churn,4,ffnn_0layer,adam,0.05,1,1276,0.7361701726913452,0.6258583664894104,0.7073863744735718,0.6366113424301147
churn,4,ffnn_0layer,adam,0.05,2,1318,0.7361701726913452,0.6258583664894104,0.7073863744735718,0.6366114020347595
churn,4,ffnn_0layer,adam,0.05,3,1360,0.7361701726913452,0.6258583664894104,0.7073863744735718,0.6366113424301147
churn,4,ffnn_0layer,adam,0.05,4,1402,0.7361701726913452,0.6258583664894104,0.7073863744735718,0.6366113424301147
churn,4,ffnn_0layer,adam,0.05,5,1444,0.7361701726913452,0.6258583664894104,0.7073863744735718,0.6366114020347595
churn,4,ffnn_0layer,adam,0.1,1,1276,0.7361701726913452,0.6258583664894104,0.7073863744735718,0.6366114020347595
churn,4,ffnn_0layer,adam,0.1,2,1318,0.7361701726913452,0.6258583664894104,0.7073863744735718,0.6366114020347595
churn,4,ffnn_0layer,adam,0.1,3,1360,0.7361701726913452,0.6258583664894104,0.7073863744735718,0.6366114020347595
churn,4,ffnn_0layer,adam,0.1,4,1402,0.7361701726913452,0.6258583664894104,0.7073863744735718,0.6366114020347595
churn,4,ffnn_0layer,adam,0.1,5,1444,0.7361701726913452,0.6258583664894104,0.7073863744735718,0.6366114020347595
churn,4,ffnn_0layer,sgd,0.001,1,1276,0.7361701726913452,0.6258631348609924,0.7073863744735718,0.6366145014762878
sonar,4,ffnn_0layer,adam,0.001,1,1276,0.6190476417541504,0.6603958606719971,0.7142857313156128,0.6753645539283752
sonar,4,ffnn_0layer,adam,0.001,2,1318,0.6666666865348816,0.6516200304031372,0.7142857313156128,0.6769509315490723
sonar,4,ffnn_0layer,adam,0.001,3,1360,0.7142857313156128,0.6507967114448547,0.761904776096344,0.6743401885032654
sonar,4,ffnn_0layer,adam,0.001,4,1402,0.761904776096344,0.647741973400116,0.7142857313156128,0.6762532591819763
sonar,4,ffnn_0layer,adam,0.001,5,1444,0.6666666865348816,0.6584186553955078,0.7142857313156128,0.6749377250671387
sonar,4,ffnn_0layer,adam,0.005,1,1276,0.8095238208770752,0.641426682472229,0.6666666865348816,0.6774919033050537
sonar,4,ffnn_0layer,adam,0.005,2,1318,0.8095238208770752,0.6420314311981201,0.7142857313156128,0.6775332689285278
sonar,4,ffnn_0layer,adam,0.005,3,1360,0.761904776096344,0.6407564282417297,0.7142857313156128,0.6757872700691223
sonar,4,ffnn_0layer,adam,0.005,4,1402,0.8571428656578064,0.6421733498573303,0.6666666865348816,0.67791348695755
sonar,4,ffnn_0layer,adam,0.005,5,1444,0.8095238208770752,0.6416950225830078,0.6666666865348816,0.6773909330368042
sonar,4,ffnn_0layer,adam,0.01,1,1276,0.8095238208770752,0.6419191360473633,0.6666666865348816,0.6777867078781128
sonar,4,ffnn_0layer,adam,0.01,2,1318,0.8095238208770752,0.6428316831588745,0.7142857313156128,0.6781649589538574
sonar,4,ffnn_0layer,adam,0.01,3,1360,0.8571428656578064,0.6412057280540466,0.6666666865348816,0.6778225302696228
sonar,4,ffnn_0layer,adam,0.01,4,1402,0.8571428656578064,0.6421234607696533,0.6666666865348816,0.6779977083206177
sonar,4,ffnn_0layer,adam,0.01,5,1444,0.8095238208770752,0.6416121125221252,0.7142857313156128,0.6774137020111084
sonar,4,ffnn_0layer,adam,0.05,1,1276,0.8571428656578064,0.643782913684845,0.7142857313156128,0.6784731149673462
sonar,4,ffnn_0layer,adam,0.05,2,1318,0.8095238208770752,0.6475878357887268,0.7142857313156128,0.6828557848930359
sonar,4,ffnn_0layer,adam,0.05,3,1360,0.761904776096344,0.6402600407600403,0.6190476417541504,0.6781865358352661
sonar,4,ffnn_0layer,adam,0.05,4,1402,0.8095238208770752,0.642621636390686,0.7142857313156128,0.679642379283905
sonar,4,ffnn_0layer,adam,0.05,5,1444,0.8095238208770752,0.6409929990768433,0.7142857313156128,0.677376389503479
sonar,4,ffnn_0layer,adam,0.1,1,1276,0.8095238208770752,0.6473978757858276,0.7142857313156128,0.6822283267974854
sonar,4,ffnn_0layer,adam,0.1,2,1318,0.8095238208770752,0.6497163772583008,0.7142857313156128,0.6845942735671997
sonar,4,ffnn_0layer,adam,0.1,3,1360,0.761904776096344,0.6408915519714355,0.6190476417541504,0.6783224940299988
sonar,4,ffnn_0layer,adam,0.1,4,1402,0.8095238208770752,0.6473269462585449,0.7142857313156128,0.6810200810432434
sonar,4,ffnn_0layer,adam,0.1,5,1444,0.8095238208770752,0.6409165263175964,0.7142857313156128,0.6773913502693176
sonar,4,ffnn_0layer,sgd,0.001,1,1276,0.6190476417541504,0.6660779118537903,0.523809552192688,0.6785439848899841
sonar,4,ffnn_0layer,sgd,0.001,2,1318,0.7142857313156128,0.6572924852371216,0.6666666865348816,0.6812499165534973
sonar,4,ffnn_0layer,sgd,0.001,3,1360,0.761904776096344,0.6545817255973816,0.7142857313156128,0.67924565076828
sonar,4,ffnn_0layer,sgd,0.001,4,1402,0.5714285969734192,0.6627365350723267,0.6190476417541504,0.6854364275932312
sonar,4,ffnn_0layer,sgd,0.001,5,1444,0.5714285969734192,0.6671398878097534,0.5714285969734192,0.6800923347473145
sonar,4,ffnn_0layer,sgd,0.005,1,1276,0.6190476417541504,0.6659224629402161,0.523809552192688,0.6783794164657593
sonar,4,ffnn_0layer,sgd,0.005,2,1318,0.7142857313156128,0.657218873500824,0.6666666865348816,0.6811953186988831
sonar,4,ffnn_0layer,sgd,0.005,3,1360,0.761904776096344,0.6545377969741821,0.7142857313156128,0.6791880130767822
sonar,4,ffnn_0layer,sgd,0.005,4,1402,0.5714285969734192,0.6625426411628723,0.6190476417541504,0.6852707862854004
sonar,4,ffnn_0layer,sgd,0.005,5,1444,0.5714285969734192,0.6669555306434631,0.5714285969734192,0.6799115538597107
sonar,4,ffnn_0layer,sgd,0.01,1,1276,0.6190476417541504,0.6657335162162781,0.523809552192688,0.6781779527664185
sonar,4,ffnn_0layer,sgd,0.01,2,1318,0.7142857313156128,0.6571266055107117,0.6666666865348816,0.6811264753341675
sonar,4,ffnn_0layer,sgd,0.01,3,1360,0.761904776096344,0.6544834971427917,0.7142857313156128,0.6791163682937622
sonar,4,ffnn_0layer,sgd,0.01,4,1402,0.5714285969734192,0.6622986793518066,0.6666666865348816,0.6850634813308716
sonar,4,ffnn_0layer,sgd,0.01,5,1444,0.5714285969734192,0.6667277216911316,0.5714285969734192,0.6796873807907104
sonar,4,ffnn_0layer,sgd,0.05,1,1276,0.6190476417541504,0.6644471287727356,0.523809552192688,0.6767438650131226
sonar,4,ffnn_0layer,sgd,0.05,2,1318,0.7142857313156128,0.6563827395439148,0.6666666865348816,0.6805551052093506
sonar,4,ffnn_0layer,sgd,0.05,3,1360,0.761904776096344,0.654066801071167,0.7142857313156128,0.678562343120575
sonar,4,ffnn_0layer,sgd,0.05,4,1402,0.6190476417541504,0.6603124737739563,0.7142857313156128,0.6834227442741394
sonar,4,ffnn_0layer,sgd,0.05,5,1444,0.5714285969734192,0.6650382876396179,0.5714285969734192,0.6780085563659668
sonar,4,ffnn_0layer,sgd,0.1,1,1276,0.523809552192688,0.663373589515686,0.523809552192688,0.6753982305526733
sonar,4,ffnn_0layer,sgd,0.1,2,1318,0.7142857313156128,0.6554603576660156,0.6666666865348816,0.6798117160797119
sonar,4,ffnn_0layer,sgd,0.1,3,1360,0.761904776096344,0.6535890102386475,0.7142857313156128,0.6779196858406067
sonar,4,ffnn_0layer,sgd,0.1,4,1402,0.7142857313156128,0.6579018831253052,0.761904776096344,0.6815476417541504
sonar,4,ffnn_0layer,sgd,0.1,5,1444,0.5714285969734192,0.6633551716804504,0.5714285969734192,0.6763200163841248
sonar,4,sampler,adam,0.001,1,1276,0.6190476417541504,0.6534419655799866,0.7142857313156128,0.6766663789749146
sonar,4,sampler,adam,0.001,2,1318,0.6666666865348816,0.6551980376243591,0.523809552192688,0.6805737018585205
sonar,4,sampler,adam,0.001,3,1360,0.6190476417541504,0.6519623398780823,0.7142857313156128,0.6751976013183594
sonar,4,sampler,adam,0.001,4,1402,0.6190476417541504,0.6494030952453613,0.761904776096344,0.6742044687271118
sonar,4,sampler,adam,0.001,5,1444,0.6190476417541504,0.6500831842422485,0.6666666865348816,0.6749159693717957
sonar,4,sampler,adam,0.005,1,1276,0.6190476417541504,0.6499518752098083,0.7142857313156128,0.6764178276062012
sonar,4,sampler,adam,0.005,2,1318,0.8095238208770752,0.642577052116394,0.6666666865348816,0.6767573952674866
sonar,4,sampler,adam,0.005,3,1360,0.6190476417541504,0.6523163914680481,0.761904776096344,0.6762130856513977
sonar,4,sampler,adam,0.005,4,1402,0.6666666865348816,0.650017261505127,0.7142857313156128,0.6766154766082764
sonar,4,sampler,adam,0.005,5,1444,0.8095238208770752,0.6454225778579712,0.761904776096344,0.6765509843826294
sonar,4,sampler,adam,0.01,1,1276,0.8095238208770752,0.641543984413147,0.6666666865348816,0.6775383353233337
sonar,4,sampler,adam,0.01,2,1318,0.8095238208770752,0.6420136094093323,0.7142857313156128,0.6775350570678711
sonar,4,sampler,adam,0.01,3,1360,0.8571428656578064,0.641454815864563,0.6666666865348816,0.677723228931427
sonar,4,sampler,adam,0.01,4,1402,0.8571428656578064,0.6421676278114319,0.6666666865348816,0.6779453158378601
sonar,4,sampler,adam,0.01,5,1444,0.8095238208770752,0.6416972279548645,0.6666666865348816,0.6773994565010071
sonar,4,sampler,adam,0.05,1,1276,0.8095238208770752,0.6425527930259705,0.6666666865348816,0.6777894496917725
sonar,4,sampler,adam,0.05,2,1318,0.8571428656578064,0.644853413105011,0.7142857313156128,0.6803515553474426
sonar,4,sampler,adam,0.05,3,1360,0.8571428656578064,0.6409516334533691,0.6666666865348816,0.6780367493629456
sonar,4,sampler,adam,0.05,4,1402,0.8571428656578064,0.6419911980628967,0.7142857313156128,0.6785368919372559
sonar,4,sampler,adam,0.05,5,1444,0.8095238208770752,0.6413960456848145,0.7142857313156128,0.6775656938552856
sonar,4,sampler,adam,0.1,1,1276,0.8571428656578064,0.643782377243042,0.7142857313156128,0.6784729361534119
sonar,4,sampler,adam,0.1,2,1318,0.8095238208770752,0.6475878357887268,0.7142857313156128,0.6828557848930359
sonar,4,sampler,adam,0.1,3,1360,0.761904776096344,0.6402599811553955,0.6190476417541504,0.67818683385849
sonar,4,sampler,adam,0.1,4,1402,0.8095238208770752,0.642621636390686,0.7142857313156128,0.6796420216560364
sonar,4,sampler,adam,0.1,5,1444,0.8095238208770752,0.6409929990768433,0.7142857313156128,0.6773763298988342
sonar,4,sampler,sgd,0.001,1,1276,0.6190476417541504,0.6551798582077026,0.6666666865348816,0.6781417727470398
sonar,4,sampler,sgd,0.001,2,1318,0.6666666865348816,0.6634451746940613,0.523809552192688,0.6857324838638306
sonar,4,sampler,sgd,0.001,3,1360,0.6190476417541504,0.6519318222999573,0.6666666865348816,0.676563024520874
sonar,4,sampler,sgd,0.001,4,1402,0.6666666865348816,0.6509305834770203,0.7142857313156128,0.6759271025657654
sonar,4,sampler,sgd,0.001,5,1444,0.6190476417541504,0.6518612504005432,0.523809552192688,0.6762232780456543
sonar,4,sampler,sgd,0.005,1,1276,0.6666666865348816,0.6551343202590942,0.6666666865348816,0.6781042218208313
sonar,4,sampler,sgd,0.005,2,1318,0.6666666865348816,0.663358211517334,0.523809552192688,0.685673177242279
sonar,4,sampler,sgd,0.005,3,1360,0.6190476417541504,0.6519134044647217,0.6666666865348816,0.6765406727790833
sonar,4,sampler,sgd,0.005,4,1402,0.6666666865348816,0.6508956551551819,0.7142857313156128,0.6758942008018494
sonar,4,sampler,sgd,0.005,5,1444,0.6190476417541504,0.6518310904502869,0.523809552192688,0.6761929392814636
sonar,4,sampler,sgd,0.01,1,1276,0.6666666865348816,0.6550787091255188,0.6666666865348816,0.678058385848999
sonar,4,sampler,sgd,0.01,2,1318,0.6666666865348816,0.6632490158081055,0.523809552192688,0.6855981349945068
sonar,4,sampler,sgd,0.01,3,1360,0.6190476417541504,0.6518911123275757,0.6666666865348816,0.6765132546424866
sonar,4,sampler,sgd,0.01,4,1402,0.6666666865348816,0.6508529782295227,0.761904776096344,0.6758539080619812
sonar,4,sampler,sgd,0.01,5,1444,0.6190476417541504,0.6517941355705261,0.523809552192688,0.6761557459831238
sonar,4,sampler,sgd,0.05,1,1276,0.6666666865348816,0.6546794772148132,0.6666666865348816,0.6777298450469971
sonar,4,sampler,sgd,0.05,2,1318,0.6666666865348816,0.6623597145080566,0.523809552192688,0.6849716305732727
sonar,4,sampler,sgd,0.05,3,1360,0.6190476417541504,0.6517314314842224,0.6666666865348816,0.6763110160827637
sonar,4,sampler,sgd,0.05,4,1402,0.6666666865348816,0.650545597076416,0.761904776096344,0.6755598187446594
sonar,4,sampler,sgd,0.05,5,1444,0.5714285969734192,0.6515301465988159,0.523809552192688,0.6758853793144226
sonar,4,sampler,sgd,0.1,1,1276,0.6190476417541504,0.6542837619781494,0.6666666865348816,0.6774026155471802
sonar,4,sampler,sgd,0.1,2,1318,0.6666666865348816,0.6612071990966797,0.523809552192688,0.6841225028038025
sonar,4,sampler,sgd,0.1,3,1360,0.6190476417541504,0.6515756249427795,0.6666666865348816,0.6760956645011902
sonar,4,sampler,sgd,0.1,4,1402,0.6666666865348816,0.6502377986907959,0.761904776096344,0.6752543449401855
sonar,4,sampler,sgd,0.1,5,1444,0.6666666865348816,0.6512694358825684,0.6666666865348816,0.6756073236465454
sonar,8,ffnn_0layer,adam,0.001,1,1276,0.6190476417541504,0.6550639867782593,0.6190476417541504,0.6537483930587769
sonar,8,ffnn_0layer,adam,0.001,2,1318,0.6666666865348816,0.6344124674797058,0.8571428656578064,0.6290323734283447
sonar,8,ffnn_0layer,adam,0.001,3,1360,0.8095238208770752,0.6246368885040283,0.8095238208770752,0.6244668960571289
sonar,8,ffnn_0layer,adam,0.001,4,1402,0.8571428656578064,0.630626380443573,0.7142857313156128,0.623155415058136
sonar,8,ffnn_0layer,adam,0.001,5,1444,0.6666666865348816,0.6570453643798828,0.7142857313156128,0.6515429615974426
sonar,8,ffnn_0layer,adam,0.005,1,1276,0.8095238208770752,0.6190935373306274,0.8095238208770752,0.6118882298469543
sonar,8,ffnn_0layer,adam,0.005,2,1318,0.8095238208770752,0.6194294691085815,0.8095238208770752,0.6130971312522888
sonar,8,ffnn_0layer,adam,0.005,3,1360,0.8095238208770752,0.6203644871711731,0.8095238208770752,0.6122658848762512
sonar,8,ffnn_0layer,adam,0.005,4,1402,0.8571428656578064,0.619343638420105,0.8095238208770752,0.6108829975128174
sonar,8,ffnn_0layer,adam,0.005,5,1444,0.8095238208770752,0.6210671663284302,0.8095238208770752,0.613474428653717
sonar,8,ffnn_0layer,adam,0.01,1,1276,0.8571428656578064,0.6190333366394043,0.8095238208770752,0.6114994287490845
sonar,8,ffnn_0layer,adam,0.01,2,1318,0.8095238208770752,0.6187324523925781,0.8095238208770752,0.6125277280807495
sonar,8,ffnn_0layer,adam,0.01,3,1360,0.8095238208770752,0.6216423511505127,0.8095238208770752,0.609846830368042
sonar,8,ffnn_0layer,adam,0.01,4,1402,0.8571428656578064,0.6207095384597778,0.761904776096344,0.6115146279335022
sonar,8,ffnn_0layer,adam,0.01,5,1444,0.8571428656578064,0.6209182739257812,0.8095238208770752,0.611916184425354
sonar,8,ffnn_0layer,adam,0.05,1,1276,0.8095238208770752,0.6220420002937317,0.8095238208770752,0.6134327054023743
sonar,8,ffnn_0layer,adam,0.05,2,1318,0.8571428656578064,0.6164244413375854,0.8095238208770752,0.6094252467155457
sonar,8,ffnn_0layer,adam,0.05,3,1360,0.8571428656578064,0.6214951276779175,0.761904776096344,0.6087000966072083
sonar,8,ffnn_0layer,adam,0.05,4,1402,0.8571428656578064,0.6226758360862732,0.761904776096344,0.6105325222015381
sonar,8,ffnn_0layer,adam,0.05,5,1444,0.8571428656578064,0.6248915791511536,0.761904776096344,0.6110188364982605
sonar,8,ffnn_0layer,adam,0.1,1,1276,0.9047619104385376,0.6172543168067932,0.761904776096344,0.6097146272659302
sonar,8,ffnn_0layer,adam,0.1,2,1318,0.9047619104385376,0.6200992465019226,0.761904776096344,0.6087576746940613
sonar,8,ffnn_0layer,adam,0.1,3,1360,0.761904776096344,0.6218731999397278,0.761904776096344,0.6090054512023926
sonar,8,ffnn_0layer,adam,0.1,4,1402,0.8571428656578064,0.6203142404556274,0.8095238208770752,0.608289897441864
sonar,8,ffnn_0layer,adam,0.1,5,1444,0.8095238208770752,0.6297305226325989,0.761904776096344,0.6119801998138428
sonar,8,ffnn_0layer,sgd,0.001,1,1276,0.6666666865348816,0.6609371900558472,0.7142857313156128,0.6492985486984253
sonar,8,ffnn_0layer,sgd,0.001,2,1318,0.6190476417541504,0.6537359356880188,0.8095238208770752,0.6530652046203613
sonar,8,ffnn_0layer,sgd,0.001,3,1360,0.7142857313156128,0.6436697244644165,0.761904776096344,0.6550742387771606
sonar,8,ffnn_0layer,sgd,0.001,4,1402,0.761904776096344,0.6359250545501709,0.8571428656578064,0.628896951675415
sonar,8,ffnn_0layer,sgd,0.001,5,1444,0.6666666865348816,0.6697378158569336,0.7142857313156128,0.6612619161605835
sonar,8,ffnn_0layer,sgd,0.005,1,1276,0.6666666865348816,0.6610255837440491,0.7142857313156128,0.6493932008743286
sonar,8,ffnn_0layer,sgd,0.005,2,1318,0.6190476417541504,0.6535580158233643,0.8095238208770752,0.6526877284049988
sonar,8,ffnn_0layer,sgd,0.005,3,1360,0.7142857313156128,0.643182635307312,0.761904776096344,0.6544872522354126
sonar,8,ffnn_0layer,sgd,0.005,4,1402,0.761904776096344,0.6352000832557678,0.8571428656578064,0.6282995939254761
sonar,8,ffnn_0layer,sgd,0.005,5,1444,0.6666666865348816,0.6697800159454346,0.6666666865348816,0.6610664129257202
sonar,8,ffnn_0layer,sgd,0.01,1,1276,0.6666666865348816,0.6611354351043701,0.7142857313156128,0.6495121717453003
sonar,8,ffnn_0layer,sgd,0.01,2,1318,0.6190476417541504,0.6533372402191162,0.761904776096344,0.6522126197814941
sonar,8,ffnn_0layer,sgd,0.01,3,1360,0.7142857313156128,0.6425358057022095,0.761904776096344,0.6537121534347534
sonar,8,ffnn_0layer,sgd,0.01,4,1402,0.761904776096344,0.6343059539794922,0.8571428656578064,0.6275895237922668
sonar,8,ffnn_0layer,sgd,0.01,5,1444,0.6666666865348816,0.6698300242424011,0.6666666865348816,0.6608241200447083
sonar,8,ffnn_0layer,sgd,0.05,1,1276,0.6666666865348816,0.6619668006896973,0.761904776096344,0.650467038154602
sonar,8,ffnn_0layer,sgd,0.05,2,1318,0.6190476417541504,0.6515856385231018,0.8095238208770752,0.6482815146446228
sonar,8,ffnn_0layer,sgd,0.05,3,1360,0.761904776096344,0.6356522440910339,0.761904776096344,0.645950198173523
sonar,8,ffnn_0layer,sgd,0.05,4,1402,0.8095238208770752,0.6285005807876587,0.8571428656578064,0.623698890209198
sonar,8,ffnn_0layer,sgd,0.05,5,1444,0.6190476417541504,0.6701078414916992,0.6666666865348816,0.6589694619178772
sonar,8,ffnn_0layer,sgd,0.1,1,1276,0.6666666865348816,0.6627597212791443,0.7142857313156128,0.6515656113624573
sonar,8,ffnn_0layer,sgd,0.1,2,1318,0.6666666865348816,0.6488989591598511,0.8095238208770752,0.6427806615829468
sonar,8,ffnn_0layer,sgd,0.1,3,1360,0.8095238208770752,0.625522255897522,0.7142857313156128,0.6360307931900024
sonar,8,ffnn_0layer,sgd,0.1,4,1402,0.8571428656578064,0.625210165977478,0.761904776096344,0.6219421029090881
sonar,8,ffnn_0layer,sgd,0.1,5,1444,0.5714285969734192,0.6700686812400818,0.6666666865348816,0.6568440198898315
sonar,8,sampler,adam,0.001,1,1276,0.761904776096344,0.6585408449172974,0.7142857313156128,0.6521108746528625
sonar,8,sampler,adam,0.001,2,1318,0.7142857313156128,0.6571400761604309,0.7142857313156128,0.6522519588470459
sonar,8,sampler,adam,0.001,3,1360,0.761904776096344,0.6575826406478882,0.7142857313156128,0.6549385786056519
sonar,8,sampler,adam,0.001,4,1402,0.7142857313156128,0.6499696969985962,0.761904776096344,0.6455630660057068
sonar,8,sampler,adam,0.001,5,1444,0.7142857313156128,0.6594989895820618,0.761904776096344,0.6467838287353516
sonar,8,sampler,adam,0.005,1,1276,0.8095238208770752,0.6383059620857239,0.761904776096344,0.6348898410797119
sonar,8,sampler,adam,0.005,2,1318,0.8095238208770752,0.6254532933235168,0.8095238208770752,0.6269692182540894
sonar,8,sampler,adam,0.005,3,1360,0.8095238208770752,0.6246855854988098,0.8095238208770752,0.6176531314849854
sonar,8,sampler,adam,0.005,4,1402,0.8095238208770752,0.6258053779602051,0.761904776096344,0.6195843815803528
sonar,8,sampler,adam,0.005,5,1444,0.761904776096344,0.6221949458122253,0.761904776096344,0.6230052709579468
sonar,8,sampler,adam,0.01,1,1276,0.8095238208770752,0.6192489266395569,0.8095238208770752,0.6119775176048279
sonar,8,sampler,adam,0.01,2,1318,0.8095238208770752,0.6194664835929871,0.8095238208770752,0.6130768656730652
sonar,8,sampler,adam,0.01,3,1360,0.8095238208770752,0.6203711032867432,0.8095238208770752,0.612379252910614
sonar,8,sampler,adam,0.01,4,1402,0.8095238208770752,0.6193474531173706,0.8095238208770752,0.611164927482605
sonar,8,sampler,adam,0.01,5,1444,0.8095238208770752,0.6211539506912231,0.8095238208770752,0.6136221289634705
sonar,8,sampler,adam,0.05,1,1276,0.8095238208770752,0.6203908920288086,0.8095238208770752,0.610960066318512
sonar,8,sampler,adam,0.05,2,1318,0.8095238208770752,0.6174764633178711,0.8095238208770752,0.6108712553977966
sonar,8,sampler,adam,0.05,3,1360,0.8571428656578064,0.6216381788253784,0.761904776096344,0.6091515421867371
sonar,8,sampler,adam,0.05,4,1402,0.8571428656578064,0.6240666508674622,0.761904776096344,0.61262446641922
sonar,8,sampler,adam,0.05,5,1444,0.8571428656578064,0.6225088834762573,0.8095238208770752,0.6096985936164856
sonar,8,sampler,adam,0.1,1,1276,0.8095238208770752,0.6220418810844421,0.8095238208770752,0.6134318113327026
sonar,8,sampler,adam,0.1,2,1318,0.8571428656578064,0.6164244413375854,0.8095238208770752,0.6094254851341248
sonar,8,sampler,adam,0.1,3,1360,0.8571428656578064,0.6214947700500488,0.761904776096344,0.6086999177932739
sonar,8,sampler,adam,0.1,4,1402,0.8571428656578064,0.6226761341094971,0.761904776096344,0.6105336546897888
sonar,8,sampler,adam,0.1,5,1444,0.8571428656578064,0.6248914003372192,0.761904776096344,0.6110184192657471
sonar,8,sampler,sgd,0.001,1,1276,0.7142857313156128,0.6572012901306152,0.7142857313156128,0.6541929841041565
sonar,8,sampler,sgd,0.001,2,1318,0.6666666865348816,0.658423900604248,0.761904776096344,0.6520993113517761
sonar,8,sampler,sgd,0.001,3,1360,0.7142857313156128,0.6625552177429199,0.6190476417541504,0.664195716381073
sonar,8,sampler,sgd,0.001,4,1402,0.761904776096344,0.657442033290863,0.7142857313156128,0.65409916639328
sonar,8,sampler,sgd,0.001,5,1444,0.7142857313156128,0.6579611897468567,0.8095238208770752,0.6466618776321411
sonar,8,sampler,sgd,0.005,1,1276,0.761904776096344,0.6571839451789856,0.7142857313156128,0.6541405320167542
sonar,8,sampler,sgd,0.005,2,1318,0.6666666865348816,0.6584188342094421,0.761904776096344,0.6521013975143433
sonar,8,sampler,sgd,0.005,3,1360,0.7142857313156128,0.6624908447265625,0.6190476417541504,0.6639894247055054
sonar,8,sampler,sgd,0.005,4,1402,0.761904776096344,0.6573585271835327,0.7142857313156128,0.6540261507034302
sonar,8,sampler,sgd,0.005,5,1444,0.7142857313156128,0.6579640507698059,0.8095238208770752,0.6466211080551147
sonar,8,sampler,sgd,0.01,1,1276,0.761904776096344,0.6571627855300903,0.7142857313156128,0.6540757417678833
sonar,8,sampler,sgd,0.01,2,1318,0.6666666865348816,0.6584124565124512,0.761904776096344,0.6521034836769104
sonar,8,sampler,sgd,0.01,3,1360,0.7142857313156128,0.6624102592468262,0.6190476417541504,0.6637346744537354
sonar,8,sampler,sgd,0.01,4,1402,0.761904776096344,0.6572530269622803,0.7142857313156128,0.6539351344108582
sonar,8,sampler,sgd,0.01,5,1444,0.7142857313156128,0.657968282699585,0.8095238208770752,0.6465721130371094
sonar,8,sampler,sgd,0.05,1,1276,0.761904776096344,0.6570099592208862,0.7142857313156128,0.653588593006134
sonar,8,sampler,sgd,0.05,2,1318,0.7142857313156128,0.6583575010299683,0.761904776096344,0.6520986557006836
sonar,8,sampler,sgd,0.05,3,1360,0.7142857313156128,0.661767303943634,0.6190476417541504,0.661817193031311
sonar,8,sampler,sgd,0.05,4,1402,0.761904776096344,0.6563446521759033,0.7142857313156128,0.6532055735588074
sonar,8,sampler,sgd,0.05,5,1444,0.7142857313156128,0.658022403717041,0.8095238208770752,0.6462506651878357
sonar,8,sampler,sgd,0.1,1,1276,0.761904776096344,0.6568587422370911,0.7142857313156128,0.6530469655990601
sonar,8,sampler,sgd,0.1,2,1318,0.7142857313156128,0.6582812070846558,0.761904776096344,0.6520474553108215
sonar,8,sampler,sgd,0.1,3,1360,0.7142857313156128,0.6609832644462585,0.6190476417541504,0.6597281694412231
sonar,8,sampler,sgd,0.1,4,1402,0.761904776096344,0.6549677848815918,0.7142857313156128,0.6521857380867004
sonar,8,sampler,sgd,0.1,5,1444,0.7142857313156128,0.6581384539604187,0.8095238208770752,0.645998477935791
sonar,12,ffnn_0layer,adam,0.001,1,1276,0.7142857313156128,0.6557711362838745,0.8571428656578064,0.6313403844833374
sonar,12,ffnn_0layer,adam,0.001,2,1318,0.9047619104385376,0.6113492846488953,0.8571428656578064,0.6089991331100464
sonar,12,ffnn_0layer,adam,0.001,3,1360,0.7142857313156128,0.632384717464447,0.761904776096344,0.6195994019508362
sonar,12,ffnn_0layer,adam,0.001,4,1402,0.8095238208770752,0.6287849545478821,0.8095238208770752,0.6154358983039856
sonar,12,ffnn_0layer,adam,0.001,5,1444,0.6666666865348816,0.6506010293960571,0.761904776096344,0.631915271282196
sonar,12,ffnn_0layer,adam,0.005,1,1276,0.8571428656578064,0.6148573160171509,0.8095238208770752,0.6060994267463684
sonar,12,ffnn_0layer,adam,0.005,2,1318,0.8571428656578064,0.6144896745681763,0.8095238208770752,0.6073619723320007
sonar,12,ffnn_0layer,adam,0.005,3,1360,0.9047619104385376,0.6146306991577148,0.8095238208770752,0.6090975999832153
sonar,12,ffnn_0layer,adam,0.005,4,1402,0.8571428656578064,0.6151502728462219,0.761904776096344,0.6087996959686279
sonar,12,ffnn_0layer,adam,0.005,5,1444,0.8571428656578064,0.6158381104469299,0.8095238208770752,0.6069715619087219
sonar,12,ffnn_0layer,adam,0.01,1,1276,0.9047619104385376,0.6139035224914551,0.8095238208770752,0.6108685731887817
sonar,12,ffnn_0layer,adam,0.01,2,1318,0.8095238208770752,0.6138321757316589,0.8095238208770752,0.6093246936798096
sonar,12,ffnn_0layer,adam,0.01,3,1360,0.8571428656578064,0.6144415736198425,0.8095238208770752,0.612068772315979
sonar,12,ffnn_0layer,adam,0.01,4,1402,0.8571428656578064,0.6152888536453247,0.761904776096344,0.6119940280914307
sonar,12,ffnn_0layer,adam,0.01,5,1444,0.8571428656578064,0.6145936250686646,0.8095238208770752,0.6114242672920227
sonar,12,ffnn_0layer,adam,0.05,1,1276,0.8095238208770752,0.6193497776985168,0.761904776096344,0.6183117032051086
sonar,12,ffnn_0layer,adam,0.05,2,1318,0.9047619104385376,0.615702748298645,0.8095238208770752,0.6103495955467224
sonar,12,ffnn_0layer,adam,0.05,3,1360,0.8571428656578064,0.614125669002533,0.8095238208770752,0.6119151711463928
sonar,12,ffnn_0layer,adam,0.05,4,1402,0.9047619104385376,0.6159588694572449,0.761904776096344,0.6109491586685181
sonar,12,ffnn_0layer,adam,0.05,5,1444,0.8571428656578064,0.61697918176651,0.761904776096344,0.606933057308197
sonar,12,ffnn_0layer,adam,0.1,1,1276,0.761904776096344,0.6234711408615112,0.8095238208770752,0.6151240468025208
sonar,12,ffnn_0layer,adam,0.1,2,1318,0.9047619104385376,0.6131590008735657,0.8095238208770752,0.6086325645446777
sonar,12,ffnn_0layer,adam,0.1,3,1360,0.9047619104385376,0.6145946979522705,0.8095238208770752,0.6102606654167175
sonar,12,ffnn_0layer,adam,0.1,4,1402,0.8571428656578064,0.6113039255142212,0.8095238208770752,0.6093811392784119
sonar,12,ffnn_0layer,adam,0.1,5,1444,0.8095238208770752,0.6164843440055847,0.8095238208770752,0.6071183085441589
sonar,12,ffnn_0layer,sgd,0.001,1,1276,0.6190476417541504,0.6563215851783752,0.6666666865348816,0.6587308645248413
sonar,12,ffnn_0layer,sgd,0.001,2,1318,0.7142857313156128,0.6407691240310669,0.8095238208770752,0.6375357508659363
sonar,12,ffnn_0layer,sgd,0.001,3,1360,0.6666666865348816,0.6555507183074951,0.8095238208770752,0.6402627825737
sonar,12,ffnn_0layer,sgd,0.001,4,1402,0.6666666865348816,0.6595306396484375,0.8095238208770752,0.6462994813919067
sonar,12,ffnn_0layer,sgd,0.001,5,1444,0.7142857313156128,0.6507927179336548,0.7142857313156128,0.6349358558654785
sonar,12,ffnn_0layer,sgd,0.005,1,1276,0.6190476417541504,0.656204342842102,0.6666666865348816,0.6583622694015503
sonar,12,ffnn_0layer,sgd,0.005,2,1318,0.7142857313156128,0.6398963928222656,0.8095238208770752,0.6369619965553284
sonar,12,ffnn_0layer,sgd,0.005,3,1360,0.6666666865348816,0.6552064418792725,0.8571428656578064,0.6397842168807983
sonar,12,ffnn_0layer,sgd,0.005,4,1402,0.6666666865348816,0.6588423848152161,0.8095238208770752,0.6454781889915466
sonar,12,ffnn_0layer,sgd,0.005,5,1444,0.7142857313156128,0.6509124040603638,0.7142857313156128,0.6348332166671753
sonar,12,ffnn_0layer,sgd,0.01,1,1276,0.6190476417541504,0.6560595035552979,0.6666666865348816,0.657909095287323
sonar,12,ffnn_0layer,sgd,0.01,2,1318,0.7142857313156128,0.6388047337532043,0.8095238208770752,0.6362382769584656
sonar,12,ffnn_0layer,sgd,0.01,3,1360,0.6666666865348816,0.6547618508338928,0.8571428656578064,0.639173686504364
sonar,12,ffnn_0layer,sgd,0.01,4,1402,0.6666666865348816,0.6579594612121582,0.8095238208770752,0.6444355249404907
sonar,12,ffnn_0layer,sgd,0.01,5,1444,0.7142857313156128,0.6510645151138306,0.7142857313156128,0.6347073316574097
sonar,12,ffnn_0layer,sgd,0.05,1,1276,0.6190476417541504,0.6549909114837646,0.7142857313156128,0.6546050310134888
sonar,12,ffnn_0layer,sgd,0.05,2,1318,0.8095238208770752,0.630695641040802,0.8571428656578064,0.6306947469711304
sonar,12,ffnn_0layer,sgd,0.05,3,1360,0.7142857313156128,0.6508756279945374,0.8571428656578064,0.6342766284942627
sonar,12,ffnn_0layer,sgd,0.05,4,1402,0.6666666865348816,0.6507009863853455,0.8095238208770752,0.6363247632980347
sonar,12,ffnn_0layer,sgd,0.05,5,1444,0.7142857313156128,0.652359664440155,0.7142857313156128,0.6338003873825073
sonar,12,ffnn_0layer,sgd,0.1,1,1276,0.6666666865348816,0.6539404988288879,0.761904776096344,0.6512298583984375
sonar,12,ffnn_0layer,sgd,0.1,2,1318,0.8571428656578064,0.623694896697998,0.8095238208770752,0.6255093812942505
sonar,12,ffnn_0layer,sgd,0.1,3,1360,0.7142857313156128,0.6463989615440369,0.8095238208770752,0.6296156644821167
sonar,12,ffnn_0layer,sgd,0.1,4,1402,0.7142857313156128,0.6432443857192993,0.8095238208770752,0.6291585564613342
sonar,12,ffnn_0layer,sgd,0.1,5,1444,0.7142857313156128,0.6540510654449463,0.7142857313156128,0.6328685283660889
sonar,12,sampler,adam,0.001,1,1276,0.7142857313156128,0.6472022533416748,0.7142857313156128,0.6421908140182495
sonar,12,sampler,adam,0.001,2,1318,0.7142857313156128,0.6357086300849915,0.7142857313156128,0.6450589895248413
sonar,12,sampler,adam,0.001,3,1360,0.761904776096344,0.644512951374054,0.7142857313156128,0.6476174592971802
sonar,12,sampler,adam,0.001,4,1402,0.761904776096344,0.640699028968811,0.761904776096344,0.6408306360244751
sonar,12,sampler,adam,0.001,5,1444,0.7142857313156128,0.6459113359451294,0.7142857313156128,0.635925829410553
sonar,12,sampler,adam,0.005,1,1276,0.8571428656578064,0.6205941438674927,0.9047619104385376,0.6113696098327637
sonar,12,sampler,adam,0.005,2,1318,0.9047619104385376,0.6154032349586487,0.9523809552192688,0.6058840751647949
sonar,12,sampler,adam,0.005,3,1360,0.8571428656578064,0.615367591381073,0.9523809552192688,0.6016365885734558
sonar,12,sampler,adam,0.005,4,1402,0.9047619104385376,0.610567033290863,0.9047619104385376,0.5997387170791626
sonar,12,sampler,adam,0.005,5,1444,0.9047619104385376,0.6124593615531921,0.9047619104385376,0.6061604619026184
sonar,12,sampler,adam,0.01,1,1276,0.8571428656578064,0.6145302653312683,0.8095238208770752,0.6062734723091125
sonar,12,sampler,adam,0.01,2,1318,0.8571428656578064,0.614220380783081,0.8095238208770752,0.6077173948287964
sonar,12,sampler,adam,0.01,3,1360,0.9047619104385376,0.6145682334899902,0.8095238208770752,0.6090088486671448
sonar,12,sampler,adam,0.01,4,1402,0.8571428656578064,0.614761233329773,0.761904776096344,0.6082789301872253
sonar,12,sampler,adam,0.01,5,1444,0.8571428656578064,0.6154199242591858,0.8095238208770752,0.6065306663513184
sonar,12,sampler,adam,0.05,1,1276,0.9047619104385376,0.6139592528343201,0.8095238208770752,0.6126534342765808
sonar,12,sampler,adam,0.05,2,1318,0.8095238208770752,0.6137419939041138,0.8095238208770752,0.6098788976669312
sonar,12,sampler,adam,0.05,3,1360,0.8571428656578064,0.6137375831604004,0.8095238208770752,0.6121297478675842
sonar,12,sampler,adam,0.05,4,1402,0.8571428656578064,0.6178187131881714,0.761904776096344,0.6139736771583557
sonar,12,sampler,adam,0.05,5,1444,0.8571428656578064,0.6177442669868469,0.761904776096344,0.6096324920654297
sonar,12,sampler,adam,0.1,1,1276,0.8095238208770752,0.6193499565124512,0.761904776096344,0.6183122992515564
sonar,12,sampler,adam,0.1,2,1318,0.9047619104385376,0.6157013773918152,0.8095238208770752,0.6103507280349731
sonar,12,sampler,adam,0.1,3,1360,0.8571428656578064,0.614126443862915,0.8095238208770752,0.611915111541748
sonar,12,sampler,adam,0.1,4,1402,0.9047619104385376,0.6159589290618896,0.761904776096344,0.6109486818313599
sonar,12,sampler,adam,0.1,5,1444,0.8571428656578064,0.6169795989990234,0.761904776096344,0.6069328784942627
sonar,12,sampler,sgd,0.001,1,1276,0.7142857313156128,0.6419580578804016,0.7142857313156128,0.651631236076355
sonar,12,sampler,sgd,0.001,2,1318,0.761904776096344,0.6346124410629272,0.761904776096344,0.6443508267402649
sonar,12,sampler,sgd,0.001,3,1360,0.761904776096344,0.6446284055709839,0.523809552192688,0.6609565019607544
sonar,12,sampler,sgd,0.001,4,1402,0.6666666865348816,0.6412363052368164,0.6666666865348816,0.651364803314209
sonar,12,sampler,sgd,0.001,5,1444,0.7142857313156128,0.6408812403678894,0.761904776096344,0.6411482691764832
sonar,12,sampler,sgd,0.005,1,1276,0.7142857313156128,0.641951858997345,0.7142857313156128,0.6515223383903503
sonar,12,sampler,sgd,0.005,2,1318,0.761904776096344,0.634602427482605,0.761904776096344,0.6443187594413757
sonar,12,sampler,sgd,0.005,3,1360,0.761904776096344,0.6446236968040466,0.523809552192688,0.6607604026794434
sonar,12,sampler,sgd,0.005,4,1402,0.6666666865348816,0.641211986541748,0.6666666865348816,0.6512473821640015
sonar,12,sampler,sgd,0.005,5,1444,0.7142857313156128,0.6408884525299072,0.761904776096344,0.6410647630691528
sonar,12,sampler,sgd,0.01,1,1276,0.7142857313156128,0.6419451832771301,0.7142857313156128,0.6513872146606445
sonar,12,sampler,sgd,0.01,2,1318,0.761904776096344,0.6345902681350708,0.761904776096344,0.6442790031433105
sonar,12,sampler,sgd,0.01,3,1360,0.761904776096344,0.6446181535720825,0.523809552192688,0.6605161428451538
sonar,12,sampler,sgd,0.01,4,1402,0.6666666865348816,0.6411818265914917,0.6666666865348816,0.6510998010635376
sonar,12,sampler,sgd,0.01,5,1444,0.7142857313156128,0.6408985257148743,0.761904776096344,0.640961766242981
sonar,12,sampler,sgd,0.05,1,1276,0.7142857313156128,0.641936182975769,0.7142857313156128,0.6503362059593201
sonar,12,sampler,sgd,0.05,2,1318,0.761904776096344,0.6345084309577942,0.761904776096344,0.6439743041992188
sonar,12,sampler,sgd,0.05,3,1360,0.7142857313156128,0.6445851922035217,0.523809552192688,0.658598780632019
sonar,12,sampler,sgd,0.05,4,1402,0.7142857313156128,0.6409319639205933,0.6666666865348816,0.649874210357666
sonar,12,sampler,sgd,0.05,5,1444,0.7142857313156128,0.6410220861434937,0.761904776096344,0.6401865482330322
sonar,12,sampler,sgd,0.1,1,1276,0.7142857313156128,0.6420329213142395,0.7142857313156128,0.6490885615348816
sonar,12,sampler,sgd,0.1,2,1318,0.761904776096344,0.6344475746154785,0.7142857313156128,0.6436349153518677
sonar,12,sampler,sgd,0.1,3,1360,0.7142857313156128,0.6445455551147461,0.523809552192688,0.6562984585762024
sonar,12,sampler,sgd,0.1,4,1402,0.7142857313156128,0.6404629349708557,0.6666666865348816,0.6481375694274902
sonar,12,sampler,sgd,0.1,5,1444,0.7142857313156128,0.6412897109985352,0.761904776096344,0.6393227577209473
fico,4,ffnn_0layer,adam,0.001,1,1276,0.629063069820404,0.6807149052619934,0.5994263887405396,0.6833623051643372
fico,4,ffnn_0layer,adam,0.001,2,1318,0.624282956123352,0.680742621421814,0.5994263887405396,0.6833645701408386
fico,4,ffnn_0layer,adam,0.001,3,1360,0.6261950135231018,0.6807191967964172,0.5994263887405396,0.6833600401878357
fico,4,ffnn_0layer,adam,0.001,4,1402,0.6309751272201538,0.6806389689445496,0.5994263887405396,0.6833496689796448
fico,4,ffnn_0layer,adam,0.001,5,1444,0.6281070709228516,0.6806710958480835,0.600382387638092,0.6833492517471313
fico,4,ffnn_0layer,adam,0.005,1,1276,0.6261950135231018,0.6807303428649902,0.5994263887405396,0.6833760738372803
fico,4,ffnn_0layer,adam,0.005,2,1318,0.6233269572257996,0.6808788776397705,0.5975143313407898,0.6833763718605042
fico,4,ffnn_0layer,adam,0.005,3,1360,0.629063069820404,0.6808072328567505,0.5994263887405396,0.683359682559967
fico,4,ffnn_0layer,adam,0.005,4,1402,0.6281070709228516,0.6806484460830688,0.5975143313407898,0.683353066444397
fico,4,ffnn_0layer,adam,0.005,5,1444,0.6309751272201538,0.6806619167327881,0.6013384461402893,0.6833362579345703
fico,4,ffnn_0layer,adam,0.01,1,1276,0.629063069820404,0.6807354092597961,0.5994263887405396,0.6833963394165039
fico,4,ffnn_0layer,adam,0.01,2,1318,0.6185468435287476,0.6809370517730713,0.6022944450378418,0.6833716034889221
fico,4,ffnn_0layer,adam,0.01,3,1360,0.6271510720252991,0.6808465719223022,0.5965583324432373,0.6833574175834656
fico,4,ffnn_0layer,adam,0.01,4,1402,0.629063069820404,0.6806219220161438,0.5965583324432373,0.6833171844482422
fico,4,ffnn_0layer,adam,0.01,5,1444,0.6281070709228516,0.6807064414024353,0.5975143313407898,0.6833678483963013
fico,4,ffnn_0layer,adam,0.05,1,1276,0.6070745587348938,0.6814807057380676,0.6013384461402893,0.6836410164833069
fico,4,ffnn_0layer,adam,0.05,2,1318,0.629063069820404,0.680666983127594,0.59560227394104,0.6834075450897217
fico,4,ffnn_0layer,adam,0.05,3,1360,0.633843183517456,0.6806992292404175,0.5994263887405396,0.683279812335968
fico,4,ffnn_0layer,adam,0.05,4,1402,0.6453154683113098,0.6805829405784607,0.6070745587348938,0.6833935379981995
fico,4,ffnn_0layer,adam,0.05,5,1444,0.6309751272201538,0.681006669998169,0.59560227394104,0.6833838224411011
fico,4,ffnn_0layer,adam,0.1,1,1276,0.6166347861289978,0.6814719438552856,0.6032504439353943,0.6838384866714478
fico,4,ffnn_0layer,adam,0.1,2,1318,0.6204589009284973,0.6824766397476196,0.6070745587348938,0.6841245293617249
fico,4,ffnn_0layer,adam,0.1,3,1360,0.629063069820404,0.6805880665779114,0.5975143313407898,0.6833714842796326
fico,4,ffnn_0layer,adam,0.1,4,1402,0.6271510720252991,0.6825262904167175,0.59560227394104,0.6845062971115112
fico,4,ffnn_0layer,adam,0.1,5,1444,0.629063069820404,0.6808639168739319,0.5984703302383423,0.6834442615509033
fico,4,ffnn_0layer,sgd,0.001,1,1276,0.5707457065582275,0.6863098740577698,0.5564053654670715,0.6890436410903931
fico,4,ffnn_0layer,sgd,0.001,2,1318,0.5487571954727173,0.6878151893615723,0.5602294206619263,0.6895276308059692
fico,4,ffnn_0layer,sgd,0.001,3,1360,0.5516252517700195,0.6902226805686951,0.5554493069648743,0.6909516453742981
fico,4,ffnn_0layer,sgd,0.001,4,1402,0.5487571954727173,0.6886470317840576,0.5200764536857605,0.6906183362007141
fico,4,ffnn_0layer,sgd,0.001,5,1444,0.5630975365638733,0.6861473917961121,0.5497131943702698,0.6890705227851868
fico,4,ffnn_0layer,sgd,0.005,1,1276,0.5707457065582275,0.6861043572425842,0.557361364364624,0.6888947486877441
fico,4,ffnn_0layer,sgd,0.005,2,1318,0.5678776502609253,0.6873318552970886,0.5611854791641235,0.6892191767692566
fico,4,ffnn_0layer,sgd,0.005,3,1360,0.5411089658737183,0.6899258494377136,0.5602294206619263,0.6908044815063477
fico,4,ffnn_0layer,sgd,0.005,4,1402,0.557361364364624,0.6884286999702454,0.514340341091156,0.6904550790786743
fico,4,ffnn_0layer,sgd,0.005,5,1444,0.5736137628555298,0.685829222202301,0.557361364364624,0.6888393759727478
fico,4,ffnn_0layer,sgd,0.01,1,1276,0.5707457065582275,0.6858484148979187,0.5487571954727173,0.6887180805206299
fico,4,ffnn_0layer,sgd,0.01,2,1318,0.5697896480560303,0.6866739392280579,0.5650095343589783,0.6887918710708618
fico,4,ffnn_0layer,sgd,0.01,3,1360,0.54780113697052,0.6895423531532288,0.562141478061676,0.6906445026397705
fico,4,ffnn_0layer,sgd,0.01,4,1402,0.5803059339523315,0.6881694793701172,0.5659655928611755,0.6902688145637512
fico,4,ffnn_0layer,sgd,0.01,5,1444,0.5736137628555298,0.6854189038276672,0.5535373091697693,0.6885491609573364
fico,4,ffnn_0layer,sgd,0.05,1,1276,0.6108986735343933,0.6821061968803406,0.5793498754501343,0.6855593919754028
fico,4,ffnn_0layer,sgd,0.05,2,1318,0.6223709583282471,0.6822383403778076,0.5879541039466858,0.6850323677062988
fico,4,ffnn_0layer,sgd,0.05,3,1360,0.566921591758728,0.6877365708351135,0.562141478061676,0.6900205612182617
fico,4,ffnn_0layer,sgd,0.05,4,1402,0.57170170545578,0.6865639686584473,0.562141478061676,0.6893553137779236
fico,4,ffnn_0layer,sgd,0.05,5,1444,0.6233269572257996,0.6814520955085754,0.5889101028442383,0.6847572326660156
fico,4,ffnn_0layer,sgd,0.1,1,1276,0.6309751272201538,0.6809639930725098,0.5946462750434875,0.6838901042938232
fico,4,ffnn_0layer,sgd,0.1,2,1318,0.6128107309341431,0.6814569234848022,0.5898661613464355,0.6843748092651367
fico,4,ffnn_0layer,sgd,0.1,3,1360,0.5659655928611755,0.6866862773895264,0.5487571954727173,0.6890748739242554
fico,4,ffnn_0layer,sgd,0.1,4,1402,0.6204589009284973,0.6813768148422241,0.5927342176437378,0.684438943862915
fico,4,ffnn_0layer,sgd,0.1,5,1444,0.629063069820404,0.6809356212615967,0.5946462750434875,0.6838659644126892
fico,4,sampler,adam,0.001,1,1276,0.629063069820404,0.6806967258453369,0.5984703302383423,0.6833702921867371
fico,4,sampler,adam,0.001,2,1318,0.6261950135231018,0.6807138919830322,0.5994263887405396,0.6833702325820923
fico,4,sampler,adam,0.001,3,1360,0.6271510720252991,0.6807128190994263,0.600382387638092,0.6833696365356445
fico,4,sampler,adam,0.001,4,1402,0.6309751272201538,0.6806454062461853,0.5984703302383423,0.6833531260490417
fico,4,sampler,adam,0.001,5,1444,0.629063069820404,0.6806744337081909,0.5994263887405396,0.6833615303039551
fico,4,sampler,adam,0.005,1,1276,0.6271510720252991,0.6807364821434021,0.5984703302383423,0.6833656430244446
fico,4,sampler,adam,0.005,2,1318,0.6214148998260498,0.6808118224143982,0.5994263887405396,0.6833704113960266
fico,4,sampler,adam,0.005,3,1360,0.6271510720252991,0.6807653307914734,0.5994263887405396,0.6833581328392029
fico,4,sampler,adam,0.005,4,1402,0.629063069820404,0.6806474924087524,0.5984703302383423,0.6833605170249939
fico,4,sampler,adam,0.005,5,1444,0.6300191283226013,0.6806638240814209,0.6013384461402893,0.6833383440971375
fico,4,sampler,adam,0.01,1,1276,0.6261950135231018,0.6807303428649902,0.5994263887405396,0.6833760738372803
fico,4,sampler,adam,0.01,2,1318,0.6233269572257996,0.6808788776397705,0.5975143313407898,0.6833763718605042
fico,4,sampler,adam,0.01,3,1360,0.629063069820404,0.6808072328567505,0.5994263887405396,0.683359682559967
fico,4,sampler,adam,0.01,4,1402,0.6281070709228516,0.6806484460830688,0.5975143313407898,0.683353066444397
fico,4,sampler,adam,0.01,5,1444,0.6309751272201538,0.6806619167327881,0.6013384461402893,0.6833362579345703
fico,4,sampler,adam,0.05,1,1276,0.6204589009284973,0.6809447407722473,0.5936902165412903,0.6834510564804077
fico,4,sampler,adam,0.05,2,1318,0.6252390146255493,0.6808379888534546,0.5975143313407898,0.6833829283714294
fico,4,sampler,adam,0.05,3,1360,0.6300191283226013,0.6808121204376221,0.5994263887405396,0.6833204627037048
fico,4,sampler,adam,0.05,4,1402,0.6414914131164551,0.680568277835846,0.605162501335144,0.6833015084266663
fico,4,sampler,adam,0.05,5,1444,0.6204589009284973,0.680971622467041,0.590822160243988,0.683529794216156
fico,4,sampler,adam,0.1,1,1276,0.6070745587348938,0.6814805865287781,0.6013384461402893,0.6836410164833069
fico,4,sampler,adam,0.1,2,1318,0.629063069820404,0.680666983127594,0.59560227394104,0.6834074854850769
fico,4,sampler,adam,0.1,3,1360,0.633843183517456,0.6806992292404175,0.5994263887405396,0.683279812335968
fico,4,sampler,adam,0.1,4,1402,0.6453154683113098,0.6805829405784607,0.6070745587348938,0.6833935379981995
fico,4,sampler,adam,0.1,5,1444,0.6309751272201538,0.681006669998169,0.59560227394104,0.6833838224411011
fico,4,sampler,sgd,0.001,1,1276,0.605162501335144,0.6840174794197083,0.5774378776550293,0.687604546546936
fico,4,sampler,sgd,0.001,2,1318,0.609942615032196,0.685782253742218,0.5831739902496338,0.6892275810241699
fico,4,sampler,sgd,0.001,3,1360,0.59560227394104,0.6863240003585815,0.5516252517700195,0.6891952157020569
fico,4,sampler,sgd,0.001,4,1402,0.5774378776550293,0.6874194145202637,0.5487571954727173,0.6898758411407471
fico,4,sampler,sgd,0.001,5,1444,0.5975143313407898,0.6857355833053589,0.5554493069648743,0.688906729221344
fico,4,sampler,sgd,0.005,1,1276,0.605162501335144,0.6837373971939087,0.5736137628555298,0.6873482465744019
fico,4,sampler,sgd,0.005,2,1318,0.614722728729248,0.6854508519172668,0.5898661613464355,0.6889657378196716
fico,4,sampler,sgd,0.005,3,1360,0.59560227394104,0.6861564517021179,0.552581250667572,0.6890907287597656
fico,4,sampler,sgd,0.005,4,1402,0.5783938765525818,0.687323808670044,0.5487571954727173,0.6898190379142761
fico,4,sampler,sgd,0.005,5,1444,0.5994263887405396,0.6855097413063049,0.5554493069648743,0.6887491941452026
fico,4,sampler,sgd,0.01,1,1276,0.6061185598373413,0.6834073662757874,0.576481819152832,0.6870316863059998
fico,4,sampler,sgd,0.01,2,1318,0.6233269572257996,0.6850179433822632,0.5927342176437378,0.6886093616485596
fico,4,sampler,sgd,0.01,3,1360,0.5975143313407898,0.6859338283538818,0.552581250667572,0.6889494061470032
fico,4,sampler,sgd,0.01,4,1402,0.5793498754501343,0.6872039437294006,0.5506691932678223,0.6897502541542053
fico,4,sampler,sgd,0.01,5,1444,0.6022944450378418,0.685214102268219,0.5592734217643738,0.6885369420051575
fico,4,sampler,sgd,0.05,1,1276,0.6204589009284973,0.6818698048591614,0.5822179913520813,0.6852763891220093
fico,4,sampler,sgd,0.05,2,1318,0.6204589009284973,0.6821962594985962,0.59560227394104,0.6857892274856567
fico,4,sampler,sgd,0.05,3,1360,0.6118546724319458,0.6834297776222229,0.5736137628555298,0.6869543790817261
fico,4,sampler,sgd,0.05,4,1402,0.581261932849884,0.6860639452934265,0.5544933080673218,0.6891411542892456
fico,4,sampler,sgd,0.05,5,1444,0.6032504439353943,0.6826697587966919,0.5898661613464355,0.686225414276123
fico,4,sampler,sgd,0.1,1,1276,0.6089866161346436,0.6814150214195251,0.590822160243988,0.6845694780349731
fico,4,sampler,sgd,0.1,2,1318,0.6195028424263,0.6813558340072632,0.5927342176437378,0.6844910383224487
fico,4,sampler,sgd,0.1,3,1360,0.6128107309341431,0.681720495223999,0.5879541039466858,0.6849416494369507
fico,4,sampler,sgd,0.1,4,1402,0.605162501335144,0.6830713748931885,0.5803059339523315,0.6867671608924866
fico,4,sampler,sgd,0.1,5,1444,0.6137667298316956,0.6815673112869263,0.5850860476493835,0.6848017573356628
fico,8,ffnn_0layer,adam,0.001,1,1276,0.7265774607658386,0.6653770804405212,0.7007648348808289,0.666572630405426
fico,8,ffnn_0layer,adam,0.001,2,1318,0.7265774607658386,0.6653701066970825,0.7036328911781311,0.6666409969329834
fico,8,ffnn_0layer,adam,0.001,3,1360,0.7275334596633911,0.6654056906700134,0.7036328911781311,0.6666349172592163
fico,8,ffnn_0layer,adam,0.001,4,1402,0.7246654033660889,0.6652277112007141,0.6998087763786316,0.6665420532226562
fico,8,ffnn_0layer,adam,0.001,5,1444,0.7256214022636414,0.6653394103050232,0.7026768326759338,0.6666391491889954
fico,8,ffnn_0layer,adam,0.005,1,1276,0.7179732322692871,0.6653095483779907,0.6978967189788818,0.6663649678230286
fico,8,ffnn_0layer,adam,0.005,2,1318,0.7237093448638916,0.6654202938079834,0.6988527774810791,0.6664966344833374
fico,8,ffnn_0layer,adam,0.005,3,1360,0.7246654033660889,0.6656007170677185,0.6978967189788818,0.666657567024231
fico,8,ffnn_0layer,adam,0.005,4,1402,0.7170171737670898,0.6651309132575989,0.6969407200813293,0.6662896275520325
fico,8,ffnn_0layer,adam,0.005,5,1444,0.7275334596633911,0.6653987765312195,0.7026768326759338,0.6666937470436096
fico,8,ffnn_0layer,adam,0.01,1,1276,0.7160611748695374,0.6653380990028381,0.6978967189788818,0.6663961410522461
fico,8,ffnn_0layer,adam,0.01,2,1318,0.7198852896690369,0.6653923392295837,0.6998087763786316,0.6664512157440186
fico,8,ffnn_0layer,adam,0.01,3,1360,0.7227533459663391,0.6657066345214844,0.6978967189788818,0.6667454838752747
fico,8,ffnn_0layer,adam,0.01,4,1402,0.7170171737670898,0.6651067137718201,0.6969407200813293,0.6662812232971191
fico,8,ffnn_0layer,adam,0.01,5,1444,0.7275334596633911,0.6654829978942871,0.7055449485778809,0.6668340563774109
fico,8,ffnn_0layer,adam,0.05,1,1276,0.7246654033660889,0.6658309698104858,0.6959847211837769,0.6668164730072021
fico,8,ffnn_0layer,adam,0.05,2,1318,0.7122370600700378,0.6652404069900513,0.6902485489845276,0.6660301089286804
fico,8,ffnn_0layer,adam,0.05,3,1360,0.7275334596633911,0.6655857563018799,0.6978967189788818,0.6669736504554749
fico,8,ffnn_0layer,adam,0.05,4,1402,0.7112810611724854,0.6653823256492615,0.6912046074867249,0.666305661201477
fico,8,ffnn_0layer,adam,0.05,5,1444,0.7217973470687866,0.6655187606811523,0.7026768326759338,0.6665309071540833
fico,8,ffnn_0layer,adam,0.1,1,1276,0.7179732322692871,0.6653032302856445,0.7026768326759338,0.6663610339164734
fico,8,ffnn_0layer,adam,0.1,2,1318,0.7026768326759338,0.6658727526664734,0.6950286626815796,0.6666629910469055
fico,8,ffnn_0layer,adam,0.1,3,1360,0.7275334596633911,0.6656977534294128,0.7084130048751831,0.6677168607711792
fico,8,ffnn_0layer,adam,0.1,4,1402,0.7055449485778809,0.6657582521438599,0.6912046074867249,0.6662275195121765
fico,8,ffnn_0layer,adam,0.1,5,1444,0.7208412885665894,0.6656041741371155,0.6988527774810791,0.6665728688240051
fico,8,ffnn_0layer,sgd,0.001,1,1276,0.59560227394104,0.6861447691917419,0.5535373091697693,0.6886210441589355
fico,8,ffnn_0layer,sgd,0.001,2,1318,0.6367112994194031,0.6838276386260986,0.6080306172370911,0.6862132549285889
fico,8,ffnn_0layer,sgd,0.001,3,1360,0.7198852896690369,0.6720082759857178,0.6902485489845276,0.6740660667419434
fico,8,ffnn_0layer,sgd,0.001,4,1402,0.562141478061676,0.6882174611091614,0.5736137628555298,0.6893982887268066
fico,8,ffnn_0layer,sgd,0.001,5,1444,0.6491395831108093,0.6827654838562012,0.6319311857223511,0.6854024529457092
fico,8,ffnn_0layer,sgd,0.005,1,1276,0.5994263887405396,0.6857502460479736,0.557361364364624,0.6882754564285278
fico,8,ffnn_0layer,sgd,0.005,2,1318,0.7036328911781311,0.6737211346626282,0.6768642663955688,0.6762247085571289
fico,8,ffnn_0layer,sgd,0.005,3,1360,0.7275334596633911,0.6678839921951294,0.6969407200813293,0.6695172786712646
fico,8,ffnn_0layer,sgd,0.005,4,1402,0.5803059339523315,0.686252236366272,0.5831739902496338,0.6878407597541809
fico,8,ffnn_0layer,sgd,0.005,5,1444,0.7112810611724854,0.6732643842697144,0.6902485489845276,0.6760103106498718
fico,8,ffnn_0layer,sgd,0.01,1,1276,0.6089866161346436,0.6850401163101196,0.566921591758728,0.6876312494277954
fico,8,ffnn_0layer,sgd,0.01,2,1318,0.7265774607658386,0.6680634617805481,0.6998087763786316,0.6699268221855164
fico,8,ffnn_0layer,sgd,0.01,3,1360,0.7227533459663391,0.6667719483375549,0.6978967189788818,0.6683610677719116
fico,8,ffnn_0layer,sgd,0.01,4,1402,0.7170171737670898,0.6713965535163879,0.6988527774810791,0.6730270385742188
fico,8,ffnn_0layer,sgd,0.01,5,1444,0.7380496859550476,0.6673170328140259,0.6988527774810791,0.6693360805511475
fico,8,ffnn_0layer,sgd,0.05,1,1276,0.7265774607658386,0.6657100915908813,0.7084130048751831,0.6673244833946228
fico,8,ffnn_0layer,sgd,0.05,2,1318,0.7246654033660889,0.6672883033752441,0.7007648348808289,0.6686903238296509
fico,8,ffnn_0layer,sgd,0.05,3,1360,0.7275334596633911,0.6653715968132019,0.7017208337783813,0.6668720841407776
fico,8,ffnn_0layer,sgd,0.05,4,1402,0.7256214022636414,0.6660336852073669,0.7026768326759338,0.6676656603813171
fico,8,ffnn_0layer,sgd,0.05,5,1444,0.7294455170631409,0.6654144525527954,0.7103250622749329,0.666976809501648
fico,8,ffnn_0layer,sgd,0.1,1,1276,0.7237093448638916,0.665259063243866,0.7122370600700378,0.666771650314331
fico,8,ffnn_0layer,sgd,0.1,2,1318,0.7275334596633911,0.6656386256217957,0.7017208337783813,0.6671456694602966
fico,8,ffnn_0layer,sgd,0.1,3,1360,0.7237093448638916,0.6652539372444153,0.7045888900756836,0.6666995286941528
fico,8,ffnn_0layer,sgd,0.1,4,1402,0.7256214022636414,0.6654272675514221,0.7036328911781311,0.6668308973312378
fico,8,ffnn_0layer,sgd,0.1,5,1444,0.7246654033660889,0.665269136428833,0.7112810611724854,0.6667613983154297
fico,8,sampler,adam,0.001,1,1276,0.7237093448638916,0.6653234958648682,0.7017208337783813,0.6666858792304993
fico,8,sampler,adam,0.001,2,1318,0.7275334596633911,0.6653022170066833,0.7007648348808289,0.6666978001594543
fico,8,sampler,adam,0.001,3,1360,0.7246654033660889,0.6653311848640442,0.6998087763786316,0.6667267084121704
fico,8,sampler,adam,0.001,4,1402,0.7265774607658386,0.6652198433876038,0.7017208337783813,0.6666711568832397
fico,8,sampler,adam,0.001,5,1444,0.7256214022636414,0.665303647518158,0.7026768326759338,0.6666874885559082
fico,8,sampler,adam,0.005,1,1276,0.7198852896690369,0.6653526425361633,0.6988527774810791,0.6664133667945862
fico,8,sampler,adam,0.005,2,1318,0.7246654033660889,0.6654253005981445,0.7017208337783813,0.6665427684783936
fico,8,sampler,adam,0.005,3,1360,0.7256214022636414,0.6654908061027527,0.7017208337783813,0.6666073203086853
fico,8,sampler,adam,0.005,4,1402,0.7198852896690369,0.6651737689971924,0.6978967189788818,0.6663768291473389
fico,8,sampler,adam,0.005,5,1444,0.7284894585609436,0.6653776168823242,0.7036328911781311,0.6666272282600403
fico,8,sampler,adam,0.01,1,1276,0.7179732322692871,0.6653095483779907,0.6978967189788818,0.6663649678230286
fico,8,sampler,adam,0.01,2,1318,0.7237093448638916,0.6654202938079834,0.6988527774810791,0.6664965748786926
fico,8,sampler,adam,0.01,3,1360,0.7246654033660889,0.6656007170677185,0.6978967189788818,0.666657567024231
fico,8,sampler,adam,0.01,4,1402,0.7170171737670898,0.6651309132575989,0.6969407200813293,0.6662896275520325
fico,8,sampler,adam,0.01,5,1444,0.7275334596633911,0.6653987765312195,0.7026768326759338,0.6666937470436096
fico,8,sampler,adam,0.05,1,1276,0.7179732322692871,0.6655290722846985,0.7036328911781311,0.6664932370185852
fico,8,sampler,adam,0.05,2,1318,0.7198852896690369,0.6653532981872559,0.6902485489845276,0.6662192940711975
fico,8,sampler,adam,0.05,3,1360,0.7275334596633911,0.6658531427383423,0.6988527774810791,0.6670103073120117
fico,8,sampler,adam,0.05,4,1402,0.7189292311668396,0.6651095747947693,0.6978967189788818,0.6663338541984558
fico,8,sampler,adam,0.05,5,1444,0.7237093448638916,0.6656255722045898,0.7112810611724854,0.6668964624404907
fico,8,sampler,adam,0.1,1,1276,0.7246654033660889,0.6658309698104858,0.6959847211837769,0.6668164730072021
fico,8,sampler,adam,0.1,2,1318,0.7122370600700378,0.6652403473854065,0.6902485489845276,0.6660301089286804
fico,8,sampler,adam,0.1,3,1360,0.7275334596633911,0.6655857563018799,0.6978967189788818,0.6669736504554749
fico,8,sampler,adam,0.1,4,1402,0.7112810611724854,0.6653823256492615,0.6912046074867249,0.666305661201477
fico,8,sampler,adam,0.1,5,1444,0.7217973470687866,0.6655188202857971,0.7026768326759338,0.6665309071540833
fico,8,sampler,sgd,0.001,1,1276,0.6950286626815796,0.6754260063171387,0.6988527774810791,0.6775597333908081
fico,8,sampler,sgd,0.001,2,1318,0.5879541039466858,0.6873852014541626,0.5516252517700195,0.6895583868026733
fico,8,sampler,sgd,0.001,3,1360,0.7103250622749329,0.6722524762153625,0.6950286626815796,0.6745488047599792
fico,8,sampler,sgd,0.001,4,1402,0.6596558094024658,0.6791712045669556,0.6539196968078613,0.6816815733909607
fico,8,sampler,sgd,0.001,5,1444,0.6692160367965698,0.6841264963150024,0.6462715268135071,0.6864619851112366
fico,8,sampler,sgd,0.005,1,1276,0.7093690037727356,0.6717453598976135,0.7122370600700378,0.6734145283699036
fico,8,sampler,sgd,0.005,2,1318,0.5984703302383423,0.6866729259490967,0.5678776502609253,0.6890119314193726
fico,8,sampler,sgd,0.005,3,1360,0.7227533459663391,0.6699036359786987,0.7093690037727356,0.6718737483024597
fico,8,sampler,sgd,0.005,4,1402,0.6988527774810791,0.6735607385635376,0.6912046074867249,0.6756405830383301
fico,8,sampler,sgd,0.005,5,1444,0.6912046074867249,0.6788626313209534,0.6759082078933716,0.6813700795173645
fico,8,sampler,sgd,0.01,1,1276,0.7065009474754333,0.6700970530509949,0.7074569463729858,0.6714935898780823
fico,8,sampler,sgd,0.01,2,1318,0.6778202652931213,0.6837277412414551,0.6768642663955688,0.6864853501319885
fico,8,sampler,sgd,0.01,3,1360,0.7237093448638916,0.6688113212585449,0.7084130048751831,0.6706302762031555
fico,8,sampler,sgd,0.01,4,1402,0.7265774607658386,0.6702167987823486,0.7055449485778809,0.6717832684516907
fico,8,sampler,sgd,0.01,5,1444,0.7017208337783813,0.6720160841941833,0.6969407200813293,0.6739729642868042
fico,8,sampler,sgd,0.05,1,1276,0.7208412885665894,0.6683964133262634,0.7065009474754333,0.6699983477592468
fico,8,sampler,sgd,0.05,2,1318,0.7361376881599426,0.6676122546195984,0.7007648348808289,0.6697554588317871
fico,8,sampler,sgd,0.05,3,1360,0.7342256307601929,0.6676087975502014,0.6988527774810791,0.6695126295089722
fico,8,sampler,sgd,0.05,4,1402,0.7217973470687866,0.6683683395385742,0.7065009474754333,0.6698427796363831
fico,8,sampler,sgd,0.05,5,1444,0.7275334596633911,0.6681153178215027,0.7074569463729858,0.6697850227355957
fico,8,sampler,sgd,0.1,1,1276,0.7351816296577454,0.6668076515197754,0.7017208337783813,0.6688626408576965
fico,8,sampler,sgd,0.1,2,1318,0.7361376881599426,0.6661767959594727,0.7036328911781311,0.6682302951812744
fico,8,sampler,sgd,0.1,3,1360,0.7256214022636414,0.6672351360321045,0.7074569463729858,0.6688717603683472
fico,8,sampler,sgd,0.1,4,1402,0.7332695722579956,0.6671648621559143,0.7026768326759338,0.669171154499054
fico,8,sampler,sgd,0.1,5,1444,0.7332695722579956,0.6671054363250732,0.6998087763786316,0.6690390110015869
fico,12,ffnn_0layer,adam,0.001,1,1276,0.7256214022636414,0.6616388559341431,0.7045888900756836,0.6625213623046875
fico,12,ffnn_0layer,adam,0.001,2,1318,0.7256214022636414,0.6616008877754211,0.7036328911781311,0.6624905467033386
fico,12,ffnn_0layer,adam,0.001,3,1360,0.7227533459663391,0.6616785526275635,0.7055449485778809,0.6625515818595886
fico,12,ffnn_0layer,adam,0.001,4,1402,0.7284894585609436,0.6615287661552429,0.7074569463729858,0.662490725517273
fico,12,ffnn_0layer,adam,0.001,5,1444,0.7246654033660889,0.6615844964981079,0.7045888900756836,0.6625000834465027
fico,12,ffnn_0layer,adam,0.005,1,1276,0.7275334596633911,0.6617250442504883,0.7065009474754333,0.6625347137451172
fico,12,ffnn_0layer,adam,0.005,2,1318,0.7275334596633911,0.6616166234016418,0.7017208337783813,0.6624767184257507
fico,12,ffnn_0layer,adam,0.005,3,1360,0.7237093448638916,0.6618495583534241,0.7007648348808289,0.6626752614974976
fico,12,ffnn_0layer,adam,0.005,4,1402,0.7256214022636414,0.6614752411842346,0.7036328911781311,0.662415087223053
fico,12,ffnn_0layer,adam,0.005,5,1444,0.7237093448638916,0.6616183519363403,0.7026768326759338,0.6625087857246399
fico,12,ffnn_0layer,adam,0.01,1,1276,0.7284894585609436,0.6618693470954895,0.7055449485778809,0.662616491317749
fico,12,ffnn_0layer,adam,0.01,2,1318,0.7256214022636414,0.6616078019142151,0.6978967189788818,0.6624224185943604
fico,12,ffnn_0layer,adam,0.01,3,1360,0.7237093448638916,0.6619266867637634,0.7007648348808289,0.6627212762832642
fico,12,ffnn_0layer,adam,0.01,4,1402,0.7227533459663391,0.6614870429039001,0.7036328911781311,0.6624012589454651
fico,12,ffnn_0layer,adam,0.01,5,1444,0.7256214022636414,0.6616407632827759,0.7045888900756836,0.6625556349754333
fico,12,ffnn_0layer,adam,0.05,1,1276,0.7304015159606934,0.661730170249939,0.6978967189788818,0.6625398397445679
fico,12,ffnn_0layer,adam,0.05,2,1318,0.7265774607658386,0.6617160439491272,0.6959847211837769,0.6622948050498962
fico,12,ffnn_0layer,adam,0.05,3,1360,0.7313575744628906,0.6613686084747314,0.7017208337783813,0.6624603271484375
fico,12,ffnn_0layer,adam,0.05,4,1402,0.7217973470687866,0.6619186401367188,0.7007648348808289,0.6626686453819275
fico,12,ffnn_0layer,adam,0.05,5,1444,0.7217973470687866,0.6616032719612122,0.7036328911781311,0.6624048948287964
fico,12,ffnn_0layer,adam,0.1,1,1276,0.7265774607658386,0.661514163017273,0.6998087763786316,0.6622990965843201
fico,12,ffnn_0layer,adam,0.1,2,1318,0.7323135733604431,0.661346435546875,0.6969407200813293,0.6623442769050598
fico,12,ffnn_0layer,adam,0.1,3,1360,0.7275334596633911,0.661668598651886,0.7026768326759338,0.6626923680305481
fico,12,ffnn_0layer,adam,0.1,4,1402,0.7198852896690369,0.6621137857437134,0.7007648348808289,0.6628404855728149
fico,12,ffnn_0layer,adam,0.1,5,1444,0.7275334596633911,0.6617527604103088,0.7084130048751831,0.6625139713287354
fico,12,ffnn_0layer,sgd,0.001,1,1276,0.7017208337783813,0.6746982932090759,0.6902485489845276,0.6760870814323425
fico,12,ffnn_0layer,sgd,0.001,2,1318,0.6730401515960693,0.6787165999412537,0.6577437520027161,0.6802249550819397
fico,12,ffnn_0layer,sgd,0.001,3,1360,0.6185468435287476,0.6847972869873047,0.6080306172370911,0.6857835650444031
fico,12,ffnn_0layer,sgd,0.001,4,1402,0.629063069820404,0.683538556098938,0.6252390146255493,0.6839019060134888
fico,12,ffnn_0layer,sgd,0.001,5,1444,0.6252390146255493,0.684436023235321,0.6185468435287476,0.6853222846984863
fico,12,ffnn_0layer,sgd,0.005,1,1276,0.7084130048751831,0.6684756875038147,0.6988527774810791,0.6694017052650452
fico,12,ffnn_0layer,sgd,0.005,2,1318,0.7103250622749329,0.6691738367080688,0.7026768326759338,0.6706417202949524
fico,12,ffnn_0layer,sgd,0.005,3,1360,0.633843183517456,0.6838305592536926,0.614722728729248,0.6849539875984192
fico,12,ffnn_0layer,sgd,0.005,4,1402,0.6319311857223511,0.6826485991477966,0.6300191283226013,0.683049201965332
fico,12,ffnn_0layer,sgd,0.005,5,1444,0.6395793557167053,0.6833161115646362,0.6252390146255493,0.6840527057647705
fico,12,ffnn_0layer,sgd,0.01,1,1276,0.7179732322692871,0.6669304370880127,0.7074569463729858,0.6677420735359192
fico,12,ffnn_0layer,sgd,0.01,2,1318,0.7217973470687866,0.6652417778968811,0.7112810611724854,0.6663694381713867
fico,12,ffnn_0layer,sgd,0.01,3,1360,0.6510516405105591,0.6821365356445312,0.6271510720252991,0.6831774711608887
fico,12,ffnn_0layer,sgd,0.01,4,1402,0.6424474120140076,0.6816544532775879,0.6319311857223511,0.6821487545967102
fico,12,ffnn_0layer,sgd,0.01,5,1444,0.6386232972145081,0.6818783283233643,0.6328871846199036,0.6826016902923584
fico,12,ffnn_0layer,sgd,0.05,1,1276,0.7237093448638916,0.664705216884613,0.7036328911781311,0.665698766708374
fico,12,ffnn_0layer,sgd,0.05,2,1318,0.7246654033660889,0.6624988317489624,0.7112810611724854,0.663588285446167
fico,12,ffnn_0layer,sgd,0.05,3,1360,0.7237093448638916,0.6629794836044312,0.7084130048751831,0.663885235786438
fico,12,ffnn_0layer,sgd,0.05,4,1402,0.7256214022636414,0.6630639433860779,0.7084130048751831,0.6639751195907593
fico,12,ffnn_0layer,sgd,0.05,5,1444,0.7294455170631409,0.6625290513038635,0.7093690037727356,0.6634649634361267
fico,12,ffnn_0layer,sgd,0.1,1,1276,0.7256214022636414,0.6615928411483765,0.7103250622749329,0.6625742316246033
fico,12,ffnn_0layer,sgd,0.1,2,1318,0.7275334596633911,0.6615704894065857,0.7112810611724854,0.662550151348114
fico,12,ffnn_0layer,sgd,0.1,3,1360,0.7284894585609436,0.6616575121879578,0.7065009474754333,0.6626066565513611
fico,12,ffnn_0layer,sgd,0.1,4,1402,0.7284894585609436,0.661512017250061,0.7093690037727356,0.6625583171844482
fico,12,ffnn_0layer,sgd,0.1,5,1444,0.7284894585609436,0.6615628004074097,0.7093690037727356,0.6625472903251648
fico,12,sampler,adam,0.001,1,1276,0.7265774607658386,0.6616053581237793,0.7045888900756836,0.6625241637229919
fico,12,sampler,adam,0.001,2,1318,0.7265774607658386,0.6615759134292603,0.7045888900756836,0.6625006198883057
fico,12,sampler,adam,0.001,3,1360,0.7265774607658386,0.661618709564209,0.7045888900756836,0.6625357866287231
fico,12,sampler,adam,0.001,4,1402,0.7304015159606934,0.6615250706672668,0.7065009474754333,0.6625128388404846
fico,12,sampler,adam,0.001,5,1444,0.7284894585609436,0.6615674495697021,0.7045888900756836,0.662509024143219
fico,12,sampler,adam,0.005,1,1276,0.7275334596633911,0.6616585850715637,0.7036328911781311,0.6625121831893921
fico,12,sampler,adam,0.005,2,1318,0.7256214022636414,0.6616055369377136,0.7045888900756836,0.6624770760536194
fico,12,sampler,adam,0.005,3,1360,0.7227533459663391,0.6617751717567444,0.7026768326759338,0.6626108884811401
fico,12,sampler,adam,0.005,4,1402,0.7275334596633911,0.6615021824836731,0.7065009474754333,0.6624523401260376
fico,12,sampler,adam,0.005,5,1444,0.7237093448638916,0.6615995168685913,0.7036328911781311,0.6624971628189087
fico,12,sampler,adam,0.01,1,1276,0.7275334596633911,0.6617250442504883,0.7065009474754333,0.6625347137451172
fico,12,sampler,adam,0.01,2,1318,0.7275334596633911,0.6616166234016418,0.7017208337783813,0.6624767184257507
fico,12,sampler,adam,0.01,3,1360,0.7237093448638916,0.6618495583534241,0.7007648348808289,0.6626752614974976
fico,12,sampler,adam,0.01,4,1402,0.7256214022636414,0.6614752411842346,0.7036328911781311,0.6624151468276978
fico,12,sampler,adam,0.01,5,1444,0.7237093448638916,0.6616182923316956,0.7026768326759338,0.6625087857246399
fico,12,sampler,adam,0.05,1,1276,0.7275334596633911,0.6619665026664734,0.7036328911781311,0.6626412868499756
fico,12,sampler,adam,0.05,2,1318,0.7256214022636414,0.6615214943885803,0.6969407200813293,0.662237286567688
fico,12,sampler,adam,0.05,3,1360,0.7265774607658386,0.6617090702056885,0.7074569463729858,0.6626771688461304
fico,12,sampler,adam,0.05,4,1402,0.7246654033660889,0.6615460515022278,0.7026768326759338,0.6624342799186707
fico,12,sampler,adam,0.05,5,1444,0.7237093448638916,0.6615627408027649,0.7036328911781311,0.6624859571456909
fico,12,sampler,adam,0.1,1,1276,0.7304015159606934,0.661730170249939,0.6978967189788818,0.6625398397445679
fico,12,sampler,adam,0.1,2,1318,0.7265774607658386,0.6617160439491272,0.6959847211837769,0.6622948050498962
fico,12,sampler,adam,0.1,3,1360,0.7313575744628906,0.6613686084747314,0.7017208337783813,0.6624603271484375
fico,12,sampler,adam,0.1,4,1402,0.7217973470687866,0.6619186401367188,0.7007648348808289,0.6626686453819275
fico,12,sampler,adam,0.1,5,1444,0.7217973470687866,0.6616032719612122,0.7036328911781311,0.6624048948287964
fico,12,sampler,sgd,0.001,1,1276,0.7007648348808289,0.6736555099487305,0.6864244937896729,0.6750218272209167
fico,12,sampler,sgd,0.001,2,1318,0.6749522089958191,0.6819018125534058,0.6261950135231018,0.6836119890213013
fico,12,sampler,sgd,0.001,3,1360,0.7112810611724854,0.6693909764289856,0.6921606063842773,0.6712551712989807
fico,12,sampler,sgd,0.001,4,1402,0.6892925500869751,0.6759227514266968,0.6711280941963196,0.6778793334960938
fico,12,sampler,sgd,0.001,5,1444,0.6816443800926208,0.6814815402030945,0.6596558094024658,0.6827430725097656
fico,12,sampler,sgd,0.005,1,1276,0.7093690037727356,0.6707003116607666,0.6978967189788818,0.6718274354934692
fico,12,sampler,sgd,0.005,2,1318,0.6768642663955688,0.6807090044021606,0.6367112994194031,0.6825524568557739
fico,12,sampler,sgd,0.005,3,1360,0.7179732322692871,0.6677175164222717,0.6959847211837769,0.6694236397743225
fico,12,sampler,sgd,0.005,4,1402,0.7045888900756836,0.6716833710670471,0.6864244937896729,0.673352062702179
fico,12,sampler,sgd,0.005,5,1444,0.6978967189788818,0.6766057014465332,0.6739961504936218,0.6780951619148254
fico,12,sampler,sgd,0.01,1,1276,0.7065009474754333,0.6691954135894775,0.7017208337783813,0.6701673865318298
fico,12,sampler,sgd,0.01,2,1318,0.6912046074867249,0.6776860952377319,0.6548756957054138,0.6798627972602844
fico,12,sampler,sgd,0.01,3,1360,0.7265774607658386,0.6667079925537109,0.6969407200813293,0.6683177947998047
fico,12,sampler,sgd,0.01,4,1402,0.7208412885665894,0.6688042283058167,0.7007648348808289,0.6701486706733704
fico,12,sampler,sgd,0.01,5,1444,0.7055449485778809,0.6710522174835205,0.6959847211837769,0.672351062297821
fico,12,sampler,sgd,0.05,1,1276,0.7198852896690369,0.6667536497116089,0.6959847211837769,0.6679342985153198
fico,12,sampler,sgd,0.05,2,1318,0.7237093448638916,0.6648830771446228,0.6950286626815796,0.6667978167533875
fico,12,sampler,sgd,0.05,3,1360,0.7217973470687866,0.6647020578384399,0.7026768326759338,0.6660003066062927
fico,12,sampler,sgd,0.05,4,1402,0.7265774607658386,0.665881335735321,0.6988527774810791,0.6672731637954712
fico,12,sampler,sgd,0.05,5,1444,0.7265774607658386,0.6665762662887573,0.6998087763786316,0.6678449511528015
fico,12,sampler,sgd,0.1,1,1276,0.7313575744628906,0.6633345484733582,0.7065009474754333,0.6644369959831238
fico,12,sampler,sgd,0.1,2,1318,0.7342256307601929,0.6621718406677246,0.7074569463729858,0.663493812084198
fico,12,sampler,sgd,0.1,3,1360,0.7227533459663391,0.663396954536438,0.7055449485778809,0.6645249724388123
fico,12,sampler,sgd,0.1,4,1402,0.7237093448638916,0.6631944179534912,0.7103250622749329,0.6643365025520325
fico,12,sampler,sgd,0.1,5,1444,0.7256214022636414,0.6638560891151428,0.7084130048751831,0.6649627685546875
drybean,4,ffnn_0layer,adam,0.001,1,1276,0.6578561067581177,1.902727484703064,0.6149889826774597,1.9044886827468872
drybean,4,ffnn_0layer,adam,0.001,2,1318,0.6578561067581177,1.9027284383773804,0.6149889826774597,1.90450119972229
drybean,4,ffnn_0layer,adam,0.001,3,1360,0.6600587368011475,1.9027231931686401,0.6171932220458984,1.904481053352356
drybean,4,ffnn_0layer,adam,0.001,4,1402,0.6571218967437744,1.9027295112609863,0.6149889826774597,1.9045147895812988
drybean,4,ffnn_0layer,adam,0.001,5,1444,0.6585903167724609,1.9027248620986938,0.6171932220458984,1.9044888019561768
drybean,4,ffnn_0layer,adam,0.005,1,1276,0.6607929468154907,1.9027278423309326,0.6164584755897522,1.9044828414916992
drybean,4,ffnn_0layer,adam,0.005,2,1318,0.6505139470100403,1.9027953147888184,0.6098456978797913,1.9046276807785034
drybean,4,ffnn_0layer,adam,0.005,3,1360,0.6585903167724609,1.9027373790740967,0.61204993724823,1.9045238494873047
drybean,4,ffnn_0layer,adam,0.005,4,1402,0.6585903167724609,1.9027317762374878,0.6193975210189819,1.9045231342315674
drybean,4,ffnn_0layer,adam,0.005,5,1444,0.6585903167724609,1.9027302265167236,0.615723729133606,1.9044965505599976
drybean,4,ffnn_0layer,adam,0.01,1,1276,0.664463996887207,1.9027897119522095,0.6186627149581909,1.904538631439209
drybean,4,ffnn_0layer,adam,0.01,2,1318,0.6475771069526672,1.902831792831421,0.6047024130821228,1.9046889543533325
drybean,4,ffnn_0layer,adam,0.01,3,1360,0.6563876271247864,1.902773380279541,0.6069066524505615,1.9045690298080444
drybean,4,ffnn_0layer,adam,0.01,4,1402,0.6593245267868042,1.9027481079101562,0.6201322674751282,1.9045203924179077
drybean,4,ffnn_0layer,adam,0.01,5,1444,0.6585903167724609,1.9027249813079834,0.6171932220458984,1.9044631719589233
drybean,4,ffnn_0layer,adam,0.05,1,1276,0.6556534171104431,1.9030177593231201,0.615723729133606,1.90493905544281
drybean,4,ffnn_0layer,adam,0.05,2,1318,0.6439059972763062,1.9029408693313599,0.6032329201698303,1.9049440622329712
drybean,4,ffnn_0layer,adam,0.05,3,1360,0.6593245267868042,1.9030876159667969,0.6186627149581909,1.9047375917434692
drybean,4,ffnn_0layer,adam,0.05,4,1402,0.5881057381629944,1.906545639038086,0.5613519549369812,1.9070231914520264
drybean,4,ffnn_0layer,adam,0.05,5,1444,0.6541849970817566,1.9031381607055664,0.6142542362213135,1.9047454595565796
drybean,4,ffnn_0layer,adam,0.1,1,1276,0.6541849970817566,1.902761459350586,0.63335782289505,1.9043763875961304
drybean,4,ffnn_0layer,adam,0.1,2,1318,0.5917767882347107,1.9061144590377808,0.5760470032691956,1.906330943107605
drybean,4,ffnn_0layer,adam,0.1,3,1360,0.7283406853675842,1.9025017023086548,0.7178544998168945,1.9031603336334229
drybean,4,ffnn_0layer,adam,0.1,4,1402,0.6233479976654053,1.9046154022216797,0.605437159538269,1.9061739444732666
drybean,4,ffnn_0layer,adam,0.1,5,1444,0.6512481570243835,1.903368353843689,0.6149889826774597,1.9051910638809204
drybean,4,ffnn_0layer,sgd,0.001,1,1276,0.56901615858078,1.9089086055755615,0.5495958924293518,1.9091981649398804
drybean,4,ffnn_0layer,sgd,0.001,2,1318,0.5822319984436035,1.9090793132781982,0.5576781630516052,1.910086989402771
drybean,4,ffnn_0layer,sgd,0.001,3,1360,0.5411159992218018,1.9110254049301147,0.522409975528717,1.91244375705719
drybean,4,ffnn_0layer,sgd,0.001,4,1402,0.4302496314048767,1.9222198724746704,0.43423953652381897,1.9212442636489868
drybean,4,ffnn_0layer,sgd,0.001,5,1444,0.5624082088470459,1.9088715314865112,0.5400440692901611,1.9092638492584229
drybean,4,ffnn_0layer,sgd,0.005,1,1276,0.58370041847229,1.9070888757705688,0.5679647326469421,1.9076032638549805
drybean,4,ffnn_0layer,sgd,0.005,2,1318,0.5895741581916809,1.9072914123535156,0.5628214478492737,1.908278465270996
drybean,4,ffnn_0layer,sgd,0.005,3,1360,0.5499265789985657,1.9096952676773071,0.5238794684410095,1.910767912864685
drybean,4,ffnn_0layer,sgd,0.005,4,1402,0.46989721059799194,1.9160593748092651,0.4717119634151459,1.9154775142669678
drybean,4,ffnn_0layer,sgd,0.005,5,1444,0.5748898386955261,1.9070407152175903,0.5584129095077515,1.9075990915298462
drybean,4,ffnn_0layer,sgd,0.01,1,1276,0.5939794182777405,1.9059728384017944,0.5657604336738586,1.9066050052642822
drybean,4,ffnn_0layer,sgd,0.01,2,1318,0.5888399481773376,1.9065629243850708,0.560617208480835,1.9074369668960571
drybean,4,ffnn_0layer,sgd,0.01,3,1360,0.5506607890129089,1.9091285467147827,0.5297574996948242,1.9099797010421753
drybean,4,ffnn_0layer,sgd,0.01,4,1402,0.4941262900829315,1.913228988647461,0.48714178800582886,1.913019061088562
drybean,4,ffnn_0layer,sgd,0.01,5,1444,0.5895741581916809,1.9059169292449951,0.5650256872177124,1.9065674543380737
drybean,4,ffnn_0layer,sgd,0.05,1,1276,0.5881057381629944,1.9048815965652466,0.5723732709884644,1.9055747985839844
drybean,4,ffnn_0layer,sgd,0.05,2,1318,0.5910425782203674,1.9064884185791016,0.5598824620246887,1.907124638557434
drybean,4,ffnn_0layer,sgd,0.05,3,1360,0.5859030485153198,1.9064607620239258,0.5562086701393127,1.9071409702301025
drybean,4,ffnn_0layer,sgd,0.05,4,1402,0.5881057381629944,1.9063937664031982,0.5613519549369812,1.9071745872497559
drybean,4,ffnn_0layer,sgd,0.05,5,1444,0.5881057381629944,1.904877781867981,0.5723732709884644,1.9055694341659546
drybean,4,ffnn_0layer,sgd,0.1,1,1276,0.6593245267868042,1.9027495384216309,0.6098456978797913,1.904571294784546
drybean,4,ffnn_0layer,sgd,0.1,2,1318,0.5888399481773376,1.906512975692749,0.5613519549369812,1.907104730606079
drybean,4,ffnn_0layer,sgd,0.1,3,1360,0.5895741581916809,1.9065134525299072,0.5613519549369812,1.9071049690246582
drybean,4,ffnn_0layer,sgd,0.1,4,1402,0.5895741581916809,1.9065051078796387,0.5613519549369812,1.9071128368377686
drybean,4,ffnn_0layer,sgd,0.1,5,1444,0.5917767882347107,1.9048256874084473,0.5716384649276733,1.9055272340774536
drybean,4,sampler,adam,0.001,1,1276,0.6585903167724609,1.902727484703064,0.6149889826774597,1.9044976234436035
drybean,4,sampler,adam,0.001,2,1318,0.6585903167724609,1.9027270078659058,0.6149889826774597,1.90450119972229
drybean,4,sampler,adam,0.001,3,1360,0.6593245267868042,1.9027246236801147,0.6164584755897522,1.9044913053512573
drybean,4,sampler,adam,0.001,4,1402,0.6585903167724609,1.9027284383773804,0.6149889826774597,1.9045122861862183
drybean,4,sampler,adam,0.001,5,1444,0.6593245267868042,1.902726650238037,0.6142542362213135,1.9044991731643677
drybean,4,sampler,adam,0.005,1,1276,0.6585903167724609,1.9027296304702759,0.6164584755897522,1.9044820070266724
drybean,4,sampler,adam,0.005,2,1318,0.6571218967437744,1.902746558189392,0.6142542362213135,1.9045419692993164
drybean,4,sampler,adam,0.005,3,1360,0.6585903167724609,1.9027271270751953,0.6142542362213135,1.904492735862732
drybean,4,sampler,adam,0.005,4,1402,0.6549192070960999,1.9027327299118042,0.6149889826774597,1.904531478881836
drybean,4,sampler,adam,0.005,5,1444,0.6585903167724609,1.9027245044708252,0.6171932220458984,1.9044828414916992
drybean,4,sampler,adam,0.01,1,1276,0.6607929468154907,1.9027278423309326,0.6164584755897522,1.9044828414916992
drybean,4,sampler,adam,0.01,2,1318,0.6505139470100403,1.9027953147888184,0.6098456978797913,1.9046276807785034
drybean,4,sampler,adam,0.01,3,1360,0.6585903167724609,1.9027373790740967,0.61204993724823,1.9045238494873047
drybean,4,sampler,adam,0.01,4,1402,0.6585903167724609,1.9027317762374878,0.6193975210189819,1.9045231342315674
drybean,4,sampler,adam,0.01,5,1444,0.6585903167724609,1.9027302265167236,0.615723729133606,1.9044965505599976
drybean,4,sampler,adam,0.05,1,1276,0.5910425782203674,1.9065529108047485,0.5642909407615662,1.9071282148361206
drybean,4,sampler,adam,0.05,2,1318,0.6409691572189331,1.90299654006958,0.5988243818283081,1.9049522876739502
drybean,4,sampler,adam,0.05,3,1360,0.6607929468154907,1.9028548002243042,0.6105804443359375,1.9046024084091187
drybean,4,sampler,adam,0.05,4,1402,0.6446402072906494,1.9029313325881958,0.6010286211967468,1.9048657417297363
drybean,4,sampler,adam,0.05,5,1444,0.6600587368011475,1.902786135673523,0.6186627149581909,1.9044405221939087
drybean,4,sampler,adam,0.1,1,1276,0.6556534171104431,1.9030177593231201,0.615723729133606,1.90493905544281
drybean,4,sampler,adam,0.1,2,1318,0.6439059972763062,1.9029408693313599,0.6032329201698303,1.9049440622329712
drybean,4,sampler,adam,0.1,3,1360,0.6593245267868042,1.9030874967575073,0.6186627149581909,1.9047375917434692
drybean,4,sampler,adam,0.1,4,1402,0.5881057381629944,1.906545639038086,0.5613519549369812,1.9070231914520264
drybean,4,sampler,adam,0.1,5,1444,0.6541849970817566,1.9031381607055664,0.6142542362213135,1.9047454595565796
drybean,4,sampler,sgd,0.001,1,1276,0.5183553695678711,1.9143295288085938,0.5055106282234192,1.9149240255355835
drybean,4,sampler,sgd,0.001,2,1318,0.48458150029182434,1.9144845008850098,0.47905951738357544,1.9141749143600464
drybean,4,sampler,sgd,0.001,3,1360,0.47870779037475586,1.9166579246520996,0.4856722950935364,1.9171890020370483
drybean,4,sampler,sgd,0.001,4,1402,0.4632892608642578,1.9160305261611938,0.4621601700782776,1.9162269830703735
drybean,4,sampler,sgd,0.001,5,1444,0.48972100019454956,1.9130122661590576,0.48493754863739014,1.9132091999053955
drybean,4,sampler,sgd,0.005,1,1276,0.5286343693733215,1.9127094745635986,0.5135929584503174,1.913266897201538
drybean,4,sampler,sgd,0.005,2,1318,0.4867841303348541,1.9139147996902466,0.47905951738357544,1.9137294292449951
drybean,4,sampler,sgd,0.005,3,1360,0.5080763697624207,1.9134790897369385,0.5040411353111267,1.9141690731048584
drybean,4,sampler,sgd,0.005,4,1402,0.4838472902774811,1.9140268564224243,0.4805290102958679,1.9141970872879028
drybean,4,sampler,sgd,0.005,5,1444,0.5007342100143433,1.912385106086731,0.48934605717658997,1.9126250743865967
drybean,4,sampler,sgd,0.01,1,1276,0.5396475791931152,1.911342740058899,0.5268185138702393,1.9118424654006958
drybean,4,sampler,sgd,0.01,2,1318,0.4889867901802063,1.9134211540222168,0.47905951738357544,1.9133516550064087
drybean,4,sampler,sgd,0.01,3,1360,0.5521292090415955,1.9103273153305054,0.5356355309486389,1.9111199378967285
drybean,4,sampler,sgd,0.01,4,1402,0.5205579996109009,1.9114203453063965,0.5135929584503174,1.9117649793624878
drybean,4,sampler,sgd,0.01,5,1444,0.5234948396682739,1.9111441373825073,0.5135929584503174,1.9115020036697388
drybean,4,sampler,sgd,0.05,1,1276,0.5903083682060242,1.9064568281173706,0.5642909407615662,1.907365083694458
drybean,4,sampler,sgd,0.05,2,1318,0.5726872086524963,1.9066094160079956,0.5584129095077515,1.9073153734207153
drybean,4,sampler,sgd,0.05,3,1360,0.5888399481773376,1.9063581228256226,0.5635561943054199,1.90724515914917
drybean,4,sampler,sgd,0.05,4,1402,0.5873715281486511,1.906349539756775,0.5642909407615662,1.9072579145431519
drybean,4,sampler,sgd,0.05,5,1444,0.5888399481773376,1.9063810110092163,0.5635561943054199,1.9072868824005127
drybean,4,sampler,sgd,0.1,1,1276,0.5881057381629944,1.9064332246780396,0.556943416595459,1.9071658849716187
drybean,4,sampler,sgd,0.1,2,1318,0.5895741581916809,1.9049626588821411,0.5701689720153809,1.9056637287139893
drybean,4,sampler,sgd,0.1,3,1360,0.5881057381629944,1.9064407348632812,0.5584129095077515,1.907156229019165
drybean,4,sampler,sgd,0.1,4,1402,0.5881057381629944,1.9064226150512695,0.5584129095077515,1.907163381576538
drybean,4,sampler,sgd,0.1,5,1444,0.5881057381629944,1.9064301252365112,0.556943416595459,1.9071615934371948
drybean,8,ffnn_0layer,adam,0.001,1,1276,0.8311306834220886,1.878365397453308,0.8207200765609741,1.8789855241775513
drybean,8,ffnn_0layer,adam,0.001,2,1318,0.8318648934364319,1.8783613443374634,0.8185157775878906,1.879015326499939
drybean,8,ffnn_0layer,adam,0.001,3,1360,0.8296622633934021,1.8783752918243408,0.8199852705001831,1.8790040016174316
drybean,8,ffnn_0layer,adam,0.001,4,1402,0.8303964734077454,1.8783679008483887,0.8207200765609741,1.8789873123168945
drybean,8,ffnn_0layer,adam,0.001,5,1444,0.8303964734077454,1.8783621788024902,0.8207200765609741,1.8789809942245483
drybean,8,ffnn_0layer,adam,0.005,1,1276,0.8333333134651184,1.8783719539642334,0.8236590623855591,1.8789401054382324
drybean,8,ffnn_0layer,adam,0.005,2,1318,0.8311306834220886,1.8784080743789673,0.8170462846755981,1.8790770769119263
drybean,8,ffnn_0layer,adam,0.005,3,1360,0.8274596333503723,1.87841796875,0.8170462846755981,1.8790775537490845
drybean,8,ffnn_0layer,adam,0.005,4,1402,0.8281938433647156,1.8785048723220825,0.8192505240440369,1.879090428352356
drybean,8,ffnn_0layer,adam,0.005,5,1444,0.8289280533790588,1.8784973621368408,0.8192505240440369,1.8791041374206543
drybean,8,ffnn_0layer,adam,0.01,1,1276,0.8325991034507751,1.8783785104751587,0.8251285552978516,1.8789482116699219
drybean,8,ffnn_0layer,adam,0.01,2,1318,0.8303964734077454,1.8784781694412231,0.8177810311317444,1.8791035413742065
drybean,8,ffnn_0layer,adam,0.01,3,1360,0.823054313659668,1.8784844875335693,0.8177810311317444,1.8791218996047974
drybean,8,ffnn_0layer,adam,0.01,4,1402,0.8281938433647156,1.8784650564193726,0.8177810311317444,1.8790650367736816
drybean,8,ffnn_0layer,adam,0.01,5,1444,0.825991153717041,1.8785532712936401,0.8163115382194519,1.879164218902588
drybean,8,ffnn_0layer,adam,0.05,1,1276,0.8311306834220886,1.8784948587417603,0.8177810311317444,1.8791306018829346
drybean,8,ffnn_0layer,adam,0.05,2,1318,0.8201174736022949,1.8788148164749146,0.8104335069656372,1.8794150352478027
drybean,8,ffnn_0layer,adam,0.05,3,1360,0.8237885236740112,1.8785396814346313,0.8119029998779297,1.879334807395935
drybean,8,ffnn_0layer,adam,0.05,4,1402,0.8311306834220886,1.8781356811523438,0.8288023471832275,1.8774679899215698
drybean,8,ffnn_0layer,adam,0.05,5,1444,0.8399412631988525,1.8781158924102783,0.83027184009552,1.8776254653930664
drybean,8,ffnn_0layer,adam,0.1,1,1276,0.8399412631988525,1.8778151273727417,0.8295370936393738,1.8773401975631714
drybean,8,ffnn_0layer,adam,0.1,2,1318,0.811306893825531,1.8791981935501099,0.7964731454849243,1.879796028137207
drybean,8,ffnn_0layer,adam,0.1,3,1360,0.8296622633934021,1.879452109336853,0.8214548230171204,1.8800108432769775
drybean,8,ffnn_0layer,adam,0.1,4,1402,0.8340675234794617,1.8781105279922485,0.8310065865516663,1.8776429891586304
drybean,8,ffnn_0layer,adam,0.1,5,1444,0.8333333134651184,1.8786780834197998,0.8317413330078125,1.878257393836975
drybean,8,ffnn_0layer,sgd,0.001,1,1276,0.7224669456481934,1.8926278352737427,0.7207935452461243,1.890657663345337
drybean,8,ffnn_0layer,sgd,0.001,2,1318,0.6336269974708557,1.9013863801956177,0.6414400935173035,1.8991904258728027
drybean,8,ffnn_0layer,sgd,0.001,3,1360,0.6093979477882385,1.9012761116027832,0.6238059997558594,1.9000893831253052
drybean,8,ffnn_0layer,sgd,0.001,4,1402,0.7224669456481934,1.8897466659545898,0.7068331837654114,1.8894014358520508
drybean,8,ffnn_0layer,sgd,0.001,5,1444,0.5396475791931152,1.9103494882583618,0.5473915934562683,1.9080969095230103
drybean,8,ffnn_0layer,sgd,0.005,1,1276,0.7430249452590942,1.8857344388961792,0.7479794025421143,1.8847311735153198
drybean,8,ffnn_0layer,sgd,0.005,2,1318,0.6798825263977051,1.8905302286148071,0.7053636908531189,1.8891074657440186
drybean,8,ffnn_0layer,sgd,0.005,3,1360,0.6270191073417664,1.8945090770721436,0.6407053470611572,1.8936729431152344
drybean,8,ffnn_0layer,sgd,0.005,4,1402,0.7635829448699951,1.886695146560669,0.7604702115058899,1.8861654996871948
drybean,8,ffnn_0layer,sgd,0.005,5,1444,0.6512481570243835,1.8994728326797485,0.6627479791641235,1.8971039056777954
drybean,8,ffnn_0layer,sgd,0.01,1,1276,0.7753303647041321,1.8827416896820068,0.7736958265304565,1.8821654319763184
drybean,8,ffnn_0layer,sgd,0.01,2,1318,0.6997063159942627,1.8877850770950317,0.7075679302215576,1.8869692087173462
drybean,8,ffnn_0layer,sgd,0.01,3,1360,0.6512481570243835,1.89095139503479,0.6693607568740845,1.8904337882995605
drybean,8,ffnn_0layer,sgd,0.01,4,1402,0.8054331541061401,1.882642388343811,0.809698760509491,1.8821167945861816
drybean,8,ffnn_0layer,sgd,0.01,5,1444,0.7143905758857727,1.8869318962097168,0.7288758158683777,1.8857656717300415
drybean,8,ffnn_0layer,sgd,0.05,1,1276,0.8201174736022949,1.8793902397155762,0.8177810311317444,1.8788325786590576
drybean,8,ffnn_0layer,sgd,0.05,2,1318,0.7944199442863464,1.8813406229019165,0.7883908748626709,1.8807300329208374
drybean,8,ffnn_0layer,sgd,0.05,3,1360,0.7900146842002869,1.8815892934799194,0.7854518890380859,1.8813416957855225
drybean,8,ffnn_0layer,sgd,0.05,4,1402,0.8252569437026978,1.8812578916549683,0.8119029998779297,1.8807605504989624
drybean,8,ffnn_0layer,sgd,0.05,5,1444,0.8193832635879517,1.8792016506195068,0.8185157775878906,1.8786522150039673
drybean,8,ffnn_0layer,sgd,0.1,1,1276,0.8296622633934021,1.8779720067977905,0.83027184009552,1.8774453401565552
drybean,8,ffnn_0layer,sgd,0.1,2,1318,0.7929515242576599,1.8811370134353638,0.7876561284065247,1.8805850744247437
drybean,8,ffnn_0layer,sgd,0.1,3,1360,0.7885462641716003,1.8814319372177124,0.7861866354942322,1.8811442852020264
drybean,8,ffnn_0layer,sgd,0.1,4,1402,0.808370053768158,1.8800798654556274,0.8038207292556763,1.8794054985046387
drybean,8,ffnn_0layer,sgd,0.1,5,1444,0.8296622633934021,1.8779569864273071,0.8310065865516663,1.8774343729019165
drybean,8,sampler,adam,0.001,1,1276,0.8303964734077454,1.8783663511276245,0.8207200765609741,1.8789907693862915
drybean,8,sampler,adam,0.001,2,1318,0.8311306834220886,1.878355622291565,0.8199852705001831,1.8789937496185303
drybean,8,sampler,adam,0.001,3,1360,0.8296622633934021,1.8783702850341797,0.8199852705001831,1.8789976835250854
drybean,8,sampler,adam,0.001,4,1402,0.8303964734077454,1.878360390663147,0.8207200765609741,1.8789904117584229
drybean,8,sampler,adam,0.001,5,1444,0.8303964734077454,1.8783609867095947,0.8207200765609741,1.878985047340393
drybean,8,sampler,adam,0.005,1,1276,0.8303964734077454,1.8783632516860962,0.8221895694732666,1.8789640665054321
drybean,8,sampler,adam,0.005,2,1318,0.8311306834220886,1.8783894777297974,0.8177810311317444,1.87907075881958
drybean,8,sampler,adam,0.005,3,1360,0.8311306834220886,1.878379464149475,0.8185157775878906,1.8790186643600464
drybean,8,sampler,adam,0.005,4,1402,0.8281938433647156,1.8784236907958984,0.8192505240440369,1.879017949104309
drybean,8,sampler,adam,0.005,5,1444,0.8289280533790588,1.8783921003341675,0.8207200765609741,1.8789989948272705
drybean,8,sampler,adam,0.01,1,1276,0.8333333134651184,1.8783719539642334,0.8236590623855591,1.8789401054382324
drybean,8,sampler,adam,0.01,2,1318,0.8311306834220886,1.8784080743789673,0.8170462846755981,1.8790770769119263
drybean,8,sampler,adam,0.01,3,1360,0.8274596333503723,1.87841796875,0.8170462846755981,1.8790775537490845
drybean,8,sampler,adam,0.01,4,1402,0.8281938433647156,1.8785048723220825,0.8192505240440369,1.879090428352356
drybean,8,sampler,adam,0.01,5,1444,0.8289280533790588,1.8784973621368408,0.8192505240440369,1.8791041374206543
drybean,8,sampler,adam,0.05,1,1276,0.8318648934364319,1.8784661293029785,0.8177810311317444,1.8791489601135254
drybean,8,sampler,adam,0.05,2,1318,0.8296622633934021,1.8786855936050415,0.8177810311317444,1.8792791366577148
drybean,8,sampler,adam,0.05,3,1360,0.8149779438972473,1.8787813186645508,0.8038207292556763,1.87948477268219
drybean,8,sampler,adam,0.05,4,1402,0.8296622633934021,1.87848961353302,0.8163115382194519,1.8791801929473877
drybean,8,sampler,adam,0.05,5,1444,0.8311306834220886,1.8782281875610352,0.8265981078147888,1.8775917291641235
drybean,8,sampler,adam,0.1,1,1276,0.8311306834220886,1.8784948587417603,0.8177810311317444,1.8791306018829346
drybean,8,sampler,adam,0.1,2,1318,0.8201174736022949,1.8788148164749146,0.8104335069656372,1.8794150352478027
drybean,8,sampler,adam,0.1,3,1360,0.8237885236740112,1.8785396814346313,0.8119029998779297,1.879334807395935
drybean,8,sampler,adam,0.1,4,1402,0.8311306834220886,1.8781360387802124,0.8288023471832275,1.8774679899215698
drybean,8,sampler,adam,0.1,5,1444,0.8399412631988525,1.8781158924102783,0.83027184009552,1.8776254653930664
drybean,8,sampler,sgd,0.001,1,1276,0.5594713687896729,1.9002712965011597,0.5613519549369812,1.8986376523971558
drybean,8,sampler,sgd,0.001,2,1318,0.6541849970817566,1.8983575105667114,0.6634827256202698,1.8972089290618896
drybean,8,sampler,sgd,0.001,3,1360,0.673274576663971,1.8921325206756592,0.6789125800132751,1.8908826112747192
drybean,8,sampler,sgd,0.001,4,1402,0.646842896938324,1.8988760709762573,0.6495224237442017,1.8982263803482056
drybean,8,sampler,sgd,0.001,5,1444,0.5455212593078613,1.9040601253509521,0.5510653853416443,1.9022091627120972
drybean,8,sampler,sgd,0.005,1,1276,0.6651982069015503,1.8950926065444946,0.6774430274963379,1.8937232494354248
drybean,8,sampler,sgd,0.005,2,1318,0.6930983662605286,1.8915941715240479,0.6994856595993042,1.8905919790267944
drybean,8,sampler,sgd,0.005,3,1360,0.6725403666496277,1.889711856842041,0.6818515658378601,1.8888331651687622
drybean,8,sampler,sgd,0.005,4,1402,0.6593245267868042,1.8935914039611816,0.670830249786377,1.8929128646850586
drybean,8,sampler,sgd,0.005,5,1444,0.5484581589698792,1.9020445346832275,0.554004430770874,1.9004162549972534
drybean,8,sampler,sgd,0.01,1,1276,0.6629955768585205,1.8908697366714478,0.6818515658378601,1.889922857284546
drybean,8,sampler,sgd,0.01,2,1318,0.7129221558570862,1.8870208263397217,0.722997784614563,1.8861174583435059
drybean,8,sampler,sgd,0.01,3,1360,0.6718061566352844,1.8887804746627808,0.6803820729255676,1.8881441354751587
drybean,8,sampler,sgd,0.01,4,1402,0.6607929468154907,1.8901467323303223,0.6789125800132751,1.8895552158355713
drybean,8,sampler,sgd,0.01,5,1444,0.5484581589698792,1.900291085243225,0.5525348782539368,1.8988491296768188
drybean,8,sampler,sgd,0.05,1,1276,0.6747429966926575,1.887884259223938,0.6811168193817139,1.8871831893920898
drybean,8,sampler,sgd,0.05,2,1318,0.8076358437538147,1.8801003694534302,0.80308598279953,1.8794852495193481
drybean,8,sampler,sgd,0.05,3,1360,0.8157121539115906,1.8799138069152832,0.8126377463340759,1.8798128366470337
drybean,8,sampler,sgd,0.05,4,1402,0.7804698944091797,1.881682276725769,0.7891256213188171,1.8811101913452148
drybean,8,sampler,sgd,0.05,5,1444,0.7936857342720032,1.880745768547058,0.7913299202919006,1.8801782131195068
drybean,8,sampler,sgd,0.1,1,1276,0.8215858936309814,1.879089117050171,0.8207200765609741,1.878535509109497
drybean,8,sampler,sgd,0.1,2,1318,0.8223201036453247,1.8789269924163818,0.8258633017539978,1.878347635269165
drybean,8,sampler,sgd,0.1,3,1360,0.8281938433647156,1.878493309020996,0.8229243159294128,1.8784059286117554
drybean,8,sampler,sgd,0.1,4,1402,0.8223201036453247,1.8788009881973267,0.8214548230171204,1.8782762289047241
drybean,8,sampler,sgd,0.1,5,1444,0.8120411038398743,1.8798632621765137,0.8104335069656372,1.879294991493225
drybean,12,ffnn_0layer,adam,0.001,1,1276,0.8715124726295471,1.8645514249801636,0.8772960901260376,1.8642218112945557
drybean,12,ffnn_0layer,adam,0.001,2,1318,0.8722466826438904,1.8645212650299072,0.8787655830383301,1.8642207384109497
drybean,12,ffnn_0layer,adam,0.001,3,1360,0.8715124726295471,1.8645646572113037,0.8758265972137451,1.864241123199463
drybean,12,ffnn_0layer,adam,0.001,4,1402,0.8722466826438904,1.8645399808883667,0.8772960901260376,1.864220380783081
drybean,12,ffnn_0layer,adam,0.001,5,1444,0.8715124726295471,1.864524006843567,0.8772960901260376,1.864197015762329
drybean,12,ffnn_0layer,adam,0.005,1,1276,0.8722466826438904,1.8645908832550049,0.8780308365821838,1.8642258644104004
drybean,12,ffnn_0layer,adam,0.005,2,1318,0.8715124726295471,1.8645411729812622,0.8765613436698914,1.864255666732788
drybean,12,ffnn_0layer,adam,0.005,3,1360,0.8707782626152039,1.8646717071533203,0.8772960901260376,1.864362359046936
drybean,12,ffnn_0layer,adam,0.005,4,1402,0.8715124726295471,1.8646599054336548,0.8772960901260376,1.864344835281372
drybean,12,ffnn_0layer,adam,0.005,5,1444,0.8693098425865173,1.864588737487793,0.8787655830383301,1.8642815351486206
drybean,12,ffnn_0layer,adam,0.01,1,1276,0.8722466826438904,1.8646193742752075,0.8787655830383301,1.864278793334961
drybean,12,ffnn_0layer,adam,0.01,2,1318,0.8715124726295471,1.8646050691604614,0.8765613436698914,1.8642830848693848
drybean,12,ffnn_0layer,adam,0.01,3,1360,0.8707782626152039,1.8647713661193848,0.8743571043014526,1.8644689321517944
drybean,12,ffnn_0layer,adam,0.01,4,1402,0.8715124726295471,1.864614725112915,0.8750918507575989,1.8642840385437012
drybean,12,ffnn_0layer,adam,0.01,5,1444,0.8678414225578308,1.8646403551101685,0.8780308365821838,1.8643484115600586
drybean,12,ffnn_0layer,adam,0.05,1,1276,0.8722466826438904,1.86459481716156,0.8765613436698914,1.8643126487731934
drybean,12,ffnn_0layer,adam,0.05,2,1318,0.8751835227012634,1.8647937774658203,0.8780308365821838,1.8645166158676147
drybean,12,ffnn_0layer,adam,0.05,3,1360,0.87665194272995,1.865065336227417,0.8802351355552673,1.8647936582565308
drybean,12,ffnn_0layer,adam,0.05,4,1402,0.8722466826438904,1.8646656274795532,0.8809698820114136,1.8643192052841187
drybean,12,ffnn_0layer,adam,0.05,5,1444,0.8715124726295471,1.8648710250854492,0.8780308365821838,1.8646128177642822
drybean,12,ffnn_0layer,adam,0.1,1,1276,0.8744493126869202,1.864851713180542,0.8765613436698914,1.864626407623291
drybean,12,ffnn_0layer,adam,0.1,2,1318,0.8707782626152039,1.8648866415023804,0.8780308365821838,1.8645213842391968
drybean,12,ffnn_0layer,adam,0.1,3,1360,0.8737151026725769,1.865437626838684,0.8802351355552673,1.8650364875793457
drybean,12,ffnn_0layer,adam,0.1,4,1402,0.8744493126869202,1.8651357889175415,0.8817046284675598,1.8646949529647827
drybean,12,ffnn_0layer,adam,0.1,5,1444,0.8744493126869202,1.8654046058654785,0.8809698820114136,1.8650773763656616
drybean,12,ffnn_0layer,sgd,0.001,1,1276,0.718795895576477,1.8844702243804932,0.7185892462730408,1.8836394548416138
drybean,12,ffnn_0layer,sgd,0.001,2,1318,0.7973568439483643,1.883536696434021,0.7979426980018616,1.883177399635315
drybean,12,ffnn_0layer,sgd,0.001,3,1360,0.7518355250358582,1.8866134881973267,0.7560617327690125,1.884837031364441
drybean,12,ffnn_0layer,sgd,0.001,4,1402,0.7973568439483643,1.8781797885894775,0.7861866354942322,1.8771090507507324
drybean,12,ffnn_0layer,sgd,0.001,5,1444,0.7070484757423401,1.8925265073776245,0.7215282917022705,1.889687418937683
drybean,12,ffnn_0layer,sgd,0.005,1,1276,0.7511013150215149,1.8807778358459473,0.7523879408836365,1.8801695108413696
drybean,12,ffnn_0layer,sgd,0.005,2,1318,0.8296622633934021,1.876348853111267,0.8229243159294128,1.8761463165283203
drybean,12,ffnn_0layer,sgd,0.005,3,1360,0.8127753138542175,1.8777951002120972,0.8089640140533447,1.8765000104904175
drybean,12,ffnn_0layer,sgd,0.005,4,1402,0.838472843170166,1.8724147081375122,0.8317413330078125,1.8718481063842773
drybean,12,ffnn_0layer,sgd,0.005,5,1444,0.8193832635879517,1.8814340829849243,0.7942689061164856,1.8791735172271729
drybean,12,ffnn_0layer,sgd,0.01,1,1276,0.7716593146324158,1.877700924873352,0.7854518890380859,1.8771066665649414
drybean,12,ffnn_0layer,sgd,0.01,2,1318,0.838472843170166,1.8734771013259888,0.8280676007270813,1.8734444379806519
drybean,12,ffnn_0layer,sgd,0.01,3,1360,0.8325991034507751,1.874072551727295,0.8251285552978516,1.8731893301010132
drybean,12,ffnn_0layer,sgd,0.01,4,1402,0.850220263004303,1.869919776916504,0.8420279026031494,1.86969792842865
drybean,12,ffnn_0layer,sgd,0.01,5,1444,0.8076358437538147,1.875810980796814,0.8038207292556763,1.8745688199996948
drybean,12,ffnn_0layer,sgd,0.05,1,1276,0.838472843170166,1.8709948062896729,0.8420279026031494,1.870473027229309
drybean,12,ffnn_0layer,sgd,0.05,2,1318,0.8634361028671265,1.8675633668899536,0.8589272499084473,1.867256760597229
drybean,12,ffnn_0layer,sgd,0.05,3,1360,0.8590308427810669,1.867270827293396,0.8618662357330322,1.8668104410171509
drybean,12,ffnn_0layer,sgd,0.05,4,1402,0.8715124726295471,1.8657184839248657,0.8750918507575989,1.8654688596725464
drybean,12,ffnn_0layer,sgd,0.05,5,1444,0.8516886830329895,1.868569016456604,0.8398236632347107,1.8682070970535278
drybean,12,ffnn_0layer,sgd,0.1,1,1276,0.8685756325721741,1.8656660318374634,0.8750918507575989,1.8652762174606323
drybean,12,ffnn_0layer,sgd,0.1,2,1318,0.8685756325721741,1.8656535148620605,0.8714180588722229,1.8653197288513184
drybean,12,ffnn_0layer,sgd,0.1,3,1360,0.8604992628097534,1.8666889667510986,0.8603967428207397,1.8663865327835083
drybean,12,ffnn_0layer,sgd,0.1,4,1402,0.8737151026725769,1.8650521039962769,0.8780308365821838,1.8647592067718506
drybean,12,ffnn_0layer,sgd,0.1,5,1444,0.8722466826438904,1.8652876615524292,0.8736222982406616,1.864980936050415
drybean,12,sampler,adam,0.001,1,1276,0.8715124726295471,1.8645408153533936,0.8772960901260376,1.8642152547836304
drybean,12,sampler,adam,0.001,2,1318,0.8722466826438904,1.864524006843567,0.8780308365821838,1.8642072677612305
drybean,12,sampler,adam,0.001,3,1360,0.8715124726295471,1.8645468950271606,0.8765613436698914,1.8642240762710571
drybean,12,sampler,adam,0.001,4,1402,0.8722466826438904,1.864531397819519,0.8780308365821838,1.8642120361328125
drybean,12,sampler,adam,0.001,5,1444,0.8707782626152039,1.8645225763320923,0.8772960901260376,1.8641960620880127
drybean,12,sampler,adam,0.005,1,1276,0.8715124726295471,1.8645641803741455,0.8780308365821838,1.8642183542251587
drybean,12,sampler,adam,0.005,2,1318,0.8722466826438904,1.864527940750122,0.8772960901260376,1.8642545938491821
drybean,12,sampler,adam,0.005,3,1360,0.8707782626152039,1.8646034002304077,0.8765613436698914,1.8642786741256714
drybean,12,sampler,adam,0.005,4,1402,0.8715124726295471,1.864595651626587,0.8758265972137451,1.8642812967300415
drybean,12,sampler,adam,0.005,5,1444,0.8700440526008606,1.864534616470337,0.8787655830383301,1.8642072677612305
drybean,12,sampler,adam,0.01,1,1276,0.8722466826438904,1.8645908832550049,0.8780308365821838,1.8642258644104004
drybean,12,sampler,adam,0.01,2,1318,0.8715124726295471,1.8645411729812622,0.8765613436698914,1.864255666732788
drybean,12,sampler,adam,0.01,3,1360,0.8707782626152039,1.8646717071533203,0.8772960901260376,1.864362359046936
drybean,12,sampler,adam,0.01,4,1402,0.8715124726295471,1.8646599054336548,0.8772960901260376,1.864344835281372
drybean,12,sampler,adam,0.01,5,1444,0.8693098425865173,1.864588737487793,0.8787655830383301,1.8642815351486206
drybean,12,sampler,adam,0.05,1,1276,0.8722466826438904,1.8646628856658936,0.8765613436698914,1.8643739223480225
drybean,12,sampler,adam,0.05,2,1318,0.8744493126869202,1.8647425174713135,0.8772960901260376,1.864418864250183
drybean,12,sampler,adam,0.05,3,1360,0.8737151026725769,1.8649343252182007,0.8736222982406616,1.8646804094314575
drybean,12,sampler,adam,0.05,4,1402,0.8722466826438904,1.8645869493484497,0.8772960901260376,1.8642808198928833
drybean,12,sampler,adam,0.05,5,1444,0.8693098425865173,1.8647674322128296,0.8787655830383301,1.8644452095031738
drybean,12,sampler,adam,0.1,1,1276,0.8722466826438904,1.86459481716156,0.8765613436698914,1.8643122911453247
drybean,12,sampler,adam,0.1,2,1318,0.8751835227012634,1.8647937774658203,0.8780308365821838,1.8645166158676147
drybean,12,sampler,adam,0.1,3,1360,0.87665194272995,1.865065336227417,0.8802351355552673,1.8647936582565308
drybean,12,sampler,adam,0.1,4,1402,0.8722466826438904,1.8646656274795532,0.8809698820114136,1.8643192052841187
drybean,12,sampler,adam,0.1,5,1444,0.8715124726295471,1.8648709058761597,0.8780308365821838,1.8646128177642822
drybean,12,sampler,sgd,0.001,1,1276,0.6013215780258179,1.8959943056106567,0.6105804443359375,1.8940775394439697
drybean,12,sampler,sgd,0.001,2,1318,0.6953009963035583,1.8943439722061157,0.6994856595993042,1.8931187391281128
drybean,12,sampler,sgd,0.001,3,1360,0.6960352063179016,1.88804292678833,0.6936076283454895,1.8865840435028076
drybean,12,sampler,sgd,0.001,4,1402,0.6417033672332764,1.8957182168960571,0.6480528712272644,1.8949633836746216
drybean,12,sampler,sgd,0.001,5,1444,0.5469897389411926,1.9001731872558594,0.5562086701393127,1.898008942604065
drybean,12,sampler,sgd,0.005,1,1276,0.6718061566352844,1.8915356397628784,0.6774430274963379,1.889906406402588
drybean,12,sampler,sgd,0.005,2,1318,0.7371512651443481,1.887701392173767,0.7413666248321533,1.8866608142852783
drybean,12,sampler,sgd,0.005,3,1360,0.7026431560516357,1.8852815628051758,0.7178544998168945,1.8841924667358398
drybean,12,sampler,sgd,0.005,4,1402,0.6637297868728638,1.8909213542938232,0.6759735345840454,1.890127182006836
drybean,12,sampler,sgd,0.005,5,1444,0.5506607890129089,1.898523211479187,0.5591476559638977,1.896561861038208
drybean,12,sampler,sgd,0.01,1,1276,0.6747429966926575,1.8875834941864014,0.6855253577232361,1.8863719701766968
drybean,12,sampler,sgd,0.01,2,1318,0.7503671050071716,1.8826712369918823,0.7656134963035583,1.8817310333251953
drybean,12,sampler,sgd,0.01,3,1360,0.7224669456481934,1.8835065364837646,0.7362233400344849,1.8826998472213745
drybean,12,sampler,sgd,0.01,4,1402,0.6718061566352844,1.8875091075897217,0.6943423748016357,1.8867532014846802
drybean,12,sampler,sgd,0.01,5,1444,0.5624082088470459,1.8968405723571777,0.5709037184715271,1.8950707912445068
drybean,12,sampler,sgd,0.05,1,1276,0.7753303647041321,1.8786869049072266,0.7825128436088562,1.8781124353408813
drybean,12,sampler,sgd,0.05,2,1318,0.8193832635879517,1.8733656406402588,0.8207200765609741,1.8727959394454956
drybean,12,sampler,sgd,0.05,3,1360,0.8281938433647156,1.8718414306640625,0.8324761390686035,1.8715384006500244
drybean,12,sampler,sgd,0.05,4,1402,0.8010278940200806,1.876757025718689,0.8119029998779297,1.875994324684143
drybean,12,sampler,sgd,0.05,5,1444,0.8135095238685608,1.8759512901306152,0.8148420453071594,1.875245451927185
drybean,12,sampler,sgd,0.1,1,1276,0.8362701535224915,1.8712915182113647,0.8390889167785645,1.8705692291259766
drybean,12,sampler,sgd,0.1,2,1318,0.8604992628097534,1.8668078184127808,0.8670095205307007,1.8663725852966309
drybean,12,sampler,sgd,0.1,3,1360,0.8458149433135986,1.8692997694015503,0.8530492186546326,1.8688709735870361
drybean,12,sampler,sgd,0.1,4,1402,0.8399412631988525,1.8699015378952026,0.8457016944885254,1.8692668676376343
drybean,12,sampler,sgd,0.1,5,1444,0.8311306834220886,1.8719125986099243,0.8354151248931885,1.8712096214294434
avila,4,ffnn_0layer,adam,0.001,1,1276,0.4106543958187103,2.4707162380218506,0.4185043275356293,2.4706435203552246
avila,4,ffnn_0layer,adam,0.001,2,1318,0.4106543958187103,2.4707157611846924,0.4185043275356293,2.4706435203552246
avila,4,ffnn_0layer,adam,0.001,3,1360,0.4106543958187103,2.470715045928955,0.4185043275356293,2.470642566680908
avila,4,ffnn_0layer,adam,0.001,4,1402,0.4106543958187103,2.4707181453704834,0.4185043275356293,2.4706454277038574
avila,4,ffnn_0layer,adam,0.001,5,1444,0.4106543958187103,2.4707117080688477,0.4185043275356293,2.470640182495117
avila,4,ffnn_0layer,adam,0.005,1,1276,0.4106543958187103,2.4707183837890625,0.4185043275356293,2.4706451892852783
avila,4,ffnn_0layer,adam,0.005,2,1318,0.4106543958187103,2.470710515975952,0.4185043275356293,2.4706389904022217
avila,4,ffnn_0layer,adam,0.005,3,1360,0.4106543958187103,2.4707095623016357,0.4185043275356293,2.470637798309326
avila,4,ffnn_0layer,adam,0.005,4,1402,0.4106543958187103,2.470717430114746,0.4185043275356293,2.470644474029541
avila,4,ffnn_0layer,adam,0.005,5,1444,0.4106543958187103,2.4707140922546387,0.4185043275356293,2.4706413745880127
avila,4,ffnn_0layer,adam,0.01,1,1276,0.4106543958187103,2.4707233905792236,0.4185043275356293,2.4706497192382812
avila,4,ffnn_0layer,adam,0.01,2,1318,0.4106543958187103,2.4707086086273193,0.4185043275356293,2.4706363677978516
avila,4,ffnn_0layer,adam,0.01,3,1360,0.4106543958187103,2.470712423324585,0.4185043275356293,2.470640182495117
avila,4,ffnn_0layer,adam,0.01,4,1402,0.4106543958187103,2.4707231521606445,0.4185043275356293,2.470649242401123
avila,4,ffnn_0layer,adam,0.01,5,1444,0.4106543958187103,2.4707186222076416,0.4185043275356293,2.4706459045410156
avila,4,ffnn_0layer,adam,0.05,1,1276,0.4106543958187103,2.470737934112549,0.4185043275356293,2.470662832260132
avila,4,ffnn_0layer,adam,0.05,2,1318,0.4106543958187103,2.470767021179199,0.4185043275356293,2.4706881046295166
avila,4,ffnn_0layer,adam,0.05,3,1360,0.4106543958187103,2.4707324504852295,0.4185043275356293,2.470658779144287
avila,4,ffnn_0layer,adam,0.05,4,1402,0.4106543958187103,2.4707858562469482,0.4185043275356293,2.470698118209839
avila,4,ffnn_0layer,adam,0.05,5,1444,0.4106543958187103,2.4707093238830566,0.4185043275356293,2.470637798309326
avila,4,ffnn_0layer,adam,0.1,1,1276,0.4106543958187103,2.4707155227661133,0.4185043275356293,2.4706430435180664
avila,4,ffnn_0layer,adam,0.1,2,1318,0.4106543958187103,2.4707322120666504,0.4185043275356293,2.4706573486328125
avila,4,ffnn_0layer,adam,0.1,3,1360,0.4106543958187103,2.4708142280578613,0.4185043275356293,2.470726251602173
avila,4,ffnn_0layer,adam,0.1,4,1402,0.4106543958187103,2.4708356857299805,0.4185043275356293,2.4707419872283936
avila,4,ffnn_0layer,adam,0.1,5,1444,0.4106543958187103,2.4706966876983643,0.4185043275356293,2.470623731613159
avila,4,ffnn_0layer,sgd,0.001,1,1276,0.4106543958187103,2.4707627296447754,0.4185043275356293,2.4706614017486572
avila,4,ffnn_0layer,sgd,0.001,2,1318,0.4106543958187103,2.4707305431365967,0.4185043275356293,2.470646858215332
avila,4,ffnn_0layer,sgd,0.001,3,1360,0.4106543958187103,2.471013069152832,0.4185043275356293,2.4708187580108643
avila,4,ffnn_0layer,sgd,0.001,4,1402,0.4106543958187103,2.470945358276367,0.4185043275356293,2.4708409309387207
avila,4,ffnn_0layer,sgd,0.001,5,1444,0.4106543958187103,2.4707393646240234,0.4185043275356293,2.4706385135650635
avila,4,ffnn_0layer,sgd,0.005,1,1276,0.4106543958187103,2.470759153366089,0.4185043275356293,2.4706599712371826
avila,4,ffnn_0layer,sgd,0.005,2,1318,0.4106543958187103,2.470728635787964,0.4185043275356293,2.470646619796753
avila,4,ffnn_0layer,sgd,0.005,3,1360,0.4106543958187103,2.4710135459899902,0.4185043275356293,2.4708192348480225
avila,4,ffnn_0layer,sgd,0.005,4,1402,0.4106543958187103,2.4709420204162598,0.4185043275356293,2.4708380699157715
avila,4,ffnn_0layer,sgd,0.005,5,1444,0.4106543958187103,2.4707388877868652,0.4185043275356293,2.4706387519836426
avila,4,ffnn_0layer,sgd,0.01,1,1276,0.4106543958187103,2.470754861831665,0.4185043275356293,2.4706578254699707
avila,4,ffnn_0layer,sgd,0.01,2,1318,0.4106543958187103,2.4707276821136475,0.4185043275356293,2.470646858215332
avila,4,ffnn_0layer,sgd,0.01,3,1360,0.4106543958187103,2.4710137844085693,0.4185043275356293,2.470820426940918
avila,4,ffnn_0layer,sgd,0.01,4,1402,0.4106543958187103,2.4709372520446777,0.4185043275356293,2.4708340167999268
avila,4,ffnn_0layer,sgd,0.01,5,1444,0.4106543958187103,2.4707369804382324,0.4185043275356293,2.4706387519836426
avila,4,ffnn_0layer,sgd,0.05,1,1276,0.4106543958187103,2.470730781555176,0.4185043275356293,2.4706504344940186
avila,4,ffnn_0layer,sgd,0.05,2,1318,0.4106543958187103,2.47072696685791,0.4185043275356293,2.470653533935547
avila,4,ffnn_0layer,sgd,0.05,3,1360,0.4106543958187103,2.4710123538970947,0.4185043275356293,2.4708261489868164
avila,4,ffnn_0layer,sgd,0.05,4,1402,0.4106543958187103,2.47088360786438,0.4185043275356293,2.470790386199951
avila,4,ffnn_0layer,sgd,0.05,5,1444,0.4106543958187103,2.4707236289978027,0.4185043275356293,2.470640182495117
avila,4,ffnn_0layer,sgd,0.1,1,1276,0.4106543958187103,2.470729351043701,0.4185043275356293,2.4706571102142334
avila,4,ffnn_0layer,sgd,0.1,2,1318,0.4106543958187103,2.4707367420196533,0.4185043275356293,2.4706647396087646
avila,4,ffnn_0layer,sgd,0.1,3,1360,0.4106543958187103,2.4710044860839844,0.4185043275356293,2.470832586288452
avila,4,ffnn_0layer,sgd,0.1,4,1402,0.4106543958187103,2.470815420150757,0.4185043275356293,2.470733642578125
avila,4,ffnn_0layer,sgd,0.1,5,1444,0.4106543958187103,2.4707226753234863,0.4185043275356293,2.4706499576568604
avila,4,sampler,adam,0.001,1,1276,0.4106543958187103,2.4707343578338623,0.4185043275356293,2.4706597328186035
avila,4,sampler,adam,0.001,2,1318,0.4106543958187103,2.4707326889038086,0.4185043275356293,2.470658540725708
avila,4,sampler,adam,0.001,3,1360,0.4106543958187103,2.4707367420196533,0.4185043275356293,2.4706621170043945
avila,4,sampler,adam,0.001,4,1402,0.4106543958187103,2.470741033554077,0.4185043275356293,2.4706668853759766
avila,4,sampler,adam,0.001,5,1444,0.4106543958187103,2.4707322120666504,0.4185043275356293,2.4706578254699707
avila,4,sampler,adam,0.005,1,1276,0.4106543958187103,2.4707155227661133,0.4185043275356293,2.470642566680908
avila,4,sampler,adam,0.005,2,1318,0.4106543958187103,2.470712900161743,0.4185043275356293,2.4706408977508545
avila,4,sampler,adam,0.005,3,1360,0.4106543958187103,2.4707117080688477,0.4185043275356293,2.470639705657959
avila,4,sampler,adam,0.005,4,1402,0.4106543958187103,2.4707162380218506,0.4185043275356293,2.4706435203552246
avila,4,sampler,adam,0.005,5,1444,0.4106543958187103,2.4707107543945312,0.4185043275356293,2.4706387519836426
avila,4,sampler,adam,0.01,1,1276,0.4106543958187103,2.4707183837890625,0.4185043275356293,2.4706451892852783
avila,4,sampler,adam,0.01,2,1318,0.4106543958187103,2.470710515975952,0.4185043275356293,2.4706389904022217
avila,4,sampler,adam,0.01,3,1360,0.4106543958187103,2.4707095623016357,0.4185043275356293,2.470637798309326
avila,4,sampler,adam,0.01,4,1402,0.4106543958187103,2.470717430114746,0.4185043275356293,2.470644474029541
avila,4,sampler,adam,0.01,5,1444,0.4106543958187103,2.4707140922546387,0.4185043275356293,2.4706413745880127
avila,4,sampler,adam,0.05,1,1276,0.4106543958187103,2.470735788345337,0.4185043275356293,2.470659017562866
avila,4,sampler,adam,0.05,2,1318,0.4106543958187103,2.4707210063934326,0.4185043275356293,2.4706473350524902
avila,4,sampler,adam,0.05,3,1360,0.4106543958187103,2.470726490020752,0.4185043275356293,2.4706523418426514
avila,4,sampler,adam,0.05,4,1402,0.4106543958187103,2.4707295894622803,0.4185043275356293,2.4706554412841797
avila,4,sampler,adam,0.05,5,1444,0.4106543958187103,2.4707179069519043,0.4185043275356293,2.470644950866699
avila,4,sampler,adam,0.1,1,1276,0.4106543958187103,2.470737934112549,0.4185043275356293,2.470662832260132
avila,4,sampler,adam,0.1,2,1318,0.4106543958187103,2.470767021179199,0.4185043275356293,2.4706881046295166
avila,4,sampler,adam,0.1,3,1360,0.4106543958187103,2.4707324504852295,0.4185043275356293,2.470658779144287
avila,4,sampler,adam,0.1,4,1402,0.4106543958187103,2.4707858562469482,0.4185043275356293,2.470698118209839
avila,4,sampler,adam,0.1,5,1444,0.4106543958187103,2.4707095623016357,0.4185043275356293,2.470637798309326
avila,4,sampler,sgd,0.001,1,1276,0.4106543958187103,2.4708988666534424,0.4185043275356293,2.470747232437134
avila,4,sampler,sgd,0.001,2,1318,0.4106543958187103,2.4708187580108643,0.4185043275356293,2.470717430114746
avila,4,sampler,sgd,0.001,3,1360,0.4106543958187103,2.4707694053649902,0.4185043275356293,2.470637798309326
avila,4,sampler,sgd,0.001,4,1402,0.4106543958187103,2.4708006381988525,0.4185043275356293,2.470669746398926
avila,4,sampler,sgd,0.001,5,1444,0.4106543958187103,2.4707961082458496,0.4185043275356293,2.4706835746765137
avila,4,sampler,sgd,0.005,1,1276,0.4106543958187103,2.470897674560547,0.4185043275356293,2.470745801925659
avila,4,sampler,sgd,0.005,2,1318,0.4106543958187103,2.470817804336548,0.4185043275356293,2.4707162380218506
avila,4,sampler,sgd,0.005,3,1360,0.4106543958187103,2.4707696437835693,0.4185043275356293,2.470637798309326
avila,4,sampler,sgd,0.005,4,1402,0.4106543958187103,2.4707984924316406,0.4185043275356293,2.4706685543060303
avila,4,sampler,sgd,0.005,5,1444,0.4106543958187103,2.470794677734375,0.4185043275356293,2.470682144165039
avila,4,sampler,sgd,0.01,1,1276,0.4106543958187103,2.4708969593048096,0.4185043275356293,2.470745801925659
avila,4,sampler,sgd,0.01,2,1318,0.4106543958187103,2.470815896987915,0.4185043275356293,2.470715284347534
avila,4,sampler,sgd,0.01,3,1360,0.4106543958187103,2.470769166946411,0.4185043275356293,2.470637798309326
avila,4,sampler,sgd,0.01,4,1402,0.4106543958187103,2.470796585083008,0.4185043275356293,2.4706673622131348
avila,4,sampler,sgd,0.01,5,1444,0.4106543958187103,2.470792293548584,0.4185043275356293,2.470681667327881
avila,4,sampler,sgd,0.05,1,1276,0.4106543958187103,2.470888376235962,0.4185043275356293,2.4707396030426025
avila,4,sampler,sgd,0.05,2,1318,0.4106543958187103,2.4708025455474854,0.4185043275356293,2.4707093238830566
avila,4,sampler,sgd,0.05,3,1360,0.4106543958187103,2.4707679748535156,0.4185043275356293,2.4706387519836426
avila,4,sampler,sgd,0.05,4,1402,0.4106543958187103,2.470780372619629,0.4185043275356293,2.4706578254699707
avila,4,sampler,sgd,0.05,5,1444,0.4106543958187103,2.4707744121551514,0.4185043275356293,2.4706718921661377
avila,4,sampler,sgd,0.1,1,1276,0.4106543958187103,2.4708752632141113,0.4185043275356293,2.470731019973755
avila,4,sampler,sgd,0.1,2,1318,0.4106543958187103,2.4707887172698975,0.4185043275356293,2.470701217651367
avila,4,sampler,sgd,0.1,3,1360,0.4106543958187103,2.47076678276062,0.4185043275356293,2.470639944076538
avila,4,sampler,sgd,0.1,4,1402,0.4106543958187103,2.470763921737671,0.4185043275356293,2.4706506729125977
avila,4,sampler,sgd,0.1,5,1444,0.4106543958187103,2.4707539081573486,0.4185043275356293,2.470662832260132
avila,8,ffnn_0layer,adam,0.001,1,1276,0.4106543958187103,2.469996213912964,0.4185043275356293,2.4699831008911133
avila,8,ffnn_0layer,adam,0.001,2,1318,0.4106543958187103,2.4699947834014893,0.4185043275356293,2.4699811935424805
avila,8,ffnn_0layer,adam,0.001,3,1360,0.4106543958187103,2.4699878692626953,0.4185043275356293,2.469974994659424
avila,8,ffnn_0layer,adam,0.001,4,1402,0.4106543958187103,2.469993829727173,0.4185043275356293,2.469980239868164
avila,8,ffnn_0layer,adam,0.001,5,1444,0.4106543958187103,2.4699888229370117,0.4185043275356293,2.469975233078003
avila,8,ffnn_0layer,adam,0.005,1,1276,0.4106543958187103,2.4700136184692383,0.4185043275356293,2.4700000286102295
avila,8,ffnn_0layer,adam,0.005,2,1318,0.4106543958187103,2.4700005054473877,0.4185043275356293,2.4699838161468506
avila,8,ffnn_0layer,adam,0.005,3,1360,0.4106543958187103,2.469996929168701,0.4185043275356293,2.469982862472534
avila,8,ffnn_0layer,adam,0.005,4,1402,0.4106543958187103,2.470027208328247,0.4185043275356293,2.4700119495391846
avila,8,ffnn_0layer,adam,0.005,5,1444,0.4106543958187103,2.469977378845215,0.4185043275356293,2.469966173171997
avila,8,ffnn_0layer,adam,0.01,1,1276,0.4138162434101105,2.470062494277954,0.4213806390762329,2.470033645629883
avila,8,ffnn_0layer,adam,0.01,2,1318,0.4106543958187103,2.470015287399292,0.4185043275356293,2.4699957370758057
avila,8,ffnn_0layer,adam,0.01,3,1360,0.4136246144771576,2.4700324535369873,0.4213806390762329,2.470005750656128
avila,8,ffnn_0layer,adam,0.01,4,1402,0.4106543958187103,2.4700636863708496,0.4185043275356293,2.4700465202331543
avila,8,ffnn_0layer,adam,0.01,5,1444,0.4106543958187103,2.4699788093566895,0.4185043275356293,2.469964027404785
avila,8,ffnn_0layer,adam,0.05,1,1276,0.4106543958187103,2.4702224731445312,0.4185043275356293,2.4701874256134033
avila,8,ffnn_0layer,adam,0.05,2,1318,0.4106543958187103,2.470102310180664,0.4185043275356293,2.4700615406036377
avila,8,ffnn_0layer,adam,0.05,3,1360,0.4106543958187103,2.4700982570648193,0.4185043275356293,2.4700281620025635
avila,8,ffnn_0layer,adam,0.05,4,1402,0.4106543958187103,2.4703288078308105,0.4185043275356293,2.470273733139038
avila,8,ffnn_0layer,adam,0.05,5,1444,0.4106543958187103,2.4700992107391357,0.4185043275356293,2.470038652420044
avila,8,ffnn_0layer,adam,0.1,1,1276,0.4106543958187103,2.4703569412231445,0.4185043275356293,2.4702651500701904
avila,8,ffnn_0layer,adam,0.1,2,1318,0.4106543958187103,2.4701802730560303,0.4185043275356293,2.4701123237609863
avila,8,ffnn_0layer,adam,0.1,3,1360,0.4106543958187103,2.470136880874634,0.4185043275356293,2.470080852508545
avila,8,ffnn_0layer,adam,0.1,4,1402,0.4106543958187103,2.4702236652374268,0.4185043275356293,2.4701831340789795
avila,8,ffnn_0layer,adam,0.1,5,1444,0.4106543958187103,2.470008373260498,0.4185043275356293,2.469980001449585
avila,8,ffnn_0layer,sgd,0.001,1,1276,0.4139120578765869,2.4702985286712646,0.4218600392341614,2.4702253341674805
avila,8,ffnn_0layer,sgd,0.001,2,1318,0.4118041694164276,2.4707069396972656,0.4194630980491638,2.470607042312622
avila,8,ffnn_0layer,sgd,0.001,3,1360,0.41237905621528625,2.4708924293518066,0.4194630980491638,2.4707865715026855
avila,8,ffnn_0layer,sgd,0.001,4,1402,0.41237905621528625,2.4705777168273926,0.4194630980491638,2.4704692363739014
avila,8,ffnn_0layer,sgd,0.001,5,1444,0.41257065534591675,2.4705021381378174,0.4194630980491638,2.470410108566284
avila,8,ffnn_0layer,sgd,0.005,1,1276,0.41400787234306335,2.4702939987182617,0.4218600392341614,2.470224142074585
avila,8,ffnn_0layer,sgd,0.005,2,1318,0.4118041694164276,2.470701217651367,0.4194630980491638,2.470601797103882
avila,8,ffnn_0layer,sgd,0.005,3,1360,0.41237905621528625,2.4708871841430664,0.4194630980491638,2.470784902572632
avila,8,ffnn_0layer,sgd,0.005,4,1402,0.41237905621528625,2.4705731868743896,0.4194630980491638,2.4704649448394775
avila,8,ffnn_0layer,sgd,0.005,5,1444,0.41257065534591675,2.4704999923706055,0.4194630980491638,2.470410108566284
avila,8,ffnn_0layer,sgd,0.01,1,1276,0.41400787234306335,2.4702889919281006,0.4218600392341614,2.470221757888794
avila,8,ffnn_0layer,sgd,0.01,2,1318,0.4118041694164276,2.470693826675415,0.4194630980491638,2.470595359802246
avila,8,ffnn_0layer,sgd,0.01,3,1360,0.41237905621528625,2.4708852767944336,0.4194630980491638,2.470782518386841
avila,8,ffnn_0layer,sgd,0.01,4,1402,0.4124748706817627,2.470566511154175,0.4194630980491638,2.4704601764678955
avila,8,ffnn_0layer,sgd,0.01,5,1444,0.41257065534591675,2.4704973697662354,0.4194630980491638,2.4704105854034424
avila,8,ffnn_0layer,sgd,0.05,1,1276,0.4139120578765869,2.4702632427215576,0.4218600392341614,2.470215082168579
avila,8,ffnn_0layer,sgd,0.05,2,1318,0.4118041694164276,2.470634937286377,0.4194630980491638,2.4705424308776855
avila,8,ffnn_0layer,sgd,0.05,3,1360,0.4119957983493805,2.470865249633789,0.4194630980491638,2.470757484436035
avila,8,ffnn_0layer,sgd,0.05,4,1402,0.41257065534591675,2.4705183506011963,0.4194630980491638,2.470424175262451
avila,8,ffnn_0layer,sgd,0.05,5,1444,0.4131455421447754,2.470482349395752,0.4199424684047699,2.470416784286499
avila,8,ffnn_0layer,sgd,0.1,1,1276,0.41400787234306335,2.470261573791504,0.4218600392341614,2.4702188968658447
avila,8,ffnn_0layer,sgd,0.1,2,1318,0.41189998388290405,2.4705607891082764,0.4199424684047699,2.470478057861328
avila,8,ffnn_0layer,sgd,0.1,3,1360,0.4118041694164276,2.4708211421966553,0.41898369789123535,2.4707155227661133
avila,8,ffnn_0layer,sgd,0.1,4,1402,0.41257065534591675,2.4704577922821045,0.4194630980491638,2.470381021499634
avila,8,ffnn_0layer,sgd,0.1,5,1444,0.41285809874534607,2.4704716205596924,0.4199424684047699,2.4704184532165527
avila,8,sampler,adam,0.001,1,1276,0.4139120578765869,2.47004771232605,0.4213806390762329,2.4700210094451904
avila,8,sampler,adam,0.001,2,1318,0.4106543958187103,2.46999192237854,0.4185043275356293,2.4699788093566895
avila,8,sampler,adam,0.001,3,1360,0.4106543958187103,2.4699857234954834,0.4185043275356293,2.469973087310791
avila,8,sampler,adam,0.001,4,1402,0.4138162434101105,2.470045804977417,0.4213806390762329,2.470020294189453
avila,8,sampler,adam,0.001,5,1444,0.4106543958187103,2.469987630844116,0.4185043275356293,2.46997332572937
avila,8,sampler,adam,0.005,1,1276,0.4106543958187103,2.470001697540283,0.4185043275356293,2.4699883460998535
avila,8,sampler,adam,0.005,2,1318,0.4106543958187103,2.4699957370758057,0.4185043275356293,2.4699819087982178
avila,8,sampler,adam,0.005,3,1360,0.4106543958187103,2.469991683959961,0.4185043275356293,2.469977855682373
avila,8,sampler,adam,0.005,4,1402,0.4106543958187103,2.4700067043304443,0.4185043275356293,2.469992160797119
avila,8,sampler,adam,0.005,5,1444,0.4106543958187103,2.4699833393096924,0.4185043275356293,2.4699718952178955
avila,8,sampler,adam,0.01,1,1276,0.4106543958187103,2.4700136184692383,0.4185043275356293,2.4700000286102295
avila,8,sampler,adam,0.01,2,1318,0.4106543958187103,2.4700005054473877,0.4185043275356293,2.4699838161468506
avila,8,sampler,adam,0.01,3,1360,0.4106543958187103,2.469996929168701,0.4185043275356293,2.469982862472534
avila,8,sampler,adam,0.01,4,1402,0.4106543958187103,2.470027208328247,0.4185043275356293,2.4700119495391846
avila,8,sampler,adam,0.01,5,1444,0.4106543958187103,2.469977378845215,0.4185043275356293,2.469966173171997
avila,8,sampler,adam,0.05,1,1276,0.4139120578765869,2.470106363296509,0.4218600392341614,2.4700658321380615
avila,8,sampler,adam,0.05,2,1318,0.41372042894363403,2.470048666000366,0.42090123891830444,2.4700260162353516
avila,8,sampler,adam,0.05,3,1360,0.4136246144771576,2.470050811767578,0.42090123891830444,2.4700229167938232
avila,8,sampler,adam,0.05,4,1402,0.4136246144771576,2.4701929092407227,0.4218600392341614,2.4701459407806396
avila,8,sampler,adam,0.05,5,1444,0.4139120578765869,2.4700450897216797,0.4213806390762329,2.470017910003662
avila,8,sampler,adam,0.1,1,1276,0.4106543958187103,2.4702224731445312,0.4185043275356293,2.4701874256134033
avila,8,sampler,adam,0.1,2,1318,0.4106543958187103,2.470102310180664,0.4185043275356293,2.4700615406036377
avila,8,sampler,adam,0.1,3,1360,0.4106543958187103,2.4700982570648193,0.4185043275356293,2.4700281620025635
avila,8,sampler,adam,0.1,4,1402,0.4106543958187103,2.4703290462493896,0.4185043275356293,2.470273733139038
avila,8,sampler,adam,0.1,5,1444,0.4106543958187103,2.4700992107391357,0.4185043275356293,2.470038652420044
avila,8,sampler,sgd,0.001,1,1276,0.41276228427886963,2.4702179431915283,0.4199424684047699,2.470170497894287
avila,8,sampler,sgd,0.001,2,1318,0.4119957983493805,2.4703192710876465,0.4194630980491638,2.470224142074585
avila,8,sampler,sgd,0.001,3,1360,0.41237905621528625,2.4702162742614746,0.4199424684047699,2.470160961151123
avila,8,sampler,sgd,0.001,4,1402,0.41285809874534607,2.4701807498931885,0.4199424684047699,2.470137119293213
avila,8,sampler,sgd,0.001,5,1444,0.41285809874534607,2.470308542251587,0.4199424684047699,2.4702534675598145
avila,8,sampler,sgd,0.005,1,1276,0.41276228427886963,2.4702165126800537,0.4199424684047699,2.470170021057129
avila,8,sampler,sgd,0.005,2,1318,0.4119957983493805,2.470318078994751,0.4194630980491638,2.4702231884002686
avila,8,sampler,sgd,0.005,3,1360,0.41237905621528625,2.4702134132385254,0.4199424684047699,2.4701592922210693
avila,8,sampler,sgd,0.005,4,1402,0.41285809874534607,2.4701802730560303,0.4199424684047699,2.470136880874634
avila,8,sampler,sgd,0.005,5,1444,0.41285809874534607,2.470306158065796,0.4199424684047699,2.4702517986297607
avila,8,sampler,sgd,0.01,1,1276,0.41276228427886963,2.470214366912842,0.4199424684047699,2.47016978263855
avila,8,sampler,sgd,0.01,2,1318,0.4119957983493805,2.470316171646118,0.4194630980491638,2.470221996307373
avila,8,sampler,sgd,0.01,3,1360,0.41237905621528625,2.4702110290527344,0.4199424684047699,2.470158100128174
avila,8,sampler,sgd,0.01,4,1402,0.41285809874534607,2.4701788425445557,0.4199424684047699,2.470137596130371
avila,8,sampler,sgd,0.01,5,1444,0.41285809874534607,2.4703023433685303,0.4199424684047699,2.470249891281128
avila,8,sampler,sgd,0.05,1,1276,0.41276228427886963,2.470202684402466,0.4199424684047699,2.4701685905456543
avila,8,sampler,sgd,0.05,2,1318,0.4124748706817627,2.470302104949951,0.4199424684047699,2.470214366912842
avila,8,sampler,sgd,0.05,3,1360,0.41237905621528625,2.4701972007751465,0.4199424684047699,2.470154285430908
avila,8,sampler,sgd,0.05,4,1402,0.41285809874534607,2.4701738357543945,0.4199424684047699,2.470142364501953
avila,8,sampler,sgd,0.05,5,1444,0.41285809874534607,2.470277786254883,0.4199424684047699,2.47023606300354
avila,8,sampler,sgd,0.1,1,1276,0.41276228427886963,2.470197916030884,0.4199424684047699,2.47017240524292
avila,8,sampler,sgd,0.1,2,1318,0.4124748706817627,2.4702863693237305,0.4199424684047699,2.4702069759368896
avila,8,sampler,sgd,0.1,3,1360,0.4124748706817627,2.4701943397521973,0.4199424684047699,2.470158576965332
avila,8,sampler,sgd,0.1,4,1402,0.41276228427886963,2.470176935195923,0.4199424684047699,2.470153331756592
avila,8,sampler,sgd,0.1,5,1444,0.41285809874534607,2.470258951187134,0.4199424684047699,2.470226764678955
avila,10,ffnn_0layer,adam,0.001,1,1276,0.4106543958187103,2.469933032989502,0.4185043275356293,2.469905138015747
avila,10,ffnn_0layer,adam,0.001,2,1318,0.4106543958187103,2.469931125640869,0.4185043275356293,2.469902515411377
avila,10,ffnn_0layer,adam,0.001,3,1360,0.4106543958187103,2.469916820526123,0.4185043275356293,2.4698894023895264
avila,10,ffnn_0layer,adam,0.001,4,1402,0.4106543958187103,2.469923734664917,0.4185043275356293,2.4698965549468994
avila,10,ffnn_0layer,adam,0.001,5,1444,0.4106543958187103,2.469925880432129,0.4185043275356293,2.4698967933654785
avila,10,ffnn_0layer,adam,0.005,1,1276,0.4106543958187103,2.469956636428833,0.4185043275356293,2.469928026199341
avila,10,ffnn_0layer,adam,0.005,2,1318,0.4106543958187103,2.4699671268463135,0.4185043275356293,2.4699296951293945
avila,10,ffnn_0layer,adam,0.005,3,1360,0.41372042894363403,2.4699554443359375,0.4213806390762329,2.469916582107544
avila,10,ffnn_0layer,adam,0.005,4,1402,0.4106543958187103,2.4699606895446777,0.4185043275356293,2.4699318408966064
avila,10,ffnn_0layer,adam,0.005,5,1444,0.4106543958187103,2.4699442386627197,0.4185043275356293,2.4699087142944336
avila,10,ffnn_0layer,adam,0.01,1,1276,0.4138162434101105,2.4699978828430176,0.4218600392341614,2.469954490661621
avila,10,ffnn_0layer,adam,0.01,2,1318,0.4141036868095398,2.4699859619140625,0.4218600392341614,2.4699466228485107
avila,10,ffnn_0layer,adam,0.01,3,1360,0.41372042894363403,2.469956636428833,0.4213806390762329,2.4699158668518066
avila,10,ffnn_0layer,adam,0.01,4,1402,0.41400787234306335,2.470024824142456,0.4213806390762329,2.4699785709381104
avila,10,ffnn_0layer,adam,0.01,5,1444,0.4106543958187103,2.470048666000366,0.4185043275356293,2.469963550567627
avila,10,ffnn_0layer,adam,0.05,1,1276,0.4106543958187103,2.470144033432007,0.4185043275356293,2.470097541809082
avila,10,ffnn_0layer,adam,0.05,2,1318,0.4106543958187103,2.470064878463745,0.4185043275356293,2.4699771404266357
avila,10,ffnn_0layer,adam,0.05,3,1360,0.4106543958187103,2.4700284004211426,0.4185043275356293,2.469939708709717
avila,10,ffnn_0layer,adam,0.05,4,1402,0.4106543958187103,2.4702024459838867,0.4185043275356293,2.4701006412506104
avila,10,ffnn_0layer,adam,0.05,5,1444,0.4106543958187103,2.4700512886047363,0.4185043275356293,2.4699528217315674
avila,10,ffnn_0layer,adam,0.1,1,1276,0.4106543958187103,2.470109462738037,0.4185043275356293,2.47007155418396
avila,10,ffnn_0layer,adam,0.1,2,1318,0.4106543958187103,2.4700734615325928,0.4185043275356293,2.4699699878692627
avila,10,ffnn_0layer,adam,0.1,3,1360,0.4106543958187103,2.470081329345703,0.4185043275356293,2.4700069427490234
avila,10,ffnn_0layer,adam,0.1,4,1402,0.4106543958187103,2.4701671600341797,0.4185043275356293,2.470064401626587
avila,10,ffnn_0layer,adam,0.1,5,1444,0.4106543958187103,2.469947099685669,0.4185043275356293,2.4698903560638428
avila,10,ffnn_0layer,sgd,0.001,1,1276,0.41333717107772827,2.470376491546631,0.42042186856269836,2.470332384109497
avila,10,ffnn_0layer,sgd,0.001,2,1318,0.41237905621528625,2.470543146133423,0.41898369789123535,2.4704911708831787
avila,10,ffnn_0layer,sgd,0.001,3,1360,0.41189998388290405,2.470459222793579,0.4194630980491638,2.4703965187072754
avila,10,ffnn_0layer,sgd,0.001,4,1402,0.4118041694164276,2.4705686569213867,0.41898369789123535,2.4704740047454834
avila,10,ffnn_0layer,sgd,0.001,5,1444,0.4126664698123932,2.470425605773926,0.4213806390762329,2.470308780670166
avila,10,ffnn_0layer,sgd,0.005,1,1276,0.41333717107772827,2.4703681468963623,0.42042186856269836,2.4703261852264404
avila,10,ffnn_0layer,sgd,0.005,2,1318,0.41237905621528625,2.4705400466918945,0.41898369789123535,2.4704880714416504
avila,10,ffnn_0layer,sgd,0.005,3,1360,0.41189998388290405,2.4704549312591553,0.4199424684047699,2.4703924655914307
avila,10,ffnn_0layer,sgd,0.005,4,1402,0.4118041694164276,2.4705679416656494,0.41898369789123535,2.470473289489746
avila,10,ffnn_0layer,sgd,0.005,5,1444,0.41276228427886963,2.470416307449341,0.4213806390762329,2.4703030586242676
avila,10,ffnn_0layer,sgd,0.01,1,1276,0.41333717107772827,2.47035813331604,0.42042186856269836,2.4703192710876465
avila,10,ffnn_0layer,sgd,0.01,2,1318,0.41237905621528625,2.470536470413208,0.41898369789123535,2.4704842567443848
avila,10,ffnn_0layer,sgd,0.01,3,1360,0.4119957983493805,2.4704480171203613,0.4199424684047699,2.4703874588012695
avila,10,ffnn_0layer,sgd,0.01,4,1402,0.4118041694164276,2.470566749572754,0.41898369789123535,2.470473051071167
avila,10,ffnn_0layer,sgd,0.01,5,1444,0.41285809874534607,2.470405340194702,0.4213806390762329,2.4702959060668945
avila,10,ffnn_0layer,sgd,0.05,1,1276,0.41324135661125183,2.470301389694214,0.42042186856269836,2.470278024673462
avila,10,ffnn_0layer,sgd,0.05,2,1318,0.4122832417488098,2.4705002307891846,0.4194630980491638,2.4704477787017822
avila,10,ffnn_0layer,sgd,0.05,3,1360,0.4121874272823334,2.470386028289795,0.4199424684047699,2.470332145690918
avila,10,ffnn_0layer,sgd,0.05,4,1402,0.4118041694164276,2.470555067062378,0.41898369789123535,2.4704651832580566
avila,10,ffnn_0layer,sgd,0.05,5,1444,0.4141036868095398,2.470336437225342,0.4218600392341614,2.470249652862549
avila,10,ffnn_0layer,sgd,0.1,1,1276,0.4129539132118225,2.47027325630188,0.42042186856269836,2.4702541828155518
avila,10,ffnn_0layer,sgd,0.1,2,1318,0.41209161281585693,2.470444679260254,0.4194630980491638,2.4703938961029053
avila,10,ffnn_0layer,sgd,0.1,3,1360,0.4121874272823334,2.470302104949951,0.4199424684047699,2.4702534675598145
avila,10,ffnn_0layer,sgd,0.1,4,1402,0.4118041694164276,2.470533847808838,0.41898369789123535,2.470449686050415
avila,10,ffnn_0layer,sgd,0.1,5,1444,0.41400787234306335,2.4702937602996826,0.4218600392341614,2.470219850540161
avila,10,sampler,adam,0.001,1,1276,0.41372042894363403,2.469975471496582,0.4213806390762329,2.4699344635009766
avila,10,sampler,adam,0.001,2,1318,0.4106543958187103,2.469921350479126,0.4185043275356293,2.4698939323425293
avila,10,sampler,adam,0.001,3,1360,0.4106543958187103,2.4699113368988037,0.4185043275356293,2.469884157180786
avila,10,sampler,adam,0.001,4,1402,0.4138162434101105,2.4699692726135254,0.4213806390762329,2.4699296951293945
avila,10,sampler,adam,0.001,5,1444,0.41372042894363403,2.469973564147949,0.4213806390762329,2.469932794570923
avila,10,sampler,adam,0.005,1,1276,0.4106543958187103,2.469943046569824,0.4185043275356293,2.469914674758911
avila,10,sampler,adam,0.005,2,1318,0.4106543958187103,2.4699435234069824,0.4185043275356293,2.4699127674102783
avila,10,sampler,adam,0.005,3,1360,0.4106543958187103,2.4699268341064453,0.4185043275356293,2.4698963165283203
avila,10,sampler,adam,0.005,4,1402,0.4106543958187103,2.4699392318725586,0.4185043275356293,2.4699110984802246
avila,10,sampler,adam,0.005,5,1444,0.4106543958187103,2.469931125640869,0.4185043275356293,2.4699010848999023
avila,10,sampler,adam,0.01,1,1276,0.4106543958187103,2.469956636428833,0.4185043275356293,2.46992826461792
avila,10,sampler,adam,0.01,2,1318,0.4106543958187103,2.4699671268463135,0.4185043275356293,2.4699296951293945
avila,10,sampler,adam,0.01,3,1360,0.41372042894363403,2.4699554443359375,0.4213806390762329,2.469916582107544
avila,10,sampler,adam,0.01,4,1402,0.4106543958187103,2.4699606895446777,0.4185043275356293,2.4699318408966064
avila,10,sampler,adam,0.01,5,1444,0.4106543958187103,2.4699442386627197,0.4185043275356293,2.4699084758758545
avila,10,sampler,adam,0.05,1,1276,0.41400787234306335,2.4700403213500977,0.42233940958976746,2.4699883460998535
avila,10,sampler,adam,0.05,2,1318,0.4138162434101105,2.469994068145752,0.4213806390762329,2.469954013824463
avila,10,sampler,adam,0.05,3,1360,0.41372042894363403,2.4699738025665283,0.4218600392341614,2.469930648803711
avila,10,sampler,adam,0.05,4,1402,0.4141036868095398,2.470123767852783,0.4228188097476959,2.4700589179992676
avila,10,sampler,adam,0.05,5,1444,0.4139120578765869,2.469974994659424,0.4213806390762329,2.4699299335479736
avila,10,sampler,adam,0.1,1,1276,0.4106543958187103,2.470144033432007,0.4185043275356293,2.470097541809082
avila,10,sampler,adam,0.1,2,1318,0.4106543958187103,2.470064878463745,0.4185043275356293,2.4699771404266357
avila,10,sampler,adam,0.1,3,1360,0.4106543958187103,2.4700284004211426,0.4185043275356293,2.469939708709717
avila,10,sampler,adam,0.1,4,1402,0.4106543958187103,2.4702024459838867,0.4185043275356293,2.4701006412506104
avila,10,sampler,adam,0.1,5,1444,0.4106543958187103,2.4700512886047363,0.4185043275356293,2.4699528217315674
avila,10,sampler,sgd,0.001,1,1276,0.41276228427886963,2.470219612121582,0.4199424684047699,2.470172166824341
avila,10,sampler,sgd,0.001,2,1318,0.4119957983493805,2.4703216552734375,0.4194630980491638,2.470226764678955
avila,10,sampler,sgd,0.001,3,1360,0.41237905621528625,2.4702110290527344,0.4199424684047699,2.4701545238494873
avila,10,sampler,sgd,0.001,4,1402,0.41285809874534607,2.4701807498931885,0.4199424684047699,2.470136880874634
avila,10,sampler,sgd,0.001,5,1444,0.41276228427886963,2.4703104496002197,0.4199424684047699,2.4702553749084473
avila,10,sampler,sgd,0.005,1,1276,0.41276228427886963,2.470217704772949,0.4199424684047699,2.4701716899871826
avila,10,sampler,sgd,0.005,2,1318,0.4119957983493805,2.470319986343384,0.4194630980491638,2.4702258110046387
avila,10,sampler,sgd,0.005,3,1360,0.41237905621528625,2.4702086448669434,0.4199424684047699,2.470153331756592
avila,10,sampler,sgd,0.005,4,1402,0.41285809874534607,2.470180034637451,0.4199424684047699,2.470137596130371
avila,10,sampler,sgd,0.005,5,1444,0.41276228427886963,2.4703078269958496,0.4199424684047699,2.4702541828155518
avila,10,sampler,sgd,0.01,1,1276,0.41276228427886963,2.4702162742614746,0.4199424684047699,2.4701714515686035
avila,10,sampler,sgd,0.01,2,1318,0.4119957983493805,2.470318078994751,0.4194630980491638,2.470224618911743
avila,10,sampler,sgd,0.01,3,1360,0.41237905621528625,2.4702060222625732,0.4199424684047699,2.470151901245117
avila,10,sampler,sgd,0.01,4,1402,0.41285809874534607,2.4701788425445557,0.4199424684047699,2.470137596130371
avila,10,sampler,sgd,0.01,5,1444,0.41285809874534607,2.470304250717163,0.4199424684047699,2.47025203704834
avila,10,sampler,sgd,0.05,1,1276,0.41276228427886963,2.4702041149139404,0.4199424684047699,2.47016978263855
avila,10,sampler,sgd,0.05,2,1318,0.4124748706817627,2.470304012298584,0.4199424684047699,2.470216989517212
avila,10,sampler,sgd,0.05,3,1360,0.41237905621528625,2.470191240310669,0.4199424684047699,2.470146894454956
avila,10,sampler,sgd,0.05,4,1402,0.41285809874534607,2.4701735973358154,0.4199424684047699,2.470142364501953
avila,10,sampler,sgd,0.05,5,1444,0.41285809874534607,2.4702792167663574,0.4199424684047699,2.470237970352173
avila,10,sampler,sgd,0.1,1,1276,0.41276228427886963,2.470198392868042,0.4199424684047699,2.4701740741729736
avila,10,sampler,sgd,0.1,2,1318,0.4124748706817627,2.470288038253784,0.4199424684047699,2.4702093601226807
avila,10,sampler,sgd,0.1,3,1360,0.4124748706817627,2.4701876640319824,0.4194630980491638,2.4701504707336426
avila,10,sampler,sgd,0.1,4,1402,0.41285809874534607,2.4701764583587646,0.4199424684047699,2.470153331756592
avila,10,sampler,sgd,0.1,5,1444,0.41285809874534607,2.47025990486145,0.4199424684047699,2.470228433609009
banknote,4,ffnn_0layer,adam,0.001,1,1276,0.9420289993286133,0.5796612501144409,0.9343065619468689,0.5751916170120239
banknote,4,ffnn_0layer,adam,0.001,2,1318,0.9275362491607666,0.582868754863739,0.9051094651222229,0.5799444913864136
banknote,4,ffnn_0layer,adam,0.001,3,1360,0.9130434989929199,0.5811513662338257,0.9124087691307068,0.5778915882110596
banknote,4,ffnn_0layer,adam,0.001,4,1402,0.9492753744125366,0.5796299576759338,0.941605806350708,0.5747727155685425
banknote,4,ffnn_0layer,adam,0.001,5,1444,0.9347826242446899,0.5803524255752563,0.9270073175430298,0.5766986012458801
banknote,4,ffnn_0layer,adam,0.005,1,1276,0.9420289993286133,0.579604983329773,0.9489051103591919,0.5744872689247131
banknote,4,ffnn_0layer,adam,0.005,2,1318,0.9420289993286133,0.5797126293182373,0.9489051103591919,0.5744723677635193
banknote,4,ffnn_0layer,adam,0.005,3,1360,0.9420289993286133,0.5795687437057495,0.9489051103591919,0.5743417739868164
banknote,4,ffnn_0layer,adam,0.005,4,1402,0.9420289993286133,0.5797383189201355,0.9489051103591919,0.574550211429596
banknote,4,ffnn_0layer,adam,0.005,5,1444,0.9492753744125366,0.5795831680297852,0.9489051103591919,0.5745148658752441
banknote,4,ffnn_0layer,adam,0.01,1,1276,0.9420289993286133,0.5796168446540833,0.9489051103591919,0.5744854211807251
banknote,4,ffnn_0layer,adam,0.01,2,1318,0.9492753744125366,0.5797710418701172,0.9489051103591919,0.5744912624359131
banknote,4,ffnn_0layer,adam,0.01,3,1360,0.9492753744125366,0.5795615315437317,0.9489051103591919,0.5743183493614197
banknote,4,ffnn_0layer,adam,0.01,4,1402,0.9420289993286133,0.5796053409576416,0.9489051103591919,0.5746206045150757
banknote,4,ffnn_0layer,adam,0.01,5,1444,0.9492753744125366,0.5795542597770691,0.9343065619468689,0.5745473504066467
banknote,4,ffnn_0layer,adam,0.05,1,1276,0.9275362491607666,0.579736590385437,0.9270073175430298,0.5751287937164307
banknote,4,ffnn_0layer,adam,0.05,2,1318,0.9420289993286133,0.5794704556465149,0.9489051103591919,0.5749128460884094
banknote,4,ffnn_0layer,adam,0.05,3,1360,0.9420289993286133,0.5805354714393616,0.941605806350708,0.575180172920227
banknote,4,ffnn_0layer,adam,0.05,4,1402,0.9420289993286133,0.5801746249198914,0.941605806350708,0.5748981833457947
banknote,4,ffnn_0layer,adam,0.05,5,1444,0.9347826242446899,0.5805363655090332,0.9489051103591919,0.5748183131217957
banknote,4,ffnn_0layer,adam,0.1,1,1276,0.9130434989929199,0.5835803747177124,0.9270073175430298,0.5804471373558044
banknote,4,ffnn_0layer,adam,0.1,2,1318,0.9202898740768433,0.5803207159042358,0.9197080135345459,0.577564537525177
banknote,4,ffnn_0layer,adam,0.1,3,1360,0.9420289993286133,0.5798120498657227,0.9270073175430298,0.5781129002571106
banknote,4,ffnn_0layer,adam,0.1,4,1402,0.9275362491607666,0.5798629522323608,0.9124087691307068,0.5758934020996094
banknote,4,ffnn_0layer,adam,0.1,5,1444,0.9347826242446899,0.5803356170654297,0.9489051103591919,0.5747242569923401
banknote,4,ffnn_0layer,sgd,0.001,1,1276,0.8623188734054565,0.6036220788955688,0.8467153310775757,0.6004834175109863
banknote,4,ffnn_0layer,sgd,0.001,2,1318,0.8913043737411499,0.5879374742507935,0.8905109167098999,0.5883605480194092
banknote,4,ffnn_0layer,sgd,0.001,3,1360,0.8188406229019165,0.6219099164009094,0.8175182342529297,0.6292011737823486
banknote,4,ffnn_0layer,sgd,0.001,4,1402,0.8985507488250732,0.5970658659934998,0.9124087691307068,0.5945591330528259
banknote,4,ffnn_0layer,sgd,0.001,5,1444,0.8623188734054565,0.6056326031684875,0.8175182342529297,0.6017906069755554
banknote,4,ffnn_0layer,sgd,0.005,1,1276,0.8623188734054565,0.6035316586494446,0.8394160270690918,0.6003206372261047
banknote,4,ffnn_0layer,sgd,0.005,2,1318,0.9057971239089966,0.5859891772270203,0.8905109167098999,0.5868411064147949
banknote,4,ffnn_0layer,sgd,0.005,3,1360,0.8333333730697632,0.6144471168518066,0.8394160270690918,0.6190050840377808
banknote,4,ffnn_0layer,sgd,0.005,4,1402,0.9202898740768433,0.5901879668235779,0.941605806350708,0.5872052311897278
banknote,4,ffnn_0layer,sgd,0.005,5,1444,0.8695652484893799,0.6043549180030823,0.8394160270690918,0.6006972789764404
banknote,4,ffnn_0layer,sgd,0.01,1,1276,0.8695652484893799,0.6034117341041565,0.8467153310775757,0.6001059412956238
banknote,4,ffnn_0layer,sgd,0.01,2,1318,0.9057971239089966,0.5852869153022766,0.8905109167098999,0.5862990617752075
banknote,4,ffnn_0layer,sgd,0.01,3,1360,0.8913043737411499,0.6005102396011353,0.8759124279022217,0.6014261841773987
banknote,4,ffnn_0layer,sgd,0.01,4,1402,0.9275362491607666,0.5860280394554138,0.9051094651222229,0.58298259973526
banknote,4,ffnn_0layer,sgd,0.01,5,1444,0.8695652484893799,0.6038370728492737,0.8321167826652527,0.6001760363578796
banknote,4,ffnn_0layer,sgd,0.05,1,1276,0.8840579986572266,0.6017740964889526,0.8467153310775757,0.5979282259941101
banknote,4,ffnn_0layer,sgd,0.05,2,1318,0.9130434989929199,0.5845263600349426,0.8905109167098999,0.5855168700218201
banknote,4,ffnn_0layer,sgd,0.05,3,1360,0.9130434989929199,0.584592878818512,0.8905109167098999,0.5846638083457947
banknote,4,ffnn_0layer,sgd,0.05,4,1402,0.9202898740768433,0.5811387300491333,0.9124087691307068,0.5777947306632996
banknote,4,ffnn_0layer,sgd,0.05,5,1444,0.8768116235733032,0.602147102355957,0.8540145754814148,0.5981824994087219
banknote,4,ffnn_0layer,sgd,0.1,1,1276,0.8913043737411499,0.5996008515357971,0.8613138794898987,0.5961460471153259
banknote,4,ffnn_0layer,sgd,0.1,2,1318,0.9130434989929199,0.5843298435211182,0.8905109167098999,0.5849413871765137
banknote,4,ffnn_0layer,sgd,0.1,3,1360,0.9130434989929199,0.5843958258628845,0.8905109167098999,0.5841280221939087
banknote,4,ffnn_0layer,sgd,0.1,4,1402,0.9420289993286133,0.5801736116409302,0.9270073175430298,0.5762885808944702
banknote,4,ffnn_0layer,sgd,0.1,5,1444,0.8913043737411499,0.5997036695480347,0.8613138794898987,0.5966889262199402
banknote,4,sampler,adam,0.001,1,1276,0.9202898740768433,0.5840200185775757,0.9051094651222229,0.5808167457580566
banknote,4,sampler,adam,0.001,2,1318,0.9130434989929199,0.5819178819656372,0.9124087691307068,0.5788781642913818
banknote,4,sampler,adam,0.001,3,1360,0.9202898740768433,0.5840442776679993,0.9051094651222229,0.5806899070739746
banknote,4,sampler,adam,0.001,4,1402,0.9202898740768433,0.584020733833313,0.9051094651222229,0.5807377696037292
banknote,4,sampler,adam,0.001,5,1444,0.9275362491607666,0.5839118361473083,0.9051094651222229,0.5808359980583191
banknote,4,sampler,adam,0.005,1,1276,0.9420289993286133,0.5795997977256775,0.9489051103591919,0.5744972229003906
banknote,4,sampler,adam,0.005,2,1318,0.9420289993286133,0.5796703696250916,0.9489051103591919,0.5744903683662415
banknote,4,sampler,adam,0.005,3,1360,0.9420289993286133,0.5795578956604004,0.9489051103591919,0.5744049549102783
banknote,4,sampler,adam,0.005,4,1402,0.9420289993286133,0.5797046422958374,0.9489051103591919,0.57452392578125
banknote,4,sampler,adam,0.005,5,1444,0.9420289993286133,0.5795935988426208,0.9489051103591919,0.5745158791542053
banknote,4,sampler,adam,0.01,1,1276,0.9420289993286133,0.579604983329773,0.9489051103591919,0.5744872689247131
banknote,4,sampler,adam,0.01,2,1318,0.9420289993286133,0.5797126293182373,0.9489051103591919,0.5744723677635193
banknote,4,sampler,adam,0.01,3,1360,0.9420289993286133,0.5795687437057495,0.9489051103591919,0.5743418335914612
banknote,4,sampler,adam,0.01,4,1402,0.9420289993286133,0.5797383189201355,0.9489051103591919,0.574550211429596
banknote,4,sampler,adam,0.01,5,1444,0.9492753744125366,0.5795831680297852,0.9489051103591919,0.5745148062705994
banknote,4,sampler,adam,0.05,1,1276,0.9420289993286133,0.5793973803520203,0.9343065619468689,0.5745022892951965
banknote,4,sampler,adam,0.05,2,1318,0.9420289993286133,0.5798332691192627,0.9489051103591919,0.5743761658668518
banknote,4,sampler,adam,0.05,3,1360,0.9420289993286133,0.579613983631134,0.9489051103591919,0.5744075775146484
banknote,4,sampler,adam,0.05,4,1402,0.9492753744125366,0.5798030495643616,0.941605806350708,0.5749431252479553
banknote,4,sampler,adam,0.05,5,1444,0.9420289993286133,0.5797625780105591,0.941605806350708,0.5746579766273499
banknote,4,sampler,adam,0.1,1,1276,0.9275362491607666,0.579736590385437,0.9270073175430298,0.5751287937164307
banknote,4,sampler,adam,0.1,2,1318,0.9420289993286133,0.5794704556465149,0.9489051103591919,0.5749128460884094
banknote,4,sampler,adam,0.1,3,1360,0.9420289993286133,0.5805355310440063,0.941605806350708,0.575180172920227
banknote,4,sampler,adam,0.1,4,1402,0.9420289993286133,0.5801746249198914,0.941605806350708,0.5748981833457947
banknote,4,sampler,adam,0.1,5,1444,0.9347826242446899,0.5805363655090332,0.9489051103591919,0.5748183131217957
banknote,4,sampler,sgd,0.001,1,1276,0.8260869979858398,0.626126229763031,0.8175182342529297,0.6195865273475647
banknote,4,sampler,sgd,0.001,2,1318,0.8768116235733032,0.6177436709403992,0.8686131238937378,0.6138952970504761
banknote,4,sampler,sgd,0.001,3,1360,0.8913043737411499,0.5965335965156555,0.8832116723060608,0.5940247774124146
banknote,4,sampler,sgd,0.001,4,1402,0.8985507488250732,0.5962343811988831,0.8759124279022217,0.5944907069206238
banknote,4,sampler,sgd,0.001,5,1444,0.8985507488250732,0.6044967770576477,0.8759124279022217,0.6016353368759155
banknote,4,sampler,sgd,0.005,1,1276,0.8623188734054565,0.6185216903686523,0.8394160270690918,0.6128422021865845
banknote,4,sampler,sgd,0.005,2,1318,0.8768116235733032,0.6109662652015686,0.8467153310775757,0.6085985898971558
banknote,4,sampler,sgd,0.005,3,1360,0.8913043737411499,0.5936344265937805,0.8832116723060608,0.591133713722229
banknote,4,sampler,sgd,0.005,4,1402,0.9130434989929199,0.5949751138687134,0.8905109167098999,0.5930725336074829
banknote,4,sampler,sgd,0.005,5,1444,0.8985507488250732,0.5995190143585205,0.8832116723060608,0.5971972942352295
banknote,4,sampler,sgd,0.01,1,1276,0.8768116235733032,0.6093197464942932,0.8686131238937378,0.6049171090126038
banknote,4,sampler,sgd,0.01,2,1318,0.8768116235733032,0.6045488119125366,0.8467153310775757,0.6035357713699341
banknote,4,sampler,sgd,0.01,3,1360,0.8985507488250732,0.5910775661468506,0.8759124279022217,0.5883694887161255
banknote,4,sampler,sgd,0.01,4,1402,0.9202898740768433,0.5934343934059143,0.8905109167098999,0.5912377238273621
banknote,4,sampler,sgd,0.01,5,1444,0.8913043737411499,0.5950592756271362,0.8832116723060608,0.5929206609725952
banknote,4,sampler,sgd,0.05,1,1276,0.8985507488250732,0.5856325030326843,0.8905109167098999,0.5818035006523132
banknote,4,sampler,sgd,0.05,2,1318,0.8985507488250732,0.5883361101150513,0.8905109167098999,0.5869374871253967
banknote,4,sampler,sgd,0.05,3,1360,0.8985507488250732,0.5846704244613647,0.8978102207183838,0.580787718296051
banknote,4,sampler,sgd,0.05,4,1402,0.9130434989929199,0.5853651165962219,0.9051094651222229,0.5814586281776428
banknote,4,sampler,sgd,0.05,5,1444,0.8985507488250732,0.5851947665214539,0.8978102207183838,0.5815657377243042
banknote,4,sampler,sgd,0.1,1,1276,0.9202898740768433,0.583899736404419,0.9051094651222229,0.5800248384475708
banknote,4,sampler,sgd,0.1,2,1318,0.8985507488250732,0.583749532699585,0.8978102207183838,0.5813419222831726
banknote,4,sampler,sgd,0.1,3,1360,0.9202898740768433,0.583840548992157,0.9051094651222229,0.5800959467887878
banknote,4,sampler,sgd,0.1,4,1402,0.9202898740768433,0.584057092666626,0.9051094651222229,0.580264687538147
banknote,4,sampler,sgd,0.1,5,1444,0.9202898740768433,0.5841054320335388,0.9051094651222229,0.580590546131134
wine,4,ffnn_0layer,adam,0.001,1,1276,0.5,1.912844181060791,0.5292307734489441,1.9115557670593262
wine,4,ffnn_0layer,adam,0.001,2,1318,0.5015384554862976,1.9128401279449463,0.5323076844215393,1.9115532636642456
wine,4,ffnn_0layer,adam,0.001,3,1360,0.5,1.912854552268982,0.5338461399078369,1.9115643501281738
wine,4,ffnn_0layer,adam,0.001,4,1402,0.5,1.9128388166427612,0.5307692289352417,1.9115502834320068
wine,4,ffnn_0layer,adam,0.001,5,1444,0.5,1.912842869758606,0.5323076844215393,1.911559820175171
wine,4,ffnn_0layer,adam,0.005,1,1276,0.5,1.9128552675247192,0.5353845953941345,1.911570429801941
wine,4,ffnn_0layer,adam,0.005,2,1318,0.5030769109725952,1.9128280878067017,0.5323076844215393,1.911548376083374
wine,4,ffnn_0layer,adam,0.005,3,1360,0.5,1.9128562211990356,0.5307692289352417,1.9115656614303589
wine,4,ffnn_0layer,adam,0.005,4,1402,0.5015384554862976,1.9128389358520508,0.5323076844215393,1.9115525484085083
wine,4,ffnn_0layer,adam,0.005,5,1444,0.4969230890274048,1.9128457307815552,0.5323076844215393,1.9115711450576782
wine,4,ffnn_0layer,adam,0.01,1,1276,0.5,1.9128741025924683,0.5353845953941345,1.9115887880325317
wine,4,ffnn_0layer,adam,0.01,2,1318,0.5030769109725952,1.9128111600875854,0.5323076844215393,1.9115463495254517
wine,4,ffnn_0layer,adam,0.01,3,1360,0.5061538219451904,1.9129490852355957,0.5353845953941345,1.9116902351379395
wine,4,ffnn_0layer,adam,0.01,4,1402,0.5061538219451904,1.9128656387329102,0.5400000214576721,1.9115920066833496
wine,4,ffnn_0layer,adam,0.01,5,1444,0.4953846037387848,1.9128650426864624,0.5276923179626465,1.9115850925445557
wine,4,ffnn_0layer,adam,0.05,1,1276,0.4938461482524872,1.9130669832229614,0.5307692289352417,1.911833643913269
wine,4,ffnn_0layer,adam,0.05,2,1318,0.49076923727989197,1.9130985736846924,0.5215384364128113,1.9120049476623535
wine,4,ffnn_0layer,adam,0.05,3,1360,0.5061538219451904,1.9128888845443726,0.5400000214576721,1.9117121696472168
wine,4,ffnn_0layer,adam,0.05,4,1402,0.5015384554862976,1.9129570722579956,0.5353845953941345,1.911799669265747
wine,4,ffnn_0layer,adam,0.05,5,1444,0.4953846037387848,1.9128248691558838,0.5492307543754578,1.9115111827850342
wine,4,ffnn_0layer,adam,0.1,1,1276,0.4938461482524872,1.913090467453003,0.5230769515037537,1.911998987197876
wine,4,ffnn_0layer,adam,0.1,2,1318,0.5015384554862976,1.9129753112792969,0.5276923179626465,1.9118375778198242
wine,4,ffnn_0layer,adam,0.1,3,1360,0.5015384554862976,1.912898302078247,0.5353845953941345,1.9116978645324707
wine,4,ffnn_0layer,adam,0.1,4,1402,0.5061538219451904,1.9129925966262817,0.5292307734489441,1.9118913412094116
wine,4,ffnn_0layer,adam,0.1,5,1444,0.4984615445137024,1.9129334688186646,0.5323076844215393,1.9117861986160278
wine,4,ffnn_0layer,sgd,0.001,1,1276,0.435384601354599,1.915052056312561,0.4415384531021118,1.914444088935852
wine,4,ffnn_0layer,sgd,0.001,2,1318,0.435384601354599,1.9145100116729736,0.4415384531021118,1.913735032081604
wine,4,ffnn_0layer,sgd,0.001,3,1360,0.435384601354599,1.9163622856140137,0.44769230484962463,1.9159473180770874
wine,4,ffnn_0layer,sgd,0.001,4,1402,0.48923078179359436,1.9132376909255981,0.5169230699539185,1.9121628999710083
wine,4,ffnn_0layer,sgd,0.001,5,1444,0.435384601354599,1.9152896404266357,0.4415384531021118,1.914731502532959
wine,4,ffnn_0layer,sgd,0.005,1,1276,0.435384601354599,1.9147378206253052,0.4415384531021118,1.9140653610229492
wine,4,ffnn_0layer,sgd,0.005,2,1318,0.435384601354599,1.9142690896987915,0.4415384531021118,1.9134293794631958
wine,4,ffnn_0layer,sgd,0.005,3,1360,0.435384601354599,1.9160584211349487,0.44769230484962463,1.915608286857605
wine,4,ffnn_0layer,sgd,0.005,4,1402,0.48923078179359436,1.9132226705551147,0.5169230699539185,1.9121456146240234
wine,4,ffnn_0layer,sgd,0.005,5,1444,0.435384601354599,1.9149583578109741,0.4415384531021118,1.9143356084823608
wine,4,ffnn_0layer,sgd,0.01,1,1276,0.435384601354599,1.9143892526626587,0.4415384531021118,1.9136390686035156
wine,4,ffnn_0layer,sgd,0.01,2,1318,0.4384615421295166,1.9140129089355469,0.4399999976158142,1.913103461265564
wine,4,ffnn_0layer,sgd,0.01,3,1360,0.435384601354599,1.9156383275985718,0.4415384531021118,1.9151246547698975
wine,4,ffnn_0layer,sgd,0.01,4,1402,0.48923078179359436,1.9132063388824463,0.5169230699539185,1.912126898765564
wine,4,ffnn_0layer,sgd,0.01,5,1444,0.435384601354599,1.9145811796188354,0.4415384531021118,1.9138773679733276
wine,4,ffnn_0layer,sgd,0.05,1,1276,0.4953846037387848,1.9131972789764404,0.5123077034950256,1.9121707677841187
wine,4,ffnn_0layer,sgd,0.05,2,1318,0.4923076927661896,1.9132369756698608,0.5215384364128113,1.9121179580688477
wine,4,ffnn_0layer,sgd,0.05,3,1360,0.4769230782985687,1.9134293794631958,0.4923076927661896,1.9123505353927612
wine,4,ffnn_0layer,sgd,0.05,4,1402,0.48923078179359436,1.9131404161453247,0.5169230699539185,1.9120594263076782
wine,4,ffnn_0layer,sgd,0.05,5,1444,0.5015384554862976,1.9132263660430908,0.5092307925224304,1.912203311920166
wine,4,ffnn_0layer,sgd,0.1,1,1276,0.4923076927661896,1.913091778755188,0.5215384364128113,1.9120548963546753
wine,4,ffnn_0layer,sgd,0.1,2,1318,0.4923076927661896,1.9131711721420288,0.5215384364128113,1.9120500087738037
wine,4,ffnn_0layer,sgd,0.1,3,1360,0.4938461482524872,1.913165807723999,0.5230769515037537,1.9120128154754639
wine,4,ffnn_0layer,sgd,0.1,4,1402,0.48923078179359436,1.913117527961731,0.5169230699539185,1.9120453596115112
wine,4,ffnn_0layer,sgd,0.1,5,1444,0.4923076927661896,1.9130980968475342,0.5215384364128113,1.9120604991912842
wine,4,sampler,adam,0.001,1,1276,0.5,1.9128531217575073,0.5307692289352417,1.9115633964538574
wine,4,sampler,adam,0.001,2,1318,0.5,1.9128490686416626,0.5307692289352417,1.9115616083145142
wine,4,sampler,adam,0.001,3,1360,0.4984615445137024,1.91286039352417,0.5338461399078369,1.9115711450576782
wine,4,sampler,adam,0.001,4,1402,0.5,1.9128483533859253,0.5323076844215393,1.9115580320358276
wine,4,sampler,adam,0.001,5,1444,0.4984615445137024,1.9128562211990356,0.5323076844215393,1.9115692377090454
wine,4,sampler,adam,0.005,1,1276,0.5015384554862976,1.9128453731536865,0.5307692289352417,1.9115594625473022
wine,4,sampler,adam,0.005,2,1318,0.5015384554862976,1.9128361940383911,0.5323076844215393,1.9115514755249023
wine,4,sampler,adam,0.005,3,1360,0.4984615445137024,1.9128526449203491,0.5323076844215393,1.9115619659423828
wine,4,sampler,adam,0.005,4,1402,0.5,1.9128358364105225,0.5307692289352417,1.9115495681762695
wine,4,sampler,adam,0.005,5,1444,0.5,1.9128365516662598,0.5307692289352417,1.911559820175171
wine,4,sampler,adam,0.01,1,1276,0.5,1.9128551483154297,0.5353845953941345,1.911570429801941
wine,4,sampler,adam,0.01,2,1318,0.5030769109725952,1.9128280878067017,0.5323076844215393,1.911548376083374
wine,4,sampler,adam,0.01,3,1360,0.5,1.9128562211990356,0.5307692289352417,1.9115656614303589
wine,4,sampler,adam,0.01,4,1402,0.5015384554862976,1.9128389358520508,0.5323076844215393,1.9115525484085083
wine,4,sampler,adam,0.01,5,1444,0.4969230890274048,1.9128459692001343,0.5323076844215393,1.9115711450576782
wine,4,sampler,adam,0.05,1,1276,0.5,1.9129250049591064,0.5353845953941345,1.9116443395614624
wine,4,sampler,adam,0.05,2,1318,0.5,1.9128309488296509,0.5292307734489441,1.9115859270095825
wine,4,sampler,adam,0.05,3,1360,0.5061538219451904,1.912824273109436,0.5369230508804321,1.9115519523620605
wine,4,sampler,adam,0.05,4,1402,0.4953846037387848,1.9129729270935059,0.5323076844215393,1.9117826223373413
wine,4,sampler,adam,0.05,5,1444,0.5015384554862976,1.9128483533859253,0.5353845953941345,1.9115508794784546
wine,4,sampler,adam,0.1,1,1276,0.4938461482524872,1.9130669832229614,0.5307692289352417,1.911833643913269
wine,4,sampler,adam,0.1,2,1318,0.49076923727989197,1.9130985736846924,0.5215384364128113,1.9120049476623535
wine,4,sampler,adam,0.1,3,1360,0.5061538219451904,1.9128888845443726,0.5400000214576721,1.9117121696472168
wine,4,sampler,adam,0.1,4,1402,0.5015384554862976,1.9129570722579956,0.5353845953941345,1.911799669265747
wine,4,sampler,adam,0.1,5,1444,0.4953846037387848,1.9128248691558838,0.5492307543754578,1.9115111827850342
wine,4,sampler,sgd,0.001,1,1276,0.436923086643219,1.9168100357055664,0.4446153938770294,1.9164183139801025
wine,4,sampler,sgd,0.001,2,1318,0.4338461458683014,1.914293885231018,0.4415384531021118,1.9135105609893799
wine,4,sampler,sgd,0.001,3,1360,0.436923086643219,1.9171268939971924,0.4446153938770294,1.9167304039001465
wine,4,sampler,sgd,0.001,4,1402,0.435384601354599,1.9161581993103027,0.4430769085884094,1.9157147407531738
wine,4,sampler,sgd,0.001,5,1444,0.435384601354599,1.9153547286987305,0.4415384531021118,1.9147922992706299
wine,4,sampler,sgd,0.005,1,1276,0.436923086643219,1.9166960716247559,0.4446153938770294,1.9162999391555786
wine,4,sampler,sgd,0.005,2,1318,0.4338461458683014,1.9141825437545776,0.4415384531021118,1.9133706092834473
wine,4,sampler,sgd,0.005,3,1360,0.436923086643219,1.917040228843689,0.4446153938770294,1.9166449308395386
wine,4,sampler,sgd,0.005,4,1402,0.435384601354599,1.9160000085830688,0.4415384531021118,1.9155374765396118
wine,4,sampler,sgd,0.005,5,1444,0.435384601354599,1.9151870012283325,0.4415384531021118,1.9145928621292114
wine,4,sampler,sgd,0.01,1,1276,0.436923086643219,1.9165394306182861,0.446153849363327,1.9161344766616821
wine,4,sampler,sgd,0.01,2,1318,0.4338461458683014,1.9140534400939941,0.4415384531021118,1.913209319114685
wine,4,sampler,sgd,0.01,3,1360,0.436923086643219,1.916920781135559,0.446153849363327,1.9165230989456177
wine,4,sampler,sgd,0.01,4,1402,0.435384601354599,1.9157929420471191,0.4415384531021118,1.915302038192749
wine,4,sampler,sgd,0.01,5,1444,0.435384601354599,1.9149836301803589,0.4415384531021118,1.9143484830856323
wine,4,sampler,sgd,0.05,1,1276,0.435384601354599,1.9149062633514404,0.4415384531021118,1.9142615795135498
wine,4,sampler,sgd,0.05,2,1318,0.5076923370361328,1.9134094715118408,0.5153846144676208,1.9123966693878174
wine,4,sampler,sgd,0.05,3,1360,0.435384601354599,1.9154362678527832,0.4415384531021118,1.914884090423584
wine,4,sampler,sgd,0.05,4,1402,0.435384601354599,1.9142407178878784,0.4415384531021118,1.9134397506713867
wine,4,sampler,sgd,0.05,5,1444,0.4338461458683014,1.9137815237045288,0.4415384531021118,1.9128751754760742
wine,4,sampler,sgd,0.1,1,1276,0.5061538219451904,1.9135297536849976,0.4923076927661896,1.9125757217407227
wine,4,sampler,sgd,0.1,2,1318,0.48923078179359436,1.9131848812103271,0.5215384364128113,1.9121159315109253
wine,4,sampler,sgd,0.1,3,1360,0.4338461458683014,1.9137601852416992,0.4415384531021118,1.9128451347351074
wine,4,sampler,sgd,0.1,4,1402,0.47846153378486633,1.9133368730545044,0.5076923370361328,1.9123287200927734
wine,4,sampler,sgd,0.1,5,1444,0.48615384101867676,1.9132455587387085,0.5169230699539185,1.9122174978256226
wine,8,ffnn_0layer,adam,0.001,1,1276,0.48923078179359436,1.9154163599014282,0.48615384101867676,1.9149831533432007
wine,8,ffnn_0layer,adam,0.001,2,1318,0.48615384101867676,1.9154300689697266,0.48615384101867676,1.9149812459945679
wine,8,ffnn_0layer,adam,0.001,3,1360,0.48923078179359436,1.9154183864593506,0.48615384101867676,1.9149816036224365
wine,8,ffnn_0layer,adam,0.001,4,1402,0.48615384101867676,1.9154281616210938,0.48615384101867676,1.9149776697158813
wine,8,ffnn_0layer,adam,0.001,5,1444,0.48615384101867676,1.915425419807434,0.48615384101867676,1.9149751663208008
wine,8,ffnn_0layer,adam,0.005,1,1276,0.4923076927661896,1.915402889251709,0.48769229650497437,1.914998173713684
wine,8,ffnn_0layer,adam,0.005,2,1318,0.48769229650497437,1.9154173135757446,0.48615384101867676,1.9149715900421143
wine,8,ffnn_0layer,adam,0.005,3,1360,0.48769229650497437,1.9154071807861328,0.48769229650497437,1.9149855375289917
wine,8,ffnn_0layer,adam,0.005,4,1402,0.48615384101867676,1.9154146909713745,0.48615384101867676,1.9149733781814575
wine,8,ffnn_0layer,adam,0.005,5,1444,0.48615384101867676,1.9154213666915894,0.48615384101867676,1.9149757623672485
wine,8,ffnn_0layer,adam,0.01,1,1276,0.4969230890274048,1.9154011011123657,0.48769229650497437,1.9150015115737915
wine,8,ffnn_0layer,adam,0.01,2,1318,0.48461538553237915,1.9154108762741089,0.48615384101867676,1.9149688482284546
wine,8,ffnn_0layer,adam,0.01,3,1360,0.48769229650497437,1.9154020547866821,0.48769229650497437,1.9149689674377441
wine,8,ffnn_0layer,adam,0.01,4,1402,0.48923078179359436,1.9154095649719238,0.48615384101867676,1.9149861335754395
wine,8,ffnn_0layer,adam,0.01,5,1444,0.48769229650497437,1.915432095527649,0.48769229650497437,1.9149845838546753
wine,8,ffnn_0layer,adam,0.05,1,1276,0.48461538553237915,1.9153904914855957,0.48769229650497437,1.914957880973816
wine,8,ffnn_0layer,adam,0.05,2,1318,0.48615384101867676,1.9154245853424072,0.48153847455978394,1.9149969816207886
wine,8,ffnn_0layer,adam,0.05,3,1360,0.48923078179359436,1.9154409170150757,0.48769229650497437,1.9149812459945679
wine,8,ffnn_0layer,adam,0.05,4,1402,0.4953846037387848,1.9154223203659058,0.48307693004608154,1.9150187969207764
wine,8,ffnn_0layer,adam,0.05,5,1444,0.4984615445137024,1.9154373407363892,0.48923078179359436,1.9151490926742554
wine,8,ffnn_0layer,adam,0.1,1,1276,0.4923076927661896,1.9153767824172974,0.48615384101867676,1.9150242805480957
wine,8,ffnn_0layer,adam,0.1,2,1318,0.48461538553237915,1.9155656099319458,0.48153847455978394,1.9149960279464722
wine,8,ffnn_0layer,adam,0.1,3,1360,0.4938461482524872,1.9154555797576904,0.48769229650497437,1.9150593280792236
wine,8,ffnn_0layer,adam,0.1,4,1402,0.4953846037387848,1.9154255390167236,0.48615384101867676,1.914988398551941
wine,8,ffnn_0layer,adam,0.1,5,1444,0.4984615445137024,1.9154300689697266,0.4938461482524872,1.9151277542114258
wine,8,ffnn_0layer,sgd,0.001,1,1276,0.4446153938770294,1.9180389642715454,0.44769230484962463,1.9176381826400757
wine,8,ffnn_0layer,sgd,0.001,2,1318,0.45538461208343506,1.9173123836517334,0.47846153378486633,1.9165974855422974
wine,8,ffnn_0layer,sgd,0.001,3,1360,0.46000000834465027,1.9169824123382568,0.4723076820373535,1.916338324546814
wine,8,ffnn_0layer,sgd,0.001,4,1402,0.45692306756973267,1.9172440767288208,0.4738461673259735,1.9166053533554077
wine,8,ffnn_0layer,sgd,0.001,5,1444,0.4399999976158142,1.9181122779846191,0.44769230484962463,1.9176863431930542
wine,8,ffnn_0layer,sgd,0.005,1,1276,0.4446153938770294,1.918027400970459,0.44769230484962463,1.9176217317581177
wine,8,ffnn_0layer,sgd,0.005,2,1318,0.45846155285835266,1.917275071144104,0.4723076820373535,1.9165610074996948
wine,8,ffnn_0layer,sgd,0.005,3,1360,0.46000000834465027,1.9169546365737915,0.4723076820373535,1.9163166284561157
wine,8,ffnn_0layer,sgd,0.005,4,1402,0.45692306756973267,1.917201042175293,0.4707692265510559,1.9165587425231934
wine,8,ffnn_0layer,sgd,0.005,5,1444,0.4399999976158142,1.918102502822876,0.44769230484962463,1.9176721572875977
wine,8,ffnn_0layer,sgd,0.01,1,1276,0.446153849363327,1.918012261390686,0.44769230484962463,1.9175983667373657
wine,8,ffnn_0layer,sgd,0.01,2,1318,0.45692306756973267,1.9172308444976807,0.4723076820373535,1.9165196418762207
wine,8,ffnn_0layer,sgd,0.01,3,1360,0.4630769193172455,1.9169220924377441,0.4738461673259735,1.916292428970337
wine,8,ffnn_0layer,sgd,0.01,4,1402,0.4630769193172455,1.9171494245529175,0.4738461673259735,1.916504979133606
wine,8,ffnn_0layer,sgd,0.01,5,1444,0.4399999976158142,1.9180892705917358,0.44769230484962463,1.9176536798477173
wine,8,ffnn_0layer,sgd,0.05,1,1276,0.446153849363327,1.9178433418273926,0.45230770111083984,1.9173294305801392
wine,8,ffnn_0layer,sgd,0.05,2,1318,0.4630769193172455,1.9169902801513672,0.4769230782985687,1.9163262844085693
wine,8,ffnn_0layer,sgd,0.05,3,1360,0.4707692265510559,1.9167401790618896,0.4769230782985687,1.916174292564392
wine,8,ffnn_0layer,sgd,0.05,4,1402,0.4692307710647583,1.9168659448623657,0.4769230782985687,1.9162441492080688
wine,8,ffnn_0layer,sgd,0.05,5,1444,0.4415384531021118,1.917948842048645,0.44769230484962463,1.917439579963684
wine,8,ffnn_0layer,sgd,0.1,1,1276,0.45692306756973267,1.9173502922058105,0.4753846228122711,1.9166680574417114
wine,8,ffnn_0layer,sgd,0.1,2,1318,0.4676923155784607,1.9168682098388672,0.47999998927116394,1.9162575006484985
wine,8,ffnn_0layer,sgd,0.1,3,1360,0.47999998927116394,1.9165953397750854,0.48153847455978394,1.916088342666626
wine,8,ffnn_0layer,sgd,0.1,4,1402,0.4769230782985687,1.916728138923645,0.48153847455978394,1.916144609451294
wine,8,ffnn_0layer,sgd,0.1,5,1444,0.44769230484962463,1.917574167251587,0.4630769193172455,1.9168962240219116
wine,8,sampler,adam,0.001,1,1276,0.48615384101867676,1.9154313802719116,0.48615384101867676,1.9149831533432007
wine,8,sampler,adam,0.001,2,1318,0.48769229650497437,1.9154385328292847,0.48615384101867676,1.914984941482544
wine,8,sampler,adam,0.001,3,1360,0.48615384101867676,1.9154313802719116,0.48615384101867676,1.9149839878082275
wine,8,sampler,adam,0.001,4,1402,0.48769229650497437,1.9154388904571533,0.48615384101867676,1.9149832725524902
wine,8,sampler,adam,0.001,5,1444,0.48615384101867676,1.9154342412948608,0.48615384101867676,1.9149806499481201
wine,8,sampler,adam,0.005,1,1276,0.48923078179359436,1.915405035018921,0.48923078179359436,1.9149913787841797
wine,8,sampler,adam,0.005,2,1318,0.48615384101867676,1.915424108505249,0.48769229650497437,1.914976716041565
wine,8,sampler,adam,0.005,3,1360,0.48923078179359436,1.9154118299484253,0.48923078179359436,1.9149855375289917
wine,8,sampler,adam,0.005,4,1402,0.48769229650497437,1.9154205322265625,0.48615384101867676,1.9149737358093262
wine,8,sampler,adam,0.005,5,1444,0.48769229650497437,1.9154208898544312,0.48769229650497437,1.9149737358093262
wine,8,sampler,adam,0.01,1,1276,0.4923076927661896,1.915402889251709,0.48769229650497437,1.914997935295105
wine,8,sampler,adam,0.01,2,1318,0.48769229650497437,1.9154173135757446,0.48615384101867676,1.9149715900421143
wine,8,sampler,adam,0.01,3,1360,0.48769229650497437,1.9154071807861328,0.48769229650497437,1.9149855375289917
wine,8,sampler,adam,0.01,4,1402,0.48615384101867676,1.9154146909713745,0.48615384101867676,1.9149733781814575
wine,8,sampler,adam,0.01,5,1444,0.48615384101867676,1.9154213666915894,0.48615384101867676,1.9149757623672485
wine,8,sampler,adam,0.05,1,1276,0.4969230890274048,1.9154112339019775,0.49076923727989197,1.915027379989624
wine,8,sampler,adam,0.05,2,1318,0.48461538553237915,1.9154199361801147,0.48615384101867676,1.914976954460144
wine,8,sampler,adam,0.05,3,1360,0.48307693004608154,1.9154404401779175,0.48769229650497437,1.9149565696716309
wine,8,sampler,adam,0.05,4,1402,0.4923076927661896,1.9154068231582642,0.48461538553237915,1.9150193929672241
wine,8,sampler,adam,0.05,5,1444,0.4953846037387848,1.915414810180664,0.48769229650497437,1.9150159358978271
wine,8,sampler,adam,0.1,1,1276,0.48461538553237915,1.9153904914855957,0.48769229650497437,1.914957880973816
wine,8,sampler,adam,0.1,2,1318,0.48615384101867676,1.9154245853424072,0.48153847455978394,1.9149969816207886
wine,8,sampler,adam,0.1,3,1360,0.48923078179359436,1.9154409170150757,0.48769229650497437,1.9149812459945679
wine,8,sampler,adam,0.1,4,1402,0.4953846037387848,1.9154223203659058,0.48307693004608154,1.9150187969207764
wine,8,sampler,adam,0.1,5,1444,0.4984615445137024,1.9154373407363892,0.48923078179359436,1.9151490926742554
wine,8,sampler,sgd,0.001,1,1276,0.436923086643219,1.918192982673645,0.446153849363327,1.91776704788208
wine,8,sampler,sgd,0.001,2,1318,0.4384615421295166,1.918139100074768,0.44769230484962463,1.9177073240280151
wine,8,sampler,sgd,0.001,3,1360,0.4384615421295166,1.9182474613189697,0.4430769085884094,1.9178619384765625
wine,8,sampler,sgd,0.001,4,1402,0.435384601354599,1.9182161092758179,0.446153849363327,1.917813777923584
wine,8,sampler,sgd,0.001,5,1444,0.4415384531021118,1.9180715084075928,0.44769230484962463,1.9176117181777954
wine,8,sampler,sgd,0.005,1,1276,0.436923086643219,1.918189287185669,0.446153849363327,1.9177618026733398
wine,8,sampler,sgd,0.005,2,1318,0.4384615421295166,1.9181342124938965,0.44923076033592224,1.9177007675170898
wine,8,sampler,sgd,0.005,3,1360,0.4384615421295166,1.9182459115982056,0.4430769085884094,1.9178606271743774
wine,8,sampler,sgd,0.005,4,1402,0.435384601354599,1.918212890625,0.446153849363327,1.9178097248077393
wine,8,sampler,sgd,0.005,5,1444,0.4415384531021118,1.918065071105957,0.44769230484962463,1.9176015853881836
wine,8,sampler,sgd,0.01,1,1276,0.436923086643219,1.9181843996047974,0.446153849363327,1.9177550077438354
wine,8,sampler,sgd,0.01,2,1318,0.4384615421295166,1.9181280136108398,0.44923076033592224,1.9176932573318481
wine,8,sampler,sgd,0.01,3,1360,0.4384615421295166,1.9182442426681519,0.4430769085884094,1.9178590774536133
wine,8,sampler,sgd,0.01,4,1402,0.435384601354599,1.9182087182998657,0.446153849363327,1.91780424118042
wine,8,sampler,sgd,0.01,5,1444,0.4415384531021118,1.918056845664978,0.44923076033592224,1.917588472366333
wine,8,sampler,sgd,0.05,1,1276,0.4384615421295166,1.9181371927261353,0.446153849363327,1.9176900386810303
wine,8,sampler,sgd,0.05,2,1318,0.4415384531021118,1.9180718660354614,0.446153849363327,1.917616605758667
wine,8,sampler,sgd,0.05,3,1360,0.4384615421295166,1.9182265996932983,0.4430769085884094,1.9178450107574463
wine,8,sampler,sgd,0.05,4,1402,0.435384601354599,1.918170690536499,0.44769230484962463,1.917755365371704
wine,8,sampler,sgd,0.05,5,1444,0.4415384531021118,1.917974591255188,0.44923076033592224,1.9174598455429077
wine,8,sampler,sgd,0.1,1,1276,0.4399999976158142,1.9180558919906616,0.45076924562454224,1.9175721406936646
wine,8,sampler,sgd,0.1,2,1318,0.4415384531021118,1.9179749488830566,0.45076924562454224,1.9174762964248657
wine,8,sampler,sgd,0.1,3,1360,0.436923086643219,1.918199896812439,0.4430769085884094,1.9178203344345093
wine,8,sampler,sgd,0.1,4,1402,0.436923086643219,1.918109655380249,0.446153849363327,1.9176690578460693
wine,8,sampler,sgd,0.1,5,1444,0.4430769085884094,1.917824149131775,0.45384615659713745,1.917226791381836
wine,11,ffnn_0layer,adam,0.001,1,1276,0.5246154069900513,1.9104691743850708,0.5476922988891602,1.9091265201568604
wine,11,ffnn_0layer,adam,0.001,2,1318,0.5276923179626465,1.9104712009429932,0.5461538434028625,1.9091237783432007
wine,11,ffnn_0layer,adam,0.001,3,1360,0.5246154069900513,1.910489797592163,0.5446153879165649,1.9091333150863647
wine,11,ffnn_0layer,adam,0.001,4,1402,0.5246154069900513,1.9104820489883423,0.5476922988891602,1.9091323614120483
wine,11,ffnn_0layer,adam,0.001,5,1444,0.5215384364128113,1.9104912281036377,0.5430769324302673,1.9091362953186035
wine,11,ffnn_0layer,adam,0.005,1,1276,0.5246154069900513,1.9104522466659546,0.5430769324302673,1.909125804901123
wine,11,ffnn_0layer,adam,0.005,2,1318,0.5230769515037537,1.910467267036438,0.5461538434028625,1.9091352224349976
wine,11,ffnn_0layer,adam,0.005,3,1360,0.5230769515037537,1.910491704940796,0.5461538434028625,1.909134030342102
wine,11,ffnn_0layer,adam,0.005,4,1402,0.5261538624763489,1.9104666709899902,0.5461538434028625,1.9091277122497559
wine,11,ffnn_0layer,adam,0.005,5,1444,0.5246154069900513,1.9105104207992554,0.5461538434028625,1.9091644287109375
wine,11,ffnn_0layer,adam,0.01,1,1276,0.5292307734489441,1.9104417562484741,0.5446153879165649,1.909128189086914
wine,11,ffnn_0layer,adam,0.01,2,1318,0.5261538624763489,1.9104727506637573,0.5446153879165649,1.9091525077819824
wine,11,ffnn_0layer,adam,0.01,3,1360,0.5215384364128113,1.9105119705200195,0.5446153879165649,1.9091291427612305
wine,11,ffnn_0layer,adam,0.01,4,1402,0.5261538624763489,1.9104704856872559,0.5476922988891602,1.9091477394104004
wine,11,ffnn_0layer,adam,0.01,5,1444,0.5261538624763489,1.9105361700057983,0.5384615659713745,1.9091962575912476
wine,11,ffnn_0layer,adam,0.05,1,1276,0.5184615254402161,1.9105085134506226,0.5415384769439697,1.9091342687606812
wine,11,ffnn_0layer,adam,0.05,2,1318,0.5215384364128113,1.9106054306030273,0.5400000214576721,1.9092450141906738
wine,11,ffnn_0layer,adam,0.05,3,1360,0.5246154069900513,1.9105474948883057,0.5461538434028625,1.9091936349868774
wine,11,ffnn_0layer,adam,0.05,4,1402,0.5323076844215393,1.910512924194336,0.5446153879165649,1.909104585647583
wine,11,ffnn_0layer,adam,0.05,5,1444,0.5292307734489441,1.9104399681091309,0.5476922988891602,1.9090958833694458
wine,11,ffnn_0layer,adam,0.1,1,1276,0.5292307734489441,1.9104663133621216,0.5461538434028625,1.9091111421585083
wine,11,ffnn_0layer,adam,0.1,2,1318,0.5230769515037537,1.9107110500335693,0.5400000214576721,1.9092439413070679
wine,11,ffnn_0layer,adam,0.1,3,1360,0.5292307734489441,1.9105008840560913,0.5461538434028625,1.9091564416885376
wine,11,ffnn_0layer,adam,0.1,4,1402,0.5292307734489441,1.9105770587921143,0.5507692098617554,1.9092028141021729
wine,11,ffnn_0layer,adam,0.1,5,1444,0.5215384364128113,1.9106154441833496,0.5446153879165649,1.9093765020370483
wine,11,ffnn_0layer,sgd,0.001,1,1276,0.4738461673259735,1.9145311117172241,0.48615384101867676,1.9138855934143066
wine,11,ffnn_0layer,sgd,0.001,2,1318,0.5184615254402161,1.912291169166565,0.5169230699539185,1.9112186431884766
wine,11,ffnn_0layer,sgd,0.001,3,1360,0.44769230484962463,1.914122462272644,0.44769230484962463,1.913567066192627
wine,11,ffnn_0layer,sgd,0.001,4,1402,0.49076923727989197,1.9126884937286377,0.5169230699539185,1.9116902351379395
wine,11,ffnn_0layer,sgd,0.001,5,1444,0.446153849363327,1.9141453504562378,0.446153849363327,1.9135980606079102
wine,11,ffnn_0layer,sgd,0.005,1,1276,0.47846153378486633,1.9141881465911865,0.49076923727989197,1.9135135412216187
wine,11,ffnn_0layer,sgd,0.005,2,1318,0.5169230699539185,1.9122222661972046,0.5138461589813232,1.9111250638961792
wine,11,ffnn_0layer,sgd,0.005,3,1360,0.45230770111083984,1.9138615131378174,0.44923076033592224,1.9132448434829712
wine,11,ffnn_0layer,sgd,0.005,4,1402,0.48923078179359436,1.9126793146133423,0.5169230699539185,1.9116770029067993
wine,11,ffnn_0layer,sgd,0.005,5,1444,0.44923076033592224,1.9138778448104858,0.4446153938770294,1.913258671760559
wine,11,ffnn_0layer,sgd,0.01,1,1276,0.48615384101867676,1.9137438535690308,0.4969230890274048,1.9130157232284546
wine,11,ffnn_0layer,sgd,0.01,2,1318,0.5153846144676208,1.9121432304382324,0.5153846144676208,1.911026120185852
wine,11,ffnn_0layer,sgd,0.01,3,1360,0.46000000834465027,1.913581371307373,0.45384615659713745,1.9128921031951904
wine,11,ffnn_0layer,sgd,0.01,4,1402,0.49076923727989197,1.9126694202423096,0.5169230699539185,1.9116637706756592
wine,11,ffnn_0layer,sgd,0.01,5,1444,0.4430769085884094,1.913588523864746,0.45384615659713745,1.9128868579864502
wine,11,ffnn_0layer,sgd,0.05,1,1276,0.5261538624763489,1.9116355180740356,0.5092307925224304,1.9105085134506226
wine,11,ffnn_0layer,sgd,0.05,2,1318,0.5215384364128113,1.9115049839019775,0.510769248008728,1.9103575944900513
wine,11,ffnn_0layer,sgd,0.05,3,1360,0.5030769109725952,1.912631630897522,0.5076923370361328,1.9116158485412598
wine,11,ffnn_0layer,sgd,0.05,4,1402,0.510769248008728,1.9125277996063232,0.5123077034950256,1.9114630222320557
wine,11,ffnn_0layer,sgd,0.05,5,1444,0.5015384554862976,1.912575125694275,0.4984615445137024,1.9115160703659058
wine,11,ffnn_0layer,sgd,0.1,1,1276,0.5292307734489441,1.9113227128982544,0.5215384364128113,1.9101605415344238
wine,11,ffnn_0layer,sgd,0.1,2,1318,0.5230769515037537,1.9111015796661377,0.5215384364128113,1.9099202156066895
wine,11,ffnn_0layer,sgd,0.1,3,1360,0.510769248008728,1.9121309518814087,0.5184615254402161,1.910929799079895
wine,11,ffnn_0layer,sgd,0.1,4,1402,0.5199999809265137,1.9119722843170166,0.5123077034950256,1.9107760190963745
wine,11,ffnn_0layer,sgd,0.1,5,1444,0.5169230699539185,1.9118248224258423,0.5123077034950256,1.9105688333511353
wine,11,sampler,adam,0.001,1,1276,0.5261538624763489,1.9104816913604736,0.5461538434028625,1.9091285467147827
wine,11,sampler,adam,0.001,2,1318,0.5261538624763489,1.9104810953140259,0.5446153879165649,1.9091297388076782
wine,11,sampler,adam,0.001,3,1360,0.5246154069900513,1.9104948043823242,0.5461538434028625,1.9091376066207886
wine,11,sampler,adam,0.001,4,1402,0.5246154069900513,1.910489797592163,0.5461538434028625,1.9091352224349976
wine,11,sampler,adam,0.001,5,1444,0.5246154069900513,1.9104974269866943,0.5446153879165649,1.9091389179229736
wine,11,sampler,adam,0.005,1,1276,0.5246154069900513,1.9104571342468262,0.5430769324302673,1.9091246128082275
wine,11,sampler,adam,0.005,2,1318,0.5261538624763489,1.9104655981063843,0.5446153879165649,1.909125804901123
wine,11,sampler,adam,0.005,3,1360,0.5246154069900513,1.9104868173599243,0.5461538434028625,1.9091304540634155
wine,11,sampler,adam,0.005,4,1402,0.5261538624763489,1.9104773998260498,0.5476922988891602,1.9091320037841797
wine,11,sampler,adam,0.005,5,1444,0.5215384364128113,1.9104918241500854,0.5446153879165649,1.9091434478759766
wine,11,sampler,adam,0.01,1,1276,0.5246154069900513,1.9104522466659546,0.5430769324302673,1.909125804901123
wine,11,sampler,adam,0.01,2,1318,0.5230769515037537,1.910467267036438,0.5461538434028625,1.9091352224349976
wine,11,sampler,adam,0.01,3,1360,0.5230769515037537,1.9104918241500854,0.5461538434028625,1.909134030342102
wine,11,sampler,adam,0.01,4,1402,0.5261538624763489,1.9104666709899902,0.5461538434028625,1.9091277122497559
wine,11,sampler,adam,0.01,5,1444,0.5246154069900513,1.9105104207992554,0.5461538434028625,1.9091644287109375
wine,11,sampler,adam,0.05,1,1276,0.5261538624763489,1.9104745388031006,0.5461538434028625,1.909138560295105
wine,11,sampler,adam,0.05,2,1318,0.5276923179626465,1.9104764461517334,0.5461538434028625,1.9091498851776123
wine,11,sampler,adam,0.05,3,1360,0.5338461399078369,1.9105204343795776,0.5461538434028625,1.9091025590896606
wine,11,sampler,adam,0.05,4,1402,0.5292307734489441,1.9105041027069092,0.5461538434028625,1.9091591835021973
wine,11,sampler,adam,0.05,5,1444,0.5261538624763489,1.9104969501495361,0.5446153879165649,1.9091737270355225
wine,11,sampler,adam,0.1,1,1276,0.5184615254402161,1.9105085134506226,0.5415384769439697,1.9091342687606812
wine,11,sampler,adam,0.1,2,1318,0.5215384364128113,1.9106054306030273,0.5400000214576721,1.9092448949813843
wine,11,sampler,adam,0.1,3,1360,0.5246154069900513,1.9105474948883057,0.5461538434028625,1.9091936349868774
wine,11,sampler,adam,0.1,4,1402,0.5323076844215393,1.910512924194336,0.5446153879165649,1.909104585647583
wine,11,sampler,adam,0.1,5,1444,0.5292307734489441,1.9104399681091309,0.5476922988891602,1.9090958833694458
wine,11,sampler,sgd,0.001,1,1276,0.4399999976158142,1.9157401323318481,0.44923076033592224,1.9153436422348022
wine,11,sampler,sgd,0.001,2,1318,0.4446153938770294,1.9160759449005127,0.45384615659713745,1.915725827217102
wine,11,sampler,sgd,0.001,3,1360,0.4415384531021118,1.9142900705337524,0.4446153938770294,1.9137279987335205
wine,11,sampler,sgd,0.001,4,1402,0.435384601354599,1.9152156114578247,0.44769230484962463,1.914739727973938
wine,11,sampler,sgd,0.001,5,1444,0.4446153938770294,1.9158867597579956,0.45846155285835266,1.9154809713363647
wine,11,sampler,sgd,0.005,1,1276,0.4384615421295166,1.9155710935592651,0.44769230484962463,1.9151536226272583
wine,11,sampler,sgd,0.005,2,1318,0.4430769085884094,1.9159300327301025,0.45230770111083984,1.9155718088150024
wine,11,sampler,sgd,0.005,3,1360,0.4399999976158142,1.9141539335250854,0.4446153938770294,1.913561224937439
wine,11,sampler,sgd,0.005,4,1402,0.435384601354599,1.9150375127792358,0.44769230484962463,1.9145346879959106
wine,11,sampler,sgd,0.005,5,1444,0.4430769085884094,1.915725827217102,0.45384615659713745,1.9153021574020386
wine,11,sampler,sgd,0.01,1,1276,0.4384615421295166,1.9153523445129395,0.446153849363327,1.9149032831192017
wine,11,sampler,sgd,0.01,2,1318,0.4399999976158142,1.9157352447509766,0.44769230484962463,1.9153618812561035
wine,11,sampler,sgd,0.01,3,1360,0.4430769085884094,1.9139958620071411,0.4446153938770294,1.9133660793304443
wine,11,sampler,sgd,0.01,4,1402,0.436923086643219,1.9148184061050415,0.44923076033592224,1.9142792224884033
wine,11,sampler,sgd,0.01,5,1444,0.4415384531021118,1.9155138731002808,0.45076924562454224,1.9150625467300415
wine,11,sampler,sgd,0.05,1,1276,0.4384615421295166,1.913788914680481,0.45230770111083984,1.9129886627197266
wine,11,sampler,sgd,0.05,2,1318,0.4430769085884094,1.914070963859558,0.44923076033592224,1.9134142398834229
wine,11,sampler,sgd,0.05,3,1360,0.49076923727989197,1.9131675958633423,0.4753846228122711,1.9123296737670898
wine,11,sampler,sgd,0.05,4,1402,0.44923076033592224,1.9134799242019653,0.45692306756973267,1.9126557111740112
wine,11,sampler,sgd,0.05,5,1444,0.446153849363327,1.9138261079788208,0.4615384638309479,1.913017988204956
wine,11,sampler,sgd,0.1,1,1276,0.5138461589813232,1.9128947257995605,0.5123077034950256,1.911815881729126
wine,11,sampler,sgd,0.1,2,1318,0.4953846037387848,1.912886142730713,0.49076923727989197,1.9118874073028564
wine,11,sampler,sgd,0.1,3,1360,0.4984615445137024,1.9128473997116089,0.5138461589813232,1.9119375944137573
wine,11,sampler,sgd,0.1,4,1402,0.4938461482524872,1.9128562211990356,0.5092307925224304,1.9118574857711792
wine,11,sampler,sgd,0.1,5,1444,0.510769248008728,1.912678599357605,0.5046153664588928,1.911551833152771
yeast,4,ffnn_0layer,adam,0.001,1,1276,0.536912739276886,2.2760074138641357,0.4256756901741028,2.2789628505706787
yeast,4,ffnn_0layer,adam,0.001,2,1318,0.536912739276886,2.276003122329712,0.4256756901741028,2.278956174850464
yeast,4,ffnn_0layer,adam,0.001,3,1360,0.536912739276886,2.2760016918182373,0.4256756901741028,2.2789499759674072
yeast,4,ffnn_0layer,adam,0.001,4,1402,0.536912739276886,2.2759923934936523,0.4256756901741028,2.2789523601531982
yeast,4,ffnn_0layer,adam,0.001,5,1444,0.536912739276886,2.276010036468506,0.4256756901741028,2.278951644897461
yeast,4,ffnn_0layer,adam,0.005,1,1276,0.5436241626739502,2.276050329208374,0.4189189374446869,2.2789883613586426
yeast,4,ffnn_0layer,adam,0.005,2,1318,0.536912739276886,2.2760610580444336,0.4256756901741028,2.278958320617676
yeast,4,ffnn_0layer,adam,0.005,3,1360,0.536912739276886,2.2760801315307617,0.4256756901741028,2.2789340019226074
yeast,4,ffnn_0layer,adam,0.005,4,1402,0.536912739276886,2.2760579586029053,0.4256756901741028,2.278934955596924
yeast,4,ffnn_0layer,adam,0.005,5,1444,0.536912739276886,2.2760815620422363,0.4256756901741028,2.278933048248291
yeast,4,ffnn_0layer,adam,0.01,1,1276,0.5436241626739502,2.276059150695801,0.4189189374446869,2.2790133953094482
yeast,4,ffnn_0layer,adam,0.01,2,1318,0.536912739276886,2.276067018508911,0.4256756901741028,2.27895188331604
yeast,4,ffnn_0layer,adam,0.01,3,1360,0.536912739276886,2.276124954223633,0.4256756901741028,2.2789218425750732
yeast,4,ffnn_0layer,adam,0.01,4,1402,0.536912739276886,2.276094436645508,0.4256756901741028,2.2789206504821777
yeast,4,ffnn_0layer,adam,0.01,5,1444,0.536912739276886,2.2761435508728027,0.4256756901741028,2.278878688812256
yeast,4,ffnn_0layer,adam,0.05,1,1276,0.536912739276886,2.2760775089263916,0.4256756901741028,2.2789645195007324
yeast,4,ffnn_0layer,adam,0.05,2,1318,0.5302013158798218,2.276122570037842,0.3986486494541168,2.2790582180023193
yeast,4,ffnn_0layer,adam,0.05,3,1360,0.5234899520874023,2.276261568069458,0.37837839126586914,2.278909206390381
yeast,4,ffnn_0layer,adam,0.05,4,1402,0.5302013158798218,2.2759509086608887,0.4189189374446869,2.279108762741089
yeast,4,ffnn_0layer,adam,0.05,5,1444,0.536912739276886,2.2761290073394775,0.412162184715271,2.278952121734619
yeast,4,ffnn_0layer,adam,0.1,1,1276,0.536912739276886,2.276209592819214,0.4054054021835327,2.2792842388153076
yeast,4,ffnn_0layer,adam,0.1,2,1318,0.5100671052932739,2.2769782543182373,0.3581081032752991,2.2800452709198
yeast,4,ffnn_0layer,adam,0.1,3,1360,0.5503355860710144,2.2764999866485596,0.4324324429035187,2.2788102626800537
yeast,4,ffnn_0layer,adam,0.1,4,1402,0.536912739276886,2.2759757041931152,0.4189189374446869,2.279142379760742
yeast,4,ffnn_0layer,adam,0.1,5,1444,0.5302013158798218,2.2759857177734375,0.412162184715271,2.279106378555298
yeast,4,ffnn_0layer,sgd,0.001,1,1276,0.4026845693588257,2.283015251159668,0.3378378450870514,2.2842607498168945
yeast,4,ffnn_0layer,sgd,0.001,2,1318,0.5234899520874023,2.2774229049682617,0.43918919563293457,2.279350519180298
yeast,4,ffnn_0layer,sgd,0.001,3,1360,0.536912739276886,2.2767794132232666,0.4054054021835327,2.28049373626709
yeast,4,ffnn_0layer,sgd,0.001,4,1402,0.38255032896995544,2.282261848449707,0.3378378450870514,2.2852210998535156
yeast,4,ffnn_0layer,sgd,0.001,5,1444,0.4026845693588257,2.283531427383423,0.3310810923576355,2.284701347351074
yeast,4,ffnn_0layer,sgd,0.005,1,1276,0.4026845693588257,2.2829413414001465,0.3378378450870514,2.2841954231262207
yeast,4,ffnn_0layer,sgd,0.005,2,1318,0.5234899520874023,2.277372121810913,0.43918919563293457,2.279310703277588
yeast,4,ffnn_0layer,sgd,0.005,3,1360,0.536912739276886,2.2767043113708496,0.3986486494541168,2.2804465293884277
yeast,4,ffnn_0layer,sgd,0.005,4,1402,0.38255032896995544,2.2822489738464355,0.3378378450870514,2.285189390182495
yeast,4,ffnn_0layer,sgd,0.005,5,1444,0.4026845693588257,2.283468723297119,0.3310810923576355,2.284636974334717
yeast,4,ffnn_0layer,sgd,0.01,1,1276,0.4026845693588257,2.2828433513641357,0.3445945978164673,2.2841084003448486
yeast,4,ffnn_0layer,sgd,0.01,2,1318,0.5234899520874023,2.277308225631714,0.43918919563293457,2.2792625427246094
yeast,4,ffnn_0layer,sgd,0.01,3,1360,0.536912739276886,2.2766120433807373,0.3986486494541168,2.2803878784179688
yeast,4,ffnn_0layer,sgd,0.01,4,1402,0.38255032896995544,2.282231092453003,0.3378378450870514,2.2851479053497314
yeast,4,ffnn_0layer,sgd,0.01,5,1444,0.4026845693588257,2.283386468887329,0.3310810923576355,2.2845540046691895
yeast,4,ffnn_0layer,sgd,0.05,1,1276,0.42953020334243774,2.281689405441284,0.3513513505458832,2.283099412918091
yeast,4,ffnn_0layer,sgd,0.05,2,1318,0.5234899520874023,2.276796817779541,0.4256756901741028,2.2789793014526367
yeast,4,ffnn_0layer,sgd,0.05,3,1360,0.5302013158798218,2.2759923934936523,0.3986486494541168,2.2799408435821533
yeast,4,ffnn_0layer,sgd,0.05,4,1402,0.38926175236701965,2.281959056854248,0.3445945978164673,2.2847063541412354
yeast,4,ffnn_0layer,sgd,0.05,5,1444,0.42281877994537354,2.2825074195861816,0.3513513505458832,2.2837343215942383
yeast,4,ffnn_0layer,sgd,0.1,1,1276,0.5503355860710144,2.278676986694336,0.44594594836235046,2.280616044998169
yeast,4,ffnn_0layer,sgd,0.1,2,1318,0.5302013158798218,2.2762765884399414,0.43918919563293457,2.2788453102111816
yeast,4,ffnn_0layer,sgd,0.1,3,1360,0.5302013158798218,2.2756187915802,0.4054054021835327,2.2795145511627197
yeast,4,ffnn_0layer,sgd,0.1,4,1402,0.4093959629535675,2.280824899673462,0.31081080436706543,2.2834794521331787
yeast,4,ffnn_0layer,sgd,0.1,5,1444,0.5503355860710144,2.280095338821411,0.4324324429035187,2.2816965579986572
yeast,4,sampler,adam,0.001,1,1276,0.536912739276886,2.275862693786621,0.4256756901741028,2.2789623737335205
yeast,4,sampler,adam,0.001,2,1318,0.536912739276886,2.275934934616089,0.4256756901741028,2.2789461612701416
yeast,4,sampler,adam,0.001,3,1360,0.536912739276886,2.2757861614227295,0.4256756901741028,2.278968095779419
yeast,4,sampler,adam,0.001,4,1402,0.536912739276886,2.2758166790008545,0.4256756901741028,2.2789628505706787
yeast,4,sampler,adam,0.001,5,1444,0.536912739276886,2.2757511138916016,0.4256756901741028,2.2789695262908936
yeast,4,sampler,adam,0.005,1,1276,0.536912739276886,2.276033401489258,0.4256756901741028,2.2789788246154785
yeast,4,sampler,adam,0.005,2,1318,0.536912739276886,2.276050567626953,0.4256756901741028,2.278964042663574
yeast,4,sampler,adam,0.005,3,1360,0.536912739276886,2.276059865951538,0.4256756901741028,2.2789478302001953
yeast,4,sampler,adam,0.005,4,1402,0.536912739276886,2.2760398387908936,0.4256756901741028,2.27894926071167
yeast,4,sampler,adam,0.005,5,1444,0.536912739276886,2.2760541439056396,0.4256756901741028,2.2789571285247803
yeast,4,sampler,adam,0.01,1,1276,0.5436241626739502,2.276050329208374,0.4189189374446869,2.2789883613586426
yeast,4,sampler,adam,0.01,2,1318,0.536912739276886,2.2760610580444336,0.4256756901741028,2.278958320617676
yeast,4,sampler,adam,0.01,3,1360,0.536912739276886,2.2760801315307617,0.4256756901741028,2.2789340019226074
yeast,4,sampler,adam,0.01,4,1402,0.536912739276886,2.2760579586029053,0.4256756901741028,2.278935194015503
yeast,4,sampler,adam,0.01,5,1444,0.536912739276886,2.2760815620422363,0.4256756901741028,2.278933048248291
yeast,4,sampler,adam,0.05,1,1276,0.536912739276886,2.276034355163574,0.4256756901741028,2.2789855003356934
yeast,4,sampler,adam,0.05,2,1318,0.536912739276886,2.276109457015991,0.4256756901741028,2.278916358947754
yeast,4,sampler,adam,0.05,3,1360,0.5503355860710144,2.276271343231201,0.4054054021835327,2.2789459228515625
yeast,4,sampler,adam,0.05,4,1402,0.536912739276886,2.276078224182129,0.4256756901741028,2.2789366245269775
yeast,4,sampler,adam,0.05,5,1444,0.536912739276886,2.2760989665985107,0.4256756901741028,2.278917074203491
yeast,4,sampler,adam,0.1,1,1276,0.536912739276886,2.2760775089263916,0.4256756901741028,2.2789645195007324
yeast,4,sampler,adam,0.1,2,1318,0.5302013158798218,2.276122570037842,0.3986486494541168,2.2790582180023193
yeast,4,sampler,adam,0.1,3,1360,0.5234899520874023,2.276261568069458,0.37837839126586914,2.278909206390381
yeast,4,sampler,adam,0.1,4,1402,0.5302013158798218,2.2759509086608887,0.4189189374446869,2.279108762741089
yeast,4,sampler,adam,0.1,5,1444,0.536912739276886,2.2761290073394775,0.412162184715271,2.278952121734619
yeast,4,sampler,sgd,0.001,1,1276,0.4026845693588257,2.2843501567840576,0.3378378450870514,2.2860398292541504
yeast,4,sampler,sgd,0.001,2,1318,0.38926175236701965,2.284471273422241,0.3243243396282196,2.286426544189453
yeast,4,sampler,sgd,0.001,3,1360,0.4093959629535675,2.2827839851379395,0.3445945978164673,2.2842063903808594
yeast,4,sampler,sgd,0.001,4,1402,0.42953020334243774,2.281930446624756,0.3581081032752991,2.2836544513702393
yeast,4,sampler,sgd,0.001,5,1444,0.4026845693588257,2.283247709274292,0.3581081032752991,2.2846946716308594
yeast,4,sampler,sgd,0.005,1,1276,0.4026845693588257,2.2843048572540283,0.3378378450870514,2.2859842777252197
yeast,4,sampler,sgd,0.005,2,1318,0.38926175236701965,2.284457206726074,0.3243243396282196,2.2864022254943848
yeast,4,sampler,sgd,0.005,3,1360,0.4093959629535675,2.2827072143554688,0.3445945978164673,2.2841269969940186
yeast,4,sampler,sgd,0.005,4,1402,0.42953020334243774,2.2818779945373535,0.3581081032752991,2.283607244491577
yeast,4,sampler,sgd,0.005,5,1444,0.4026845693588257,2.2831950187683105,0.36486488580703735,2.2846298217773438
yeast,4,sampler,sgd,0.01,1,1276,0.4026845693588257,2.284245252609253,0.3378378450870514,2.285912275314331
yeast,4,sampler,sgd,0.01,2,1318,0.38926175236701965,2.2844386100769043,0.3243243396282196,2.2863714694976807
yeast,4,sampler,sgd,0.01,3,1360,0.4093959629535675,2.2826080322265625,0.3445945978164673,2.284024953842163
yeast,4,sampler,sgd,0.01,4,1402,0.42953020334243774,2.281809091567993,0.3581081032752991,2.283545970916748
yeast,4,sampler,sgd,0.01,5,1444,0.4026845693588257,2.28312611579895,0.36486488580703735,2.2845470905303955
yeast,4,sampler,sgd,0.05,1,1276,0.4026845693588257,2.283665895462036,0.3513513505458832,2.2852375507354736
yeast,4,sampler,sgd,0.05,2,1318,0.38926175236701965,2.2842838764190674,0.3243243396282196,2.2861077785491943
yeast,4,sampler,sgd,0.05,3,1360,0.42281877994537354,2.281642198562622,0.3310810923576355,2.2831058502197266
yeast,4,sampler,sgd,0.05,4,1402,0.42953020334243774,2.2811291217803955,0.3445945978164673,2.2829501628875732
yeast,4,sampler,sgd,0.05,5,1444,0.4093959629535675,2.28244686126709,0.36486488580703735,2.283785343170166
yeast,4,sampler,sgd,0.1,1,1276,0.4026845693588257,2.2825772762298584,0.3581081032752991,2.2840757369995117
yeast,4,sampler,sgd,0.1,2,1318,0.38926175236701965,2.284057378768921,0.31081080436706543,2.2857398986816406
yeast,4,sampler,sgd,0.1,3,1360,0.536912739276886,2.2800087928771973,0.4189189374446869,2.2817394733428955
yeast,4,sampler,sgd,0.1,4,1402,0.5436241626739502,2.2798373699188232,0.4256756901741028,2.2818732261657715
yeast,4,sampler,sgd,0.1,5,1444,0.5167785286903381,2.2811598777770996,0.44594594836235046,2.2825281620025635
yeast,8,ffnn_0layer,adam,0.001,1,1276,0.5973154306411743,2.272352457046509,0.5540540814399719,2.2719688415527344
yeast,8,ffnn_0layer,adam,0.001,2,1318,0.6040268540382385,2.2723729610443115,0.5540540814399719,2.2719759941101074
yeast,8,ffnn_0layer,adam,0.001,3,1360,0.5973154306411743,2.2723846435546875,0.5608108043670654,2.2719626426696777
yeast,8,ffnn_0layer,adam,0.001,4,1402,0.5973154306411743,2.2723584175109863,0.5608108043670654,2.2719337940216064
yeast,8,ffnn_0layer,adam,0.001,5,1444,0.5973154306411743,2.272327184677124,0.5608108043670654,2.271982192993164
yeast,8,ffnn_0layer,adam,0.005,1,1276,0.6040268540382385,2.2724788188934326,0.5540540814399719,2.2719473838806152
yeast,8,ffnn_0layer,adam,0.005,2,1318,0.6040268540382385,2.2724528312683105,0.5540540814399719,2.2720770835876465
yeast,8,ffnn_0layer,adam,0.005,3,1360,0.5973154306411743,2.2724740505218506,0.5540540814399719,2.2719924449920654
yeast,8,ffnn_0layer,adam,0.005,4,1402,0.5973154306411743,2.2723982334136963,0.5608108043670654,2.2718665599823
yeast,8,ffnn_0layer,adam,0.005,5,1444,0.6040268540382385,2.2724289894104004,0.5540540814399719,2.2719473838806152
yeast,8,ffnn_0layer,adam,0.01,1,1276,0.6040268540382385,2.272512197494507,0.5608108043670654,2.272026777267456
yeast,8,ffnn_0layer,adam,0.01,2,1318,0.5906040072441101,2.272484064102173,0.5540540814399719,2.2721242904663086
yeast,8,ffnn_0layer,adam,0.01,3,1360,0.5973154306411743,2.2724971771240234,0.5540540814399719,2.272052049636841
yeast,8,ffnn_0layer,adam,0.01,4,1402,0.5973154306411743,2.2723922729492188,0.5540540814399719,2.271826982498169
yeast,8,ffnn_0layer,adam,0.01,5,1444,0.5973154306411743,2.2724311351776123,0.5540540814399719,2.271895408630371
yeast,8,ffnn_0layer,adam,0.05,1,1276,0.6040268540382385,2.272512435913086,0.5540540814399719,2.2721433639526367
yeast,8,ffnn_0layer,adam,0.05,2,1318,0.5838926434516907,2.2724859714508057,0.5472972989082336,2.2723405361175537
yeast,8,ffnn_0layer,adam,0.05,3,1360,0.5570470094680786,2.272475004196167,0.5743243098258972,2.272343873977661
yeast,8,ffnn_0layer,adam,0.05,4,1402,0.5973154306411743,2.27242112159729,0.5405405759811401,2.2721681594848633
yeast,8,ffnn_0layer,adam,0.05,5,1444,0.5838926434516907,2.2724602222442627,0.5540540814399719,2.272080898284912
yeast,8,ffnn_0layer,adam,0.1,1,1276,0.5906040072441101,2.2731001377105713,0.5472972989082336,2.273416519165039
yeast,8,ffnn_0layer,adam,0.1,2,1318,0.5503355860710144,2.273088216781616,0.5135135054588318,2.2732346057891846
yeast,8,ffnn_0layer,adam,0.1,3,1360,0.563758373260498,2.272775888442993,0.5608108043670654,2.272700548171997
yeast,8,ffnn_0layer,adam,0.1,4,1402,0.5906040072441101,2.272352933883667,0.5337837934494019,2.2723848819732666
yeast,8,ffnn_0layer,adam,0.1,5,1444,0.6107382774353027,2.2722554206848145,0.5608108043670654,2.2719643115997314
yeast,8,ffnn_0layer,sgd,0.001,1,1276,0.4563758373260498,2.278496265411377,0.43918919563293457,2.278488874435425
yeast,8,ffnn_0layer,sgd,0.001,2,1318,0.42953020334243774,2.280813455581665,0.4324324429035187,2.2798964977264404
yeast,8,ffnn_0layer,sgd,0.001,3,1360,0.5167785286903381,2.2752749919891357,0.5675675868988037,2.2740631103515625
yeast,8,ffnn_0layer,sgd,0.001,4,1402,0.3959731459617615,2.281465768814087,0.4189189374446869,2.2809791564941406
yeast,8,ffnn_0layer,sgd,0.001,5,1444,0.5570470094680786,2.2743544578552246,0.5202702879905701,2.2744500637054443
yeast,8,ffnn_0layer,sgd,0.005,1,1276,0.4563758373260498,2.2783355712890625,0.43918919563293457,2.2783329486846924
yeast,8,ffnn_0layer,sgd,0.005,2,1318,0.43624162673950195,2.280775547027588,0.44594594836235046,2.2798478603363037
yeast,8,ffnn_0layer,sgd,0.005,3,1360,0.5167785286903381,2.27518892288208,0.5608108043670654,2.2739803791046143
yeast,8,ffnn_0layer,sgd,0.005,4,1402,0.3959731459617615,2.281282424926758,0.4189189374446869,2.2807695865631104
yeast,8,ffnn_0layer,sgd,0.005,5,1444,0.5570470094680786,2.274237632751465,0.5202702879905701,2.2743377685546875
yeast,8,ffnn_0layer,sgd,0.01,1,1276,0.449664443731308,2.278114080429077,0.43918919563293457,2.278123378753662
yeast,8,ffnn_0layer,sgd,0.01,2,1318,0.43624162673950195,2.280729055404663,0.44594594836235046,2.2797889709472656
yeast,8,ffnn_0layer,sgd,0.01,3,1360,0.5167785286903381,2.2750816345214844,0.5540540814399719,2.2738819122314453
yeast,8,ffnn_0layer,sgd,0.01,4,1402,0.3959731459617615,2.2810330390930176,0.4256756901741028,2.280491352081299
yeast,8,ffnn_0layer,sgd,0.01,5,1444,0.5503355860710144,2.274099349975586,0.5135135054588318,2.274207353591919
yeast,8,ffnn_0layer,sgd,0.05,1,1276,0.5838926434516907,2.275442123413086,0.5067567825317383,2.275757074356079
yeast,8,ffnn_0layer,sgd,0.05,2,1318,0.4563758373260498,2.280393123626709,0.4729729890823364,2.279343843460083
yeast,8,ffnn_0layer,sgd,0.05,3,1360,0.5436241626739502,2.274275541305542,0.5472972989082336,2.273254632949829
yeast,8,ffnn_0layer,sgd,0.05,4,1402,0.5100671052932739,2.2781598567962646,0.4932432472705841,2.277670383453369
yeast,8,ffnn_0layer,sgd,0.05,5,1444,0.5570470094680786,2.273218870162964,0.5135135054588318,2.273479700088501
yeast,8,ffnn_0layer,sgd,0.1,1,1276,0.5771812200546265,2.2727255821228027,0.5270270109176636,2.2732882499694824
yeast,8,ffnn_0layer,sgd,0.1,2,1318,0.47651007771492004,2.279890537261963,0.46621623635292053,2.278687000274658
yeast,8,ffnn_0layer,sgd,0.1,3,1360,0.5838926434516907,2.2735390663146973,0.5472972989082336,2.2728164196014404
yeast,8,ffnn_0layer,sgd,0.1,4,1402,0.5302013158798218,2.2750117778778076,0.5135135054588318,2.2751245498657227
yeast,8,ffnn_0layer,sgd,0.1,5,1444,0.5704697966575623,2.2726025581359863,0.5067567825317383,2.2730207443237305
yeast,8,sampler,adam,0.001,1,1276,0.6040268540382385,2.2722299098968506,0.5540540814399719,2.2719740867614746
yeast,8,sampler,adam,0.001,2,1318,0.6040268540382385,2.2722487449645996,0.5540540814399719,2.2719664573669434
yeast,8,sampler,adam,0.001,3,1360,0.6040268540382385,2.2721314430236816,0.5540540814399719,2.2719805240631104
yeast,8,sampler,adam,0.001,4,1402,0.6040268540382385,2.2721805572509766,0.5540540814399719,2.271949291229248
yeast,8,sampler,adam,0.001,5,1444,0.6040268540382385,2.2722415924072266,0.5540540814399719,2.2719664573669434
yeast,8,sampler,adam,0.005,1,1276,0.5973154306411743,2.2724337577819824,0.5540540814399719,2.2719533443450928
yeast,8,sampler,adam,0.005,2,1318,0.6040268540382385,2.2724289894104004,0.5540540814399719,2.2720248699188232
yeast,8,sampler,adam,0.005,3,1360,0.5973154306411743,2.2724478244781494,0.5540540814399719,2.2719833850860596
yeast,8,sampler,adam,0.005,4,1402,0.5973154306411743,2.2724034786224365,0.5608108043670654,2.2719171047210693
yeast,8,sampler,adam,0.005,5,1444,0.5973154306411743,2.272413730621338,0.5540540814399719,2.271984815597534
yeast,8,sampler,adam,0.01,1,1276,0.6040268540382385,2.2724788188934326,0.5540540814399719,2.2719473838806152
yeast,8,sampler,adam,0.01,2,1318,0.6040268540382385,2.2724528312683105,0.5540540814399719,2.2720770835876465
yeast,8,sampler,adam,0.01,3,1360,0.5973154306411743,2.2724740505218506,0.5540540814399719,2.2719924449920654
yeast,8,sampler,adam,0.01,4,1402,0.5973154306411743,2.2723982334136963,0.5608108043670654,2.2718665599823
yeast,8,sampler,adam,0.01,5,1444,0.6040268540382385,2.2724289894104004,0.5540540814399719,2.2719473838806152
yeast,8,sampler,adam,0.05,1,1276,0.6040268540382385,2.2724239826202393,0.5540540814399719,2.272080421447754
yeast,8,sampler,adam,0.05,2,1318,0.5973154306411743,2.272474765777588,0.5540540814399719,2.2720277309417725
yeast,8,sampler,adam,0.05,3,1360,0.5838926434516907,2.2724556922912598,0.5540540814399719,2.2723495960235596
yeast,8,sampler,adam,0.05,4,1402,0.6040268540382385,2.2724273204803467,0.5540540814399719,2.2719764709472656
yeast,8,sampler,adam,0.05,5,1444,0.5973154306411743,2.2724571228027344,0.5540540814399719,2.2719430923461914
yeast,8,sampler,adam,0.1,1,1276,0.6040268540382385,2.272512435913086,0.5540540814399719,2.2721433639526367
yeast,8,sampler,adam,0.1,2,1318,0.5838926434516907,2.2724859714508057,0.5472972989082336,2.2723405361175537
yeast,8,sampler,adam,0.1,3,1360,0.5570470094680786,2.272475004196167,0.5743243098258972,2.272343873977661
yeast,8,sampler,adam,0.1,4,1402,0.5973154306411743,2.27242112159729,0.5405405759811401,2.2721681594848633
yeast,8,sampler,adam,0.1,5,1444,0.5838926434516907,2.2724602222442627,0.5540540814399719,2.272080898284912
yeast,8,sampler,sgd,0.001,1,1276,0.42953020334243774,2.2822957038879395,0.412162184715271,2.281949996948242
yeast,8,sampler,sgd,0.001,2,1318,0.4429530203342438,2.281249523162842,0.4189189374446869,2.2805633544921875
yeast,8,sampler,sgd,0.001,3,1360,0.43624162673950195,2.280654191970825,0.4256756901741028,2.2802364826202393
yeast,8,sampler,sgd,0.001,4,1402,0.43624162673950195,2.282203197479248,0.45945948362350464,2.2821388244628906
yeast,8,sampler,sgd,0.001,5,1444,0.42281877994537354,2.2819342613220215,0.44594594836235046,2.281362295150757
yeast,8,sampler,sgd,0.005,1,1276,0.42953020334243774,2.2822489738464355,0.412162184715271,2.281883478164673
yeast,8,sampler,sgd,0.005,2,1318,0.4429530203342438,2.281170129776001,0.4189189374446869,2.2804698944091797
yeast,8,sampler,sgd,0.005,3,1360,0.43624162673950195,2.2806172370910645,0.4256756901741028,2.2801918983459473
yeast,8,sampler,sgd,0.005,4,1402,0.43624162673950195,2.282161235809326,0.45945948362350464,2.282071828842163
yeast,8,sampler,sgd,0.005,5,1444,0.42281877994537354,2.2818994522094727,0.43918919563293457,2.2813093662261963
yeast,8,sampler,sgd,0.01,1,1276,0.42953020334243774,2.2821874618530273,0.4054054021835327,2.281796932220459
yeast,8,sampler,sgd,0.01,2,1318,0.4429530203342438,2.2810654640197754,0.4189189374446869,2.2803502082824707
yeast,8,sampler,sgd,0.01,3,1360,0.43624162673950195,2.2805707454681396,0.4256756901741028,2.2801363468170166
yeast,8,sampler,sgd,0.01,4,1402,0.43624162673950195,2.28210711479187,0.45945948362350464,2.2819862365722656
yeast,8,sampler,sgd,0.01,5,1444,0.42281877994537354,2.281855344772339,0.43918919563293457,2.281243085861206
yeast,8,sampler,sgd,0.05,1,1276,0.42953020334243774,2.2816061973571777,0.412162184715271,2.2810118198394775
yeast,8,sampler,sgd,0.05,2,1318,0.4563758373260498,2.2800230979919434,0.4054054021835327,2.279261350631714
yeast,8,sampler,sgd,0.05,3,1360,0.4429530203342438,2.2801759243011475,0.43918919563293457,2.2796835899353027
yeast,8,sampler,sgd,0.05,4,1402,0.4161073863506317,2.2816085815429688,0.45270270109176636,2.281221866607666
yeast,8,sampler,sgd,0.05,5,1444,0.42953020334243774,2.281447410583496,0.43918919563293457,2.2806403636932373
yeast,8,sampler,sgd,0.1,1,1276,0.42281877994537354,2.28054141998291,0.4324324429035187,2.2796993255615234
yeast,8,sampler,sgd,0.1,2,1318,0.5906040072441101,2.2781124114990234,0.5,2.2775681018829346
yeast,8,sampler,sgd,0.1,3,1360,0.4429530203342438,2.2796032428741455,0.43918919563293457,2.2790627479553223
yeast,8,sampler,sgd,0.1,4,1402,0.43624162673950195,2.2807202339172363,0.4324324429035187,2.2800066471099854
yeast,8,sampler,sgd,0.1,5,1444,0.42953020334243774,2.2807350158691406,0.4324324429035187,2.2796661853790283
glass,4,ffnn_0layer,adam,0.001,1,1276,0.5909091234207153,1.7474602460861206,0.4761904776096344,1.7528361082077026
glass,4,ffnn_0layer,adam,0.001,2,1318,0.6818181872367859,1.7469817399978638,0.380952388048172,1.751836895942688
glass,4,ffnn_0layer,adam,0.001,3,1360,0.6818181872367859,1.7440712451934814,0.4761904776096344,1.7528551816940308
glass,4,ffnn_0layer,adam,0.001,4,1402,0.5454545617103577,1.7458996772766113,0.4761904776096344,1.752472996711731
glass,4,ffnn_0layer,adam,0.001,5,1444,0.5909091234207153,1.7479208707809448,0.523809552192688,1.7530348300933838
glass,4,ffnn_0layer,adam,0.005,1,1276,0.7272727489471436,1.7407325506210327,0.523809552192688,1.7541677951812744
glass,4,ffnn_0layer,adam,0.005,2,1318,0.7272727489471436,1.7403366565704346,0.523809552192688,1.7543439865112305
glass,4,ffnn_0layer,adam,0.005,3,1360,0.7272727489471436,1.741125464439392,0.523809552192688,1.7536731958389282
glass,4,ffnn_0layer,adam,0.005,4,1402,0.7272727489471436,1.7404459714889526,0.523809552192688,1.754223108291626
glass,4,ffnn_0layer,adam,0.005,5,1444,0.7272727489471436,1.7408591508865356,0.523809552192688,1.7542325258255005
glass,4,ffnn_0layer,adam,0.01,1,1276,0.7272727489471436,1.7404842376708984,0.523809552192688,1.7541730403900146
glass,4,ffnn_0layer,adam,0.01,2,1318,0.7272727489471436,1.7402232885360718,0.523809552192688,1.7542665004730225
glass,4,ffnn_0layer,adam,0.01,3,1360,0.7272727489471436,1.7406730651855469,0.523809552192688,1.754001259803772
glass,4,ffnn_0layer,adam,0.01,4,1402,0.7272727489471436,1.740405559539795,0.523809552192688,1.7540128231048584
glass,4,ffnn_0layer,adam,0.01,5,1444,0.7272727489471436,1.7406535148620605,0.523809552192688,1.754117488861084
glass,4,ffnn_0layer,adam,0.05,1,1276,0.7272727489471436,1.7407814264297485,0.523809552192688,1.7543249130249023
glass,4,ffnn_0layer,adam,0.05,2,1318,0.7272727489471436,1.7405319213867188,0.523809552192688,1.754279375076294
glass,4,ffnn_0layer,adam,0.05,3,1360,0.7272727489471436,1.7408721446990967,0.523809552192688,1.7544951438903809
glass,4,ffnn_0layer,adam,0.05,4,1402,0.7272727489471436,1.7407727241516113,0.523809552192688,1.7542684078216553
glass,4,ffnn_0layer,adam,0.05,5,1444,0.7272727489471436,1.7400944232940674,0.523809552192688,1.7541265487670898
glass,4,ffnn_0layer,adam,0.1,1,1276,0.7272727489471436,1.7402241230010986,0.523809552192688,1.7542755603790283
glass,4,ffnn_0layer,adam,0.1,2,1318,0.7727273106575012,1.740103840827942,0.523809552192688,1.7547087669372559
glass,4,ffnn_0layer,adam,0.1,3,1360,0.7272727489471436,1.740917682647705,0.523809552192688,1.7539616823196411
glass,4,ffnn_0layer,adam,0.1,4,1402,0.7272727489471436,1.7407581806182861,0.523809552192688,1.7539891004562378
glass,4,ffnn_0layer,adam,0.1,5,1444,0.7272727489471436,1.7399181127548218,0.523809552192688,1.754411220550537
glass,4,ffnn_0layer,sgd,0.001,1,1276,0.5454545617103577,1.7531013488769531,0.3333333432674408,1.757767677307129
glass,4,ffnn_0layer,sgd,0.001,2,1318,0.6818181872367859,1.7567245960235596,0.523809552192688,1.754279375076294
glass,4,ffnn_0layer,sgd,0.001,3,1360,0.6818181872367859,1.7491302490234375,0.380952388048172,1.7574002742767334
glass,4,ffnn_0layer,sgd,0.001,4,1402,0.5454545617103577,1.749281644821167,0.380952388048172,1.75446355342865
glass,4,ffnn_0layer,sgd,0.001,5,1444,0.5,1.7543681859970093,0.3333333432674408,1.758254051208496
glass,4,ffnn_0layer,sgd,0.005,1,1276,0.5454545617103577,1.7530635595321655,0.3333333432674408,1.7577205896377563
glass,4,ffnn_0layer,sgd,0.005,2,1318,0.6818181872367859,1.756454348564148,0.523809552192688,1.7541981935501099
glass,4,ffnn_0layer,sgd,0.005,3,1360,0.6818181872367859,1.7488399744033813,0.380952388048172,1.7573249340057373
glass,4,ffnn_0layer,sgd,0.005,4,1402,0.5454545617103577,1.7491638660430908,0.380952388048172,1.7544329166412354
glass,4,ffnn_0layer,sgd,0.005,5,1444,0.5,1.754328966140747,0.3333333432674408,1.7582182884216309
glass,4,ffnn_0layer,sgd,0.01,1,1276,0.5454545617103577,1.7530165910720825,0.3333333432674408,1.757660984992981
glass,4,ffnn_0layer,sgd,0.01,2,1318,0.6818181872367859,1.756117582321167,0.523809552192688,1.7541013956069946
glass,4,ffnn_0layer,sgd,0.01,3,1360,0.6818181872367859,1.7484933137893677,0.380952388048172,1.7572346925735474
glass,4,ffnn_0layer,sgd,0.01,4,1402,0.5454545617103577,1.7490208148956299,0.380952388048172,1.75439453125
glass,4,ffnn_0layer,sgd,0.01,5,1444,0.5,1.7542802095413208,0.3333333432674408,1.7581725120544434
glass,4,ffnn_0layer,sgd,0.05,1,1276,0.5454545617103577,1.7526310682296753,0.380952388048172,1.7571340799331665
glass,4,ffnn_0layer,sgd,0.05,2,1318,0.7272727489471436,1.7535618543624878,0.4761904776096344,1.7534862756729126
glass,4,ffnn_0layer,sgd,0.05,3,1360,0.6818181872367859,1.7463042736053467,0.380952388048172,1.7566372156143188
glass,4,ffnn_0layer,sgd,0.05,4,1402,0.5454545617103577,1.7480309009552002,0.380952388048172,1.7540900707244873
glass,4,ffnn_0layer,sgd,0.05,5,1444,0.5,1.7538799047470093,0.3333333432674408,1.7577626705169678
glass,4,ffnn_0layer,sgd,0.1,1,1276,0.5454545617103577,1.7521252632141113,0.4285714328289032,1.7563607692718506
glass,4,ffnn_0layer,sgd,0.1,2,1318,0.7272727489471436,1.7509063482284546,0.4761904776096344,1.7529008388519287
glass,4,ffnn_0layer,sgd,0.1,3,1360,0.6818181872367859,1.7447104454040527,0.380952388048172,1.756105899810791
glass,4,ffnn_0layer,sgd,0.1,4,1402,0.5454545617103577,1.7471202611923218,0.380952388048172,1.7537193298339844
glass,4,ffnn_0layer,sgd,0.1,5,1444,0.5,1.753353476524353,0.380952388048172,1.7571258544921875
glass,4,sampler,adam,0.001,1,1276,0.5909091234207153,1.7494590282440186,0.4761904776096344,1.7568882703781128
glass,4,sampler,adam,0.001,2,1318,0.5,1.749512791633606,0.4285714328289032,1.752271056175232
glass,4,sampler,adam,0.001,3,1360,0.5909091234207153,1.748889446258545,0.4285714328289032,1.757489562034607
glass,4,sampler,adam,0.001,4,1402,0.5454545617103577,1.7480621337890625,0.4761904776096344,1.7563077211380005
glass,4,sampler,adam,0.001,5,1444,0.5909091234207153,1.748473048210144,0.523809552192688,1.7543078660964966
glass,4,sampler,adam,0.005,1,1276,0.6818181872367859,1.7431808710098267,0.5714285969734192,1.7511793375015259
glass,4,sampler,adam,0.005,2,1318,0.6818181872367859,1.7432469129562378,0.523809552192688,1.7527133226394653
glass,4,sampler,adam,0.005,3,1360,0.6818181872367859,1.7426022291183472,0.5714285969734192,1.7507368326187134
glass,4,sampler,adam,0.005,4,1402,0.6818181872367859,1.7428463697433472,0.5714285969734192,1.7510747909545898
glass,4,sampler,adam,0.005,5,1444,0.6818181872367859,1.7433151006698608,0.523809552192688,1.7519865036010742
glass,4,sampler,adam,0.01,1,1276,0.7272727489471436,1.7412803173065186,0.523809552192688,1.7535146474838257
glass,4,sampler,adam,0.01,2,1318,0.7272727489471436,1.7404354810714722,0.523809552192688,1.7542804479599
glass,4,sampler,adam,0.01,3,1360,0.7272727489471436,1.7415655851364136,0.523809552192688,1.7530667781829834
glass,4,sampler,adam,0.01,4,1402,0.7272727489471436,1.7406666278839111,0.523809552192688,1.7539399862289429
glass,4,sampler,adam,0.01,5,1444,0.7272727489471436,1.740829348564148,0.523809552192688,1.7542335987091064
glass,4,sampler,adam,0.05,1,1276,0.7272727489471436,1.7402857542037964,0.523809552192688,1.754259705543518
glass,4,sampler,adam,0.05,2,1318,0.7272727489471436,1.740422010421753,0.523809552192688,1.754126787185669
glass,4,sampler,adam,0.05,3,1360,0.7272727489471436,1.7410368919372559,0.523809552192688,1.7541157007217407
glass,4,sampler,adam,0.05,4,1402,0.7272727489471436,1.740578532218933,0.523809552192688,1.754111647605896
glass,4,sampler,adam,0.05,5,1444,0.7272727489471436,1.7403464317321777,0.523809552192688,1.7541621923446655
glass,4,sampler,adam,0.1,1,1276,0.7272727489471436,1.7407809495925903,0.523809552192688,1.7543251514434814
glass,4,sampler,adam,0.1,2,1318,0.7272727489471436,1.7405319213867188,0.523809552192688,1.7542798519134521
glass,4,sampler,adam,0.1,3,1360,0.7272727489471436,1.7408722639083862,0.523809552192688,1.7544951438903809
glass,4,sampler,adam,0.1,4,1402,0.7272727489471436,1.74077308177948,0.523809552192688,1.7542688846588135
glass,4,sampler,adam,0.1,5,1444,0.7272727489471436,1.7400943040847778,0.523809552192688,1.7541269063949585
glass,4,sampler,sgd,0.001,1,1276,0.5909091234207153,1.751990795135498,0.3333333432674408,1.7581422328948975
glass,4,sampler,sgd,0.001,2,1318,0.5,1.7532105445861816,0.4285714328289032,1.7539174556732178
glass,4,sampler,sgd,0.001,3,1360,0.5909091234207153,1.7523115873336792,0.380952388048172,1.75912606716156
glass,4,sampler,sgd,0.001,4,1402,0.5454545617103577,1.751251220703125,0.380952388048172,1.7584648132324219
glass,4,sampler,sgd,0.001,5,1444,0.5909091234207153,1.7518492937088013,0.380952388048172,1.7574350833892822
glass,4,sampler,sgd,0.005,1,1276,0.5909091234207153,1.7519536018371582,0.3333333432674408,1.7581260204315186
glass,4,sampler,sgd,0.005,2,1318,0.5,1.753172755241394,0.4285714328289032,1.753880262374878
glass,4,sampler,sgd,0.005,3,1360,0.5909091234207153,1.752251386642456,0.380952388048172,1.7591173648834229
glass,4,sampler,sgd,0.005,4,1402,0.5454545617103577,1.7512004375457764,0.380952388048172,1.7584495544433594
glass,4,sampler,sgd,0.005,5,1444,0.5909091234207153,1.7518013715744019,0.380952388048172,1.7574092149734497
glass,4,sampler,sgd,0.01,1,1276,0.5909091234207153,1.7519077062606812,0.3333333432674408,1.7581062316894531
glass,4,sampler,sgd,0.01,2,1318,0.5,1.7531253099441528,0.4285714328289032,1.753833532333374
glass,4,sampler,sgd,0.01,3,1360,0.5909091234207153,1.752177357673645,0.380952388048172,1.7591060400009155
glass,4,sampler,sgd,0.01,4,1402,0.5454545617103577,1.7511374950408936,0.380952388048172,1.7584301233291626
glass,4,sampler,sgd,0.01,5,1444,0.5909091234207153,1.751742959022522,0.380952388048172,1.757375955581665
glass,4,sampler,sgd,0.05,1,1276,0.5909091234207153,1.7515705823898315,0.3333333432674408,1.7579594850540161
glass,4,sampler,sgd,0.05,2,1318,0.5,1.752747654914856,0.4285714328289032,1.7534688711166382
glass,4,sampler,sgd,0.05,3,1360,0.5909091234207153,1.751625418663025,0.380952388048172,1.7590023279190063
glass,4,sampler,sgd,0.05,4,1402,0.5454545617103577,1.7506734132766724,0.380952388048172,1.75827157497406
glass,4,sampler,sgd,0.05,5,1444,0.5909091234207153,1.751306414604187,0.380952388048172,1.7571022510528564
glass,4,sampler,sgd,0.1,1,1276,0.5454545617103577,1.7512092590332031,0.3333333432674408,1.7578030824661255
glass,4,sampler,sgd,0.1,2,1318,0.4545454680919647,1.752274751663208,0.4285714328289032,1.7530419826507568
glass,4,sampler,sgd,0.1,3,1360,0.5909091234207153,1.751036524772644,0.380952388048172,1.7588469982147217
glass,4,sampler,sgd,0.1,4,1402,0.5454545617103577,1.7501792907714844,0.380952388048172,1.7580660581588745
glass,4,sampler,sgd,0.1,5,1444,0.5909091234207153,1.750833511352539,0.380952388048172,1.7567356824874878
glass,8,ffnn_0layer,adam,0.001,1,1276,0.7727273106575012,1.7278298139572144,0.4761904776096344,1.7473934888839722
glass,8,ffnn_0layer,adam,0.001,2,1318,0.7727273106575012,1.7287265062332153,0.4285714328289032,1.752577304840088
glass,8,ffnn_0layer,adam,0.001,3,1360,0.7727273106575012,1.7298222780227661,0.4761904776096344,1.7487696409225464
glass,8,ffnn_0layer,adam,0.001,4,1402,0.7272727489471436,1.7299331426620483,0.523809552192688,1.7484334707260132
glass,8,ffnn_0layer,adam,0.001,5,1444,0.7727273106575012,1.7295035123825073,0.523809552192688,1.7507480382919312
glass,8,ffnn_0layer,adam,0.005,1,1276,0.7727273106575012,1.726622462272644,0.4761904776096344,1.7518075704574585
glass,8,ffnn_0layer,adam,0.005,2,1318,0.7727273106575012,1.7268264293670654,0.4761904776096344,1.7514361143112183
glass,8,ffnn_0layer,adam,0.005,3,1360,0.7727273106575012,1.7267849445343018,0.4761904776096344,1.7518116235733032
glass,8,ffnn_0layer,adam,0.005,4,1402,0.7727273106575012,1.7265766859054565,0.4761904776096344,1.751490831375122
glass,8,ffnn_0layer,adam,0.005,5,1444,0.7727273106575012,1.7264870405197144,0.4761904776096344,1.7521653175354004
glass,8,ffnn_0layer,adam,0.01,1,1276,0.7727273106575012,1.727160930633545,0.4761904776096344,1.7511171102523804
glass,8,ffnn_0layer,adam,0.01,2,1318,0.7727273106575012,1.72697913646698,0.4761904776096344,1.7519031763076782
glass,8,ffnn_0layer,adam,0.01,3,1360,0.7727273106575012,1.7272312641143799,0.4761904776096344,1.750818133354187
glass,8,ffnn_0layer,adam,0.01,4,1402,0.7727273106575012,1.7270625829696655,0.4761904776096344,1.7503794431686401
glass,8,ffnn_0layer,adam,0.01,5,1444,0.7727273106575012,1.7270293235778809,0.4761904776096344,1.7514232397079468
glass,8,ffnn_0layer,adam,0.05,1,1276,0.7727273106575012,1.7275872230529785,0.4761904776096344,1.7512505054473877
glass,8,ffnn_0layer,adam,0.05,2,1318,0.7727273106575012,1.7276686429977417,0.4761904776096344,1.7502610683441162
glass,8,ffnn_0layer,adam,0.05,3,1360,0.7727273106575012,1.7276524305343628,0.4761904776096344,1.7507994174957275
glass,8,ffnn_0layer,adam,0.05,4,1402,0.7727273106575012,1.7282824516296387,0.4761904776096344,1.7497133016586304
glass,8,ffnn_0layer,adam,0.05,5,1444,0.7727273106575012,1.727084755897522,0.4285714328289032,1.75238835811615
glass,8,ffnn_0layer,adam,0.1,1,1276,0.7727273106575012,1.7279845476150513,0.4285714328289032,1.7534844875335693
glass,8,ffnn_0layer,adam,0.1,2,1318,0.7727273106575012,1.7269209623336792,0.4761904776096344,1.7512857913970947
glass,8,ffnn_0layer,adam,0.1,3,1360,0.7727273106575012,1.7274166345596313,0.4285714328289032,1.7536659240722656
glass,8,ffnn_0layer,adam,0.1,4,1402,0.7727273106575012,1.7284255027770996,0.4761904776096344,1.750731348991394
glass,8,ffnn_0layer,adam,0.1,5,1444,0.7727273106575012,1.7269001007080078,0.4761904776096344,1.7501896619796753
glass,8,ffnn_0layer,sgd,0.001,1,1276,0.6818181872367859,1.7331100702285767,0.4285714328289032,1.752899169921875
glass,8,ffnn_0layer,sgd,0.001,2,1318,0.7272727489471436,1.7335484027862549,0.4285714328289032,1.7557637691497803
glass,8,ffnn_0layer,sgd,0.001,3,1360,0.5909091234207153,1.7354973554611206,0.5714285969734192,1.7483614683151245
glass,8,ffnn_0layer,sgd,0.001,4,1402,0.6818181872367859,1.7356486320495605,0.4285714328289032,1.7545599937438965
glass,8,ffnn_0layer,sgd,0.001,5,1444,0.8181818723678589,1.7317287921905518,0.523809552192688,1.7473137378692627
glass,8,ffnn_0layer,sgd,0.005,1,1276,0.6818181872367859,1.733026385307312,0.4285714328289032,1.7528280019760132
glass,8,ffnn_0layer,sgd,0.005,2,1318,0.7272727489471436,1.7335182428359985,0.4285714328289032,1.755747675895691
glass,8,ffnn_0layer,sgd,0.005,3,1360,0.5909091234207153,1.735480785369873,0.5714285969734192,1.7483540773391724
glass,8,ffnn_0layer,sgd,0.005,4,1402,0.6818181872367859,1.7356045246124268,0.4285714328289032,1.7544924020767212
glass,8,ffnn_0layer,sgd,0.005,5,1444,0.8181818723678589,1.731656551361084,0.523809552192688,1.747294306755066
glass,8,ffnn_0layer,sgd,0.01,1,1276,0.6818181872367859,1.732923984527588,0.4285714328289032,1.7527376413345337
glass,8,ffnn_0layer,sgd,0.01,2,1318,0.7272727489471436,1.7334803342819214,0.4285714328289032,1.7557276487350464
glass,8,ffnn_0layer,sgd,0.01,3,1360,0.5909091234207153,1.7354604005813599,0.5714285969734192,1.7483450174331665
glass,8,ffnn_0layer,sgd,0.01,4,1402,0.6818181872367859,1.735549807548523,0.4285714328289032,1.7544080018997192
glass,8,ffnn_0layer,sgd,0.01,5,1444,0.8181818723678589,1.7315703630447388,0.523809552192688,1.7472708225250244
glass,8,ffnn_0layer,sgd,0.05,1,1276,0.7272727489471436,1.7322005033493042,0.4285714328289032,1.7519747018814087
glass,8,ffnn_0layer,sgd,0.05,2,1318,0.7272727489471436,1.7331598997116089,0.380952388048172,1.7555729150772095
glass,8,ffnn_0layer,sgd,0.05,3,1360,0.5909091234207153,1.7353026866912842,0.5714285969734192,1.7482683658599854
glass,8,ffnn_0layer,sgd,0.05,4,1402,0.6818181872367859,1.7350977659225464,0.4285714328289032,1.753706932067871
glass,8,ffnn_0layer,sgd,0.05,5,1444,0.8181818723678589,1.7310177087783813,0.523809552192688,1.7471234798431396
glass,8,ffnn_0layer,sgd,0.1,1,1276,0.7727273106575012,1.7314895391464233,0.4285714328289032,1.75099778175354
glass,8,ffnn_0layer,sgd,0.1,2,1318,0.7727273106575012,1.7327144145965576,0.380952388048172,1.7553890943527222
glass,8,ffnn_0layer,sgd,0.1,3,1360,0.5909091234207153,1.7351112365722656,0.5714285969734192,1.7481626272201538
glass,8,ffnn_0layer,sgd,0.1,4,1402,0.6818181872367859,1.7345325946807861,0.4285714328289032,1.7528048753738403
glass,8,ffnn_0layer,sgd,0.1,5,1444,0.8181818723678589,1.7305821180343628,0.5714285969734192,1.7470470666885376
glass,8,sampler,adam,0.001,1,1276,0.6363636255264282,1.7377740144729614,0.4761904776096344,1.7521448135375977
glass,8,sampler,adam,0.001,2,1318,0.5909091234207153,1.736984372138977,0.380952388048172,1.7512986660003662
glass,8,sampler,adam,0.001,3,1360,0.5909091234207153,1.7338557243347168,0.4285714328289032,1.7532927989959717
glass,8,sampler,adam,0.001,4,1402,0.5454545617103577,1.7382973432540894,0.380952388048172,1.7533996105194092
glass,8,sampler,adam,0.001,5,1444,0.6363636255264282,1.7323135137557983,0.523809552192688,1.7528780698776245
glass,8,sampler,adam,0.005,1,1276,0.7727273106575012,1.7257674932479858,0.4761904776096344,1.7485135793685913
glass,8,sampler,adam,0.005,2,1318,0.7727273106575012,1.726457118988037,0.4761904776096344,1.749025583267212
glass,8,sampler,adam,0.005,3,1360,0.7727273106575012,1.7257087230682373,0.4761904776096344,1.7487890720367432
glass,8,sampler,adam,0.005,4,1402,0.7727273106575012,1.725826382637024,0.4761904776096344,1.747921347618103
glass,8,sampler,adam,0.005,5,1444,0.7727273106575012,1.7266209125518799,0.4761904776096344,1.7481662034988403
glass,8,sampler,adam,0.01,1,1276,0.7727273106575012,1.7265301942825317,0.4761904776096344,1.7515313625335693
glass,8,sampler,adam,0.01,2,1318,0.7727273106575012,1.726560115814209,0.4761904776096344,1.751928448677063
glass,8,sampler,adam,0.01,3,1360,0.7727273106575012,1.726677417755127,0.4761904776096344,1.7514221668243408
glass,8,sampler,adam,0.01,4,1402,0.7727273106575012,1.726511001586914,0.4761904776096344,1.7512341737747192
glass,8,sampler,adam,0.01,5,1444,0.7727273106575012,1.7264405488967896,0.4761904776096344,1.7516076564788818
glass,8,sampler,adam,0.05,1,1276,0.7727273106575012,1.727211356163025,0.4761904776096344,1.7509849071502686
glass,8,sampler,adam,0.05,2,1318,0.7727273106575012,1.72721529006958,0.4761904776096344,1.7513964176177979
glass,8,sampler,adam,0.05,3,1360,0.7727273106575012,1.7273269891738892,0.4761904776096344,1.7499531507492065
glass,8,sampler,adam,0.05,4,1402,0.7727273106575012,1.727949619293213,0.4761904776096344,1.7489142417907715
glass,8,sampler,adam,0.05,5,1444,0.7727273106575012,1.7271666526794434,0.4761904776096344,1.7515459060668945
glass,8,sampler,adam,0.1,1,1276,0.7727273106575012,1.7275868654251099,0.4761904776096344,1.7512506246566772
glass,8,sampler,adam,0.1,2,1318,0.7727273106575012,1.7276687622070312,0.4761904776096344,1.7502591609954834
glass,8,sampler,adam,0.1,3,1360,0.7727273106575012,1.7276527881622314,0.4761904776096344,1.750801682472229
glass,8,sampler,adam,0.1,4,1402,0.7727273106575012,1.72828209400177,0.4761904776096344,1.7497121095657349
glass,8,sampler,adam,0.1,5,1444,0.7727273106575012,1.7270846366882324,0.4285714328289032,1.75238835811615
glass,8,sampler,sgd,0.001,1,1276,0.6363636255264282,1.7435760498046875,0.4285714328289032,1.7551296949386597
glass,8,sampler,sgd,0.001,2,1318,0.6363636255264282,1.7418208122253418,0.380952388048172,1.7542085647583008
glass,8,sampler,sgd,0.001,3,1360,0.6363636255264282,1.7377796173095703,0.3333333432674408,1.756671667098999
glass,8,sampler,sgd,0.001,4,1402,0.5454545617103577,1.742661714553833,0.3333333432674408,1.7550718784332275
glass,8,sampler,sgd,0.001,5,1444,0.6363636255264282,1.737054705619812,0.4285714328289032,1.7549529075622559
glass,8,sampler,sgd,0.005,1,1276,0.6363636255264282,1.7435001134872437,0.4285714328289032,1.7551120519638062
glass,8,sampler,sgd,0.005,2,1318,0.6363636255264282,1.7417534589767456,0.380952388048172,1.7541937828063965
glass,8,sampler,sgd,0.005,3,1360,0.6363636255264282,1.73772132396698,0.3333333432674408,1.7566548585891724
glass,8,sampler,sgd,0.005,4,1402,0.5454545617103577,1.7426422834396362,0.3333333432674408,1.7550673484802246
glass,8,sampler,sgd,0.005,5,1444,0.6363636255264282,1.7370010614395142,0.4285714328289032,1.7549382448196411
glass,8,sampler,sgd,0.01,1,1276,0.6363636255264282,1.743405818939209,0.4285714328289032,1.7550908327102661
glass,8,sampler,sgd,0.01,2,1318,0.6363636255264282,1.7416702508926392,0.380952388048172,1.7541753053665161
glass,8,sampler,sgd,0.01,3,1360,0.6363636255264282,1.7376497983932495,0.3333333432674408,1.7566335201263428
glass,8,sampler,sgd,0.01,4,1402,0.5454545617103577,1.7426180839538574,0.3333333432674408,1.7550618648529053
glass,8,sampler,sgd,0.01,5,1444,0.6363636255264282,1.7369346618652344,0.4285714328289032,1.7549198865890503
glass,8,sampler,sgd,0.05,1,1276,0.6363636255264282,1.7426544427871704,0.4285714328289032,1.75493586063385
glass,8,sampler,sgd,0.05,2,1318,0.6363636255264282,1.741024136543274,0.380952388048172,1.7540124654769897
glass,8,sampler,sgd,0.05,3,1360,0.6363636255264282,1.7371189594268799,0.3333333432674408,1.7564557790756226
glass,8,sampler,sgd,0.05,4,1402,0.5454545617103577,1.7424209117889404,0.3333333432674408,1.7550132274627686
glass,8,sampler,sgd,0.05,5,1444,0.6363636255264282,1.7364352941513062,0.4285714328289032,1.7547694444656372
glass,8,sampler,sgd,0.1,1,1276,0.6363636255264282,1.741742730140686,0.4285714328289032,1.7547754049301147
glass,8,sampler,sgd,0.1,2,1318,0.6363636255264282,1.7402678728103638,0.380952388048172,1.7537574768066406
glass,8,sampler,sgd,0.1,3,1360,0.6363636255264282,1.7365493774414062,0.3333333432674408,1.7562196254730225
glass,8,sampler,sgd,0.1,4,1402,0.5454545617103577,1.742165446281433,0.3333333432674408,1.754939079284668
glass,8,sampler,sgd,0.1,5,1444,0.6363636255264282,1.7358860969543457,0.4285714328289032,1.7545710802078247
glass,9,ffnn_0layer,adam,0.001,1,1276,0.7727273106575012,1.7248858213424683,0.523809552192688,1.7478288412094116
glass,9,ffnn_0layer,adam,0.001,2,1318,0.7727273106575012,1.7253594398498535,0.4761904776096344,1.7472100257873535
glass,9,ffnn_0layer,adam,0.001,3,1360,0.7272727489471436,1.7296569347381592,0.4761904776096344,1.7476330995559692
glass,9,ffnn_0layer,adam,0.001,4,1402,0.7272727489471436,1.7289009094238281,0.523809552192688,1.7511569261550903
glass,9,ffnn_0layer,adam,0.001,5,1444,0.7727273106575012,1.7266547679901123,0.523809552192688,1.7464185953140259
glass,9,ffnn_0layer,adam,0.005,1,1276,0.7727273106575012,1.7249667644500732,0.4761904776096344,1.749107003211975
glass,9,ffnn_0layer,adam,0.005,2,1318,0.7727273106575012,1.724900722503662,0.4761904776096344,1.748988151550293
glass,9,ffnn_0layer,adam,0.005,3,1360,0.7727273106575012,1.7248661518096924,0.4761904776096344,1.748278260231018
glass,9,ffnn_0layer,adam,0.005,4,1402,0.7727273106575012,1.7250537872314453,0.4761904776096344,1.7480170726776123
glass,9,ffnn_0layer,adam,0.005,5,1444,0.7727273106575012,1.7247734069824219,0.4761904776096344,1.7493535280227661
glass,9,ffnn_0layer,adam,0.01,1,1276,0.7727273106575012,1.725643277168274,0.4761904776096344,1.7489876747131348
glass,9,ffnn_0layer,adam,0.01,2,1318,0.7727273106575012,1.725385308265686,0.4761904776096344,1.7486836910247803
glass,9,ffnn_0layer,adam,0.01,3,1360,0.7727273106575012,1.7256896495819092,0.4761904776096344,1.7484890222549438
glass,9,ffnn_0layer,adam,0.01,4,1402,0.7727273106575012,1.7255126237869263,0.4761904776096344,1.7482539415359497
glass,9,ffnn_0layer,adam,0.01,5,1444,0.7727273106575012,1.7255016565322876,0.4761904776096344,1.7490692138671875
glass,9,ffnn_0layer,adam,0.05,1,1276,0.7727273106575012,1.7258931398391724,0.4761904776096344,1.7496297359466553
glass,9,ffnn_0layer,adam,0.05,2,1318,0.7727273106575012,1.7256909608840942,0.4761904776096344,1.7481211423873901
glass,9,ffnn_0layer,adam,0.05,3,1360,0.7727273106575012,1.7251935005187988,0.4761904776096344,1.7492456436157227
glass,9,ffnn_0layer,adam,0.05,4,1402,0.7727273106575012,1.7267159223556519,0.4761904776096344,1.7484956979751587
glass,9,ffnn_0layer,adam,0.05,5,1444,0.7727273106575012,1.725699543952942,0.4761904776096344,1.7489051818847656
glass,9,ffnn_0layer,adam,0.1,1,1276,0.7727273106575012,1.7257068157196045,0.4761904776096344,1.750523567199707
glass,9,ffnn_0layer,adam,0.1,2,1318,0.7727273106575012,1.7250324487686157,0.4761904776096344,1.747772216796875
glass,9,ffnn_0layer,adam,0.1,3,1360,0.7727273106575012,1.724984049797058,0.4761904776096344,1.7513463497161865
glass,9,ffnn_0layer,adam,0.1,4,1402,0.7727273106575012,1.726341724395752,0.4761904776096344,1.7484325170516968
glass,9,ffnn_0layer,adam,0.1,5,1444,0.7727273106575012,1.725305438041687,0.4761904776096344,1.7477740049362183
glass,9,ffnn_0layer,sgd,0.001,1,1276,0.5909091234207153,1.7327719926834106,0.523809552192688,1.751734972000122
glass,9,ffnn_0layer,sgd,0.001,2,1318,0.7727273106575012,1.7290409803390503,0.4761904776096344,1.7465665340423584
glass,9,ffnn_0layer,sgd,0.001,3,1360,0.6363636255264282,1.7340911626815796,0.4761904776096344,1.7482919692993164
glass,9,ffnn_0layer,sgd,0.001,4,1402,0.6818181872367859,1.7359405755996704,0.4761904776096344,1.755793571472168
glass,9,ffnn_0layer,sgd,0.001,5,1444,0.6363636255264282,1.7313882112503052,0.3333333432674408,1.7530081272125244
glass,9,ffnn_0layer,sgd,0.005,1,1276,0.5909091234207153,1.7327322959899902,0.523809552192688,1.7516875267028809
glass,9,ffnn_0layer,sgd,0.005,2,1318,0.7727273106575012,1.7290279865264893,0.4761904776096344,1.7465616464614868
glass,9,ffnn_0layer,sgd,0.005,3,1360,0.6363636255264282,1.7339954376220703,0.4761904776096344,1.748290777206421
glass,9,ffnn_0layer,sgd,0.005,4,1402,0.6818181872367859,1.7358988523483276,0.4761904776096344,1.7557872533798218
glass,9,ffnn_0layer,sgd,0.005,5,1444,0.6363636255264282,1.7313357591629028,0.3333333432674408,1.7529553174972534
glass,9,ffnn_0layer,sgd,0.01,1,1276,0.5909091234207153,1.7326830625534058,0.523809552192688,1.7516275644302368
glass,9,ffnn_0layer,sgd,0.01,2,1318,0.7727273106575012,1.7290118932724,0.4761904776096344,1.7465559244155884
glass,9,ffnn_0layer,sgd,0.01,3,1360,0.6363636255264282,1.7338786125183105,0.4761904776096344,1.7482900619506836
glass,9,ffnn_0layer,sgd,0.01,4,1402,0.6818181872367859,1.7358460426330566,0.4761904776096344,1.7557790279388428
glass,9,ffnn_0layer,sgd,0.01,5,1444,0.6363636255264282,1.7312713861465454,0.3333333432674408,1.7528886795043945
glass,9,ffnn_0layer,sgd,0.05,1,1276,0.5909091234207153,1.732287883758545,0.523809552192688,1.7511374950408936
glass,9,ffnn_0layer,sgd,0.05,2,1318,0.7727273106575012,1.7288925647735596,0.4761904776096344,1.7465120553970337
glass,9,ffnn_0layer,sgd,0.05,3,1360,0.6818181872367859,1.7330528497695923,0.4761904776096344,1.7482945919036865
glass,9,ffnn_0layer,sgd,0.05,4,1402,0.6818181872367859,1.7354134321212769,0.4761904776096344,1.7557039260864258
glass,9,ffnn_0layer,sgd,0.05,5,1444,0.6363636255264282,1.7308063507080078,0.380952388048172,1.7523592710494995
glass,9,ffnn_0layer,sgd,0.1,1,1276,0.6363636255264282,1.7317917346954346,0.523809552192688,1.750515341758728
glass,9,ffnn_0layer,sgd,0.1,2,1318,0.7727273106575012,1.728744626045227,0.4761904776096344,1.746461033821106
glass,9,ffnn_0layer,sgd,0.1,3,1360,0.7272727489471436,1.7322710752487183,0.4761904776096344,1.7482688426971436
glass,9,ffnn_0layer,sgd,0.1,4,1402,0.6818181872367859,1.7348331212997437,0.4761904776096344,1.7555840015411377
glass,9,ffnn_0layer,sgd,0.1,5,1444,0.6363636255264282,1.7303028106689453,0.380952388048172,1.7516757249832153
glass,9,sampler,adam,0.001,1,1276,0.6818181872367859,1.7342137098312378,0.4761904776096344,1.750738263130188
glass,9,sampler,adam,0.001,2,1318,0.6363636255264282,1.73594331741333,0.380952388048172,1.7513692378997803
glass,9,sampler,adam,0.001,3,1360,0.7272727489471436,1.733205795288086,0.523809552192688,1.7532198429107666
glass,9,sampler,adam,0.001,4,1402,0.5454545617103577,1.7378089427947998,0.4285714328289032,1.7529370784759521
glass,9,sampler,adam,0.001,5,1444,0.6818181872367859,1.728816270828247,0.4761904776096344,1.7518216371536255
glass,9,sampler,adam,0.005,1,1276,0.7727273106575012,1.7234569787979126,0.4761904776096344,1.7470353841781616
glass,9,sampler,adam,0.005,2,1318,0.7727273106575012,1.724588394165039,0.4761904776096344,1.7470027208328247
glass,9,sampler,adam,0.005,3,1360,0.7727273106575012,1.7232842445373535,0.4761904776096344,1.747891902923584
glass,9,sampler,adam,0.005,4,1402,0.7727273106575012,1.7236175537109375,0.4761904776096344,1.7466857433319092
glass,9,sampler,adam,0.005,5,1444,0.7727273106575012,1.724206566810608,0.4761904776096344,1.7459900379180908
glass,9,sampler,adam,0.01,1,1276,0.7727273106575012,1.724639892578125,0.4761904776096344,1.7479798793792725
glass,9,sampler,adam,0.01,2,1318,0.7727273106575012,1.7247551679611206,0.4761904776096344,1.7486076354980469
glass,9,sampler,adam,0.01,3,1360,0.7727273106575012,1.7248167991638184,0.4761904776096344,1.7480367422103882
glass,9,sampler,adam,0.01,4,1402,0.7727273106575012,1.724815845489502,0.4761904776096344,1.7481894493103027
glass,9,sampler,adam,0.01,5,1444,0.7727273106575012,1.724481463432312,0.4761904776096344,1.7480906248092651
glass,9,sampler,adam,0.05,1,1276,0.7727273106575012,1.7258907556533813,0.4761904776096344,1.7489676475524902
glass,9,sampler,adam,0.05,2,1318,0.7727273106575012,1.7255538702011108,0.4761904776096344,1.748035192489624
glass,9,sampler,adam,0.05,3,1360,0.7727273106575012,1.725620985031128,0.4761904776096344,1.7482995986938477
glass,9,sampler,adam,0.05,4,1402,0.7727273106575012,1.7265366315841675,0.4761904776096344,1.7474523782730103
glass,9,sampler,adam,0.05,5,1444,0.7727273106575012,1.7255454063415527,0.4761904776096344,1.748854160308838
glass,9,sampler,adam,0.1,1,1276,0.7727273106575012,1.725892186164856,0.4761904776096344,1.7496302127838135
glass,9,sampler,adam,0.1,2,1318,0.7727273106575012,1.7256897687911987,0.4761904776096344,1.748118281364441
glass,9,sampler,adam,0.1,3,1360,0.7727273106575012,1.725192904472351,0.4761904776096344,1.749245047569275
glass,9,sampler,adam,0.1,4,1402,0.7727273106575012,1.7267169952392578,0.4761904776096344,1.7484955787658691
glass,9,sampler,adam,0.1,5,1444,0.7727273106575012,1.7256993055343628,0.4761904776096344,1.7489057779312134
glass,9,sampler,sgd,0.001,1,1276,0.6818181872367859,1.7404766082763672,0.4285714328289032,1.7546072006225586
glass,9,sampler,sgd,0.001,2,1318,0.6363636255264282,1.7416821718215942,0.380952388048172,1.7552366256713867
glass,9,sampler,sgd,0.001,3,1360,0.7272727489471436,1.7375054359436035,0.3333333432674408,1.7571460008621216
glass,9,sampler,sgd,0.001,4,1402,0.5454545617103577,1.7423300743103027,0.3333333432674408,1.7549622058868408
glass,9,sampler,sgd,0.001,5,1444,0.6363636255264282,1.7347607612609863,0.4285714328289032,1.7547444105148315
glass,9,sampler,sgd,0.005,1,1276,0.6818181872367859,1.740402340888977,0.4285714328289032,1.754581093788147
glass,9,sampler,sgd,0.005,2,1318,0.6363636255264282,1.7416173219680786,0.380952388048172,1.7552090883255005
glass,9,sampler,sgd,0.005,3,1360,0.7272727489471436,1.7374473810195923,0.3333333432674408,1.7571216821670532
glass,9,sampler,sgd,0.005,4,1402,0.5454545617103577,1.7423125505447388,0.3333333432674408,1.754956603050232
glass,9,sampler,sgd,0.005,5,1444,0.6363636255264282,1.7347034215927124,0.4285714328289032,1.7547271251678467
glass,9,sampler,sgd,0.01,1,1276,0.6818181872367859,1.740309476852417,0.4285714328289032,1.75454843044281
glass,9,sampler,sgd,0.01,2,1318,0.6363636255264282,1.741536021232605,0.380952388048172,1.7551751136779785
glass,9,sampler,sgd,0.01,3,1360,0.7272727489471436,1.7373753786087036,0.3333333432674408,1.757091760635376
glass,9,sampler,sgd,0.01,4,1402,0.5454545617103577,1.7422903776168823,0.3333333432674408,1.7549490928649902
glass,9,sampler,sgd,0.01,5,1444,0.6363636255264282,1.7346326112747192,0.4285714328289032,1.7547051906585693
glass,9,sampler,sgd,0.05,1,1276,0.6818181872367859,1.7395726442337036,0.4285714328289032,1.7542959451675415
glass,9,sampler,sgd,0.05,2,1318,0.6363636255264282,1.7409050464630127,0.380952388048172,1.7548866271972656
glass,9,sampler,sgd,0.05,3,1360,0.7272727489471436,1.7368381023406982,0.3333333432674408,1.7568504810333252
glass,9,sampler,sgd,0.05,4,1402,0.5454545617103577,1.7421112060546875,0.3333333432674408,1.7548900842666626
glass,9,sampler,sgd,0.05,5,1444,0.6363636255264282,1.7340896129608154,0.4285714328289032,1.7545255422592163
glass,9,sampler,sgd,0.1,1,1276,0.6818181872367859,1.7386760711669922,0.4285714328289032,1.7539937496185303
glass,9,sampler,sgd,0.1,2,1318,0.6363636255264282,1.740157961845398,0.380952388048172,1.7544881105422974
glass,9,sampler,sgd,0.1,3,1360,0.7272727489471436,1.736253023147583,0.380952388048172,1.7565498352050781
glass,9,sampler,sgd,0.1,4,1402,0.5454545617103577,1.7418822050094604,0.3333333432674408,1.754809021949768
glass,9,sampler,sgd,0.1,5,1444,0.6363636255264282,1.733473300933838,0.4285714328289032,1.754286289215088
vehicle,4,ffnn_0layer,adam,0.001,1,1276,0.47058823704719543,1.3714326620101929,0.48235294222831726,1.3674768209457397
vehicle,4,ffnn_0layer,adam,0.001,2,1318,0.47058823704719543,1.3715423345565796,0.4941176474094391,1.3674848079681396
vehicle,4,ffnn_0layer,adam,0.001,3,1360,0.47058823704719543,1.3714377880096436,0.48235294222831726,1.3674975633621216
vehicle,4,ffnn_0layer,adam,0.001,4,1402,0.47058823704719543,1.3714197874069214,0.48235294222831726,1.3675416707992554
vehicle,4,ffnn_0layer,adam,0.001,5,1444,0.47058823704719543,1.371403694152832,0.48235294222831726,1.367587924003601
vehicle,4,ffnn_0layer,adam,0.005,1,1276,0.47058823704719543,1.3713979721069336,0.48235294222831726,1.3674776554107666
vehicle,4,ffnn_0layer,adam,0.005,2,1318,0.47058823704719543,1.371460199356079,0.4941176474094391,1.3675813674926758
vehicle,4,ffnn_0layer,adam,0.005,3,1360,0.47058823704719543,1.3714027404785156,0.47058823704719543,1.367477297782898
vehicle,4,ffnn_0layer,adam,0.005,4,1402,0.47058823704719543,1.3713688850402832,0.48235294222831726,1.3675724267959595
vehicle,4,ffnn_0layer,adam,0.005,5,1444,0.47058823704719543,1.3714226484298706,0.48235294222831726,1.3676027059555054
vehicle,4,ffnn_0layer,adam,0.01,1,1276,0.47058823704719543,1.37139892578125,0.48235294222831726,1.3674671649932861
vehicle,4,ffnn_0layer,adam,0.01,2,1318,0.47058823704719543,1.3715304136276245,0.48235294222831726,1.3677135705947876
vehicle,4,ffnn_0layer,adam,0.01,3,1360,0.47058823704719543,1.371442198753357,0.48235294222831726,1.3674604892730713
vehicle,4,ffnn_0layer,adam,0.01,4,1402,0.47058823704719543,1.3713951110839844,0.4941176474094391,1.3676798343658447
vehicle,4,ffnn_0layer,adam,0.01,5,1444,0.47058823704719543,1.371516227722168,0.48235294222831726,1.3675298690795898
vehicle,4,ffnn_0layer,adam,0.05,1,1276,0.47058823704719543,1.3717297315597534,0.4941176474094391,1.3673042058944702
vehicle,4,ffnn_0layer,adam,0.05,2,1318,0.4470588266849518,1.3719561100006104,0.43529412150382996,1.3691765069961548
vehicle,4,ffnn_0layer,adam,0.05,3,1360,0.47058823704719543,1.3713979721069336,0.48235294222831726,1.3677642345428467
vehicle,4,ffnn_0layer,adam,0.05,4,1402,0.5058823823928833,1.3702208995819092,0.529411792755127,1.3660614490509033
vehicle,4,ffnn_0layer,adam,0.05,5,1444,0.47058823704719543,1.3713880777359009,0.48235294222831726,1.3675261735916138
vehicle,4,ffnn_0layer,adam,0.1,1,1276,0.47058823704719543,1.3718706369400024,0.4941176474094391,1.3675974607467651
vehicle,4,ffnn_0layer,adam,0.1,2,1318,0.47058823704719543,1.3718277215957642,0.4941176474094391,1.3675929307937622
vehicle,4,ffnn_0layer,adam,0.1,3,1360,0.47058823704719543,1.3713464736938477,0.4941176474094391,1.3679006099700928
vehicle,4,ffnn_0layer,adam,0.1,4,1402,0.5058823823928833,1.3700830936431885,0.5411764979362488,1.3659172058105469
vehicle,4,ffnn_0layer,adam,0.1,5,1444,0.47058823704719543,1.3717552423477173,0.4941176474094391,1.3676751852035522
vehicle,4,ffnn_0layer,sgd,0.001,1,1276,0.4117647111415863,1.3749040365219116,0.4117647111415863,1.3698077201843262
vehicle,4,ffnn_0layer,sgd,0.001,2,1318,0.3529411852359772,1.3799327611923218,0.364705890417099,1.379483699798584
vehicle,4,ffnn_0layer,sgd,0.001,3,1360,0.34117648005485535,1.3800944089889526,0.34117648005485535,1.3798953294754028
vehicle,4,ffnn_0layer,sgd,0.001,4,1402,0.30588236451148987,1.3810973167419434,0.43529412150382996,1.3768197298049927
vehicle,4,ffnn_0layer,sgd,0.001,5,1444,0.42352941632270813,1.3748314380645752,0.42352941632270813,1.3705121278762817
vehicle,4,ffnn_0layer,sgd,0.005,1,1276,0.4117647111415863,1.37489914894104,0.4117647111415863,1.3697844743728638
vehicle,4,ffnn_0layer,sgd,0.005,2,1318,0.3529411852359772,1.379929542541504,0.364705890417099,1.3794480562210083
vehicle,4,ffnn_0layer,sgd,0.005,3,1360,0.34117648005485535,1.3800835609436035,0.3529411852359772,1.379836082458496
vehicle,4,ffnn_0layer,sgd,0.005,4,1402,0.30588236451148987,1.381075143814087,0.43529412150382996,1.3767175674438477
vehicle,4,ffnn_0layer,sgd,0.005,5,1444,0.42352941632270813,1.3748102188110352,0.42352941632270813,1.3704638481140137
vehicle,4,ffnn_0layer,sgd,0.01,1,1276,0.4000000059604645,1.374894618988037,0.4117647111415863,1.3697566986083984
vehicle,4,ffnn_0layer,sgd,0.01,2,1318,0.3529411852359772,1.3799264430999756,0.364705890417099,1.3794037103652954
vehicle,4,ffnn_0layer,sgd,0.01,3,1360,0.3529411852359772,1.3800694942474365,0.3529411852359772,1.379760980606079
vehicle,4,ffnn_0layer,sgd,0.01,4,1402,0.3294117748737335,1.3810476064682007,0.42352941632270813,1.3765935897827148
vehicle,4,ffnn_0layer,sgd,0.01,5,1444,0.42352941632270813,1.3747880458831787,0.42352941632270813,1.3704073429107666
vehicle,4,ffnn_0layer,sgd,0.05,1,1276,0.3764705955982208,1.3748782873153687,0.42352941632270813,1.3695698976516724
vehicle,4,ffnn_0layer,sgd,0.05,2,1318,0.3294117748737335,1.379911184310913,0.3764705955982208,1.3790574073791504
vehicle,4,ffnn_0layer,sgd,0.05,3,1360,0.34117648005485535,1.3799567222595215,0.364705890417099,1.3790990114212036
vehicle,4,ffnn_0layer,sgd,0.05,4,1402,0.3294117748737335,1.3808599710464478,0.42352941632270813,1.3757765293121338
vehicle,4,ffnn_0layer,sgd,0.05,5,1444,0.42352941632270813,1.374711513519287,0.42352941632270813,1.3700493574142456
vehicle,4,ffnn_0layer,sgd,0.1,1,1276,0.364705890417099,1.3748712539672852,0.42352941632270813,1.3693946599960327
vehicle,4,ffnn_0layer,sgd,0.1,2,1318,0.3294117748737335,1.3799200057983398,0.364705890417099,1.3786466121673584
vehicle,4,ffnn_0layer,sgd,0.1,3,1360,0.3294117748737335,1.3797187805175781,0.364705890417099,1.3779889345169067
vehicle,4,ffnn_0layer,sgd,0.1,4,1402,0.3294117748737335,1.3806688785552979,0.4470588266849518,1.3750602006912231
vehicle,4,ffnn_0layer,sgd,0.1,5,1444,0.38823530077934265,1.3747186660766602,0.43529412150382996,1.3697433471679688
vehicle,4,sampler,adam,0.001,1,1276,0.4000000059604645,1.3742713928222656,0.4588235318660736,1.3688043355941772
vehicle,4,sampler,adam,0.001,2,1318,0.38823530077934265,1.3745399713516235,0.4588235318660736,1.3688764572143555
vehicle,4,sampler,adam,0.001,3,1360,0.4000000059604645,1.3752696514129639,0.47058823704719543,1.3691083192825317
vehicle,4,sampler,adam,0.001,4,1402,0.4000000059604645,1.3747411966323853,0.48235294222831726,1.3687103986740112
vehicle,4,sampler,adam,0.001,5,1444,0.4000000059604645,1.3748847246170044,0.47058823704719543,1.3688931465148926
vehicle,4,sampler,adam,0.005,1,1276,0.47058823704719543,1.3713929653167725,0.48235294222831726,1.3674790859222412
vehicle,4,sampler,adam,0.005,2,1318,0.47058823704719543,1.3714274168014526,0.48235294222831726,1.3675049543380737
vehicle,4,sampler,adam,0.005,3,1360,0.47058823704719543,1.3713786602020264,0.48235294222831726,1.3674910068511963
vehicle,4,sampler,adam,0.005,4,1402,0.47058823704719543,1.3713454008102417,0.48235294222831726,1.3675845861434937
vehicle,4,sampler,adam,0.005,5,1444,0.47058823704719543,1.3713910579681396,0.48235294222831726,1.3675827980041504
vehicle,4,sampler,adam,0.01,1,1276,0.47058823704719543,1.3713980913162231,0.48235294222831726,1.3674776554107666
vehicle,4,sampler,adam,0.01,2,1318,0.47058823704719543,1.3714599609375,0.4941176474094391,1.3675813674926758
vehicle,4,sampler,adam,0.01,3,1360,0.47058823704719543,1.3714027404785156,0.47058823704719543,1.367477536201477
vehicle,4,sampler,adam,0.01,4,1402,0.47058823704719543,1.3713693618774414,0.48235294222831726,1.3675726652145386
vehicle,4,sampler,adam,0.01,5,1444,0.47058823704719543,1.3714226484298706,0.48235294222831726,1.3676027059555054
vehicle,4,sampler,adam,0.05,1,1276,0.48235294222831726,1.371293067932129,0.48235294222831726,1.3676947355270386
vehicle,4,sampler,adam,0.05,2,1318,0.4470588266849518,1.371734380722046,0.4588235318660736,1.3682270050048828
vehicle,4,sampler,adam,0.05,3,1360,0.47058823704719543,1.3714325428009033,0.48235294222831726,1.367444396018982
vehicle,4,sampler,adam,0.05,4,1402,0.5058823823928833,1.3700780868530273,0.529411792755127,1.3660733699798584
vehicle,4,sampler,adam,0.05,5,1444,0.48235294222831726,1.371634602546692,0.4941176474094391,1.3674712181091309
vehicle,4,sampler,adam,0.1,1,1276,0.47058823704719543,1.3717297315597534,0.4941176474094391,1.3673042058944702
vehicle,4,sampler,adam,0.1,2,1318,0.4470588266849518,1.3719561100006104,0.43529412150382996,1.3691766262054443
vehicle,4,sampler,adam,0.1,3,1360,0.47058823704719543,1.3713979721069336,0.48235294222831726,1.3677642345428467
vehicle,4,sampler,adam,0.1,4,1402,0.5058823823928833,1.3702208995819092,0.529411792755127,1.3660614490509033
vehicle,4,sampler,adam,0.1,5,1444,0.47058823704719543,1.3713880777359009,0.48235294222831726,1.3675261735916138
vehicle,4,sampler,sgd,0.001,1,1276,0.3176470696926117,1.3803704977035522,0.4117647111415863,1.3766586780548096
vehicle,4,sampler,sgd,0.001,2,1318,0.4117647111415863,1.3804147243499756,0.364705890417099,1.3781867027282715
vehicle,4,sampler,sgd,0.001,3,1360,0.34117648005485535,1.3803876638412476,0.38823530077934265,1.375962734222412
vehicle,4,sampler,sgd,0.001,4,1402,0.4117647111415863,1.3803085088729858,0.4588235318660736,1.375001311302185
vehicle,4,sampler,sgd,0.001,5,1444,0.3294117748737335,1.3803505897521973,0.4117647111415863,1.3760428428649902
vehicle,4,sampler,sgd,0.005,1,1276,0.3176470696926117,1.3803601264953613,0.4117647111415863,1.3766332864761353
vehicle,4,sampler,sgd,0.005,2,1318,0.4117647111415863,1.3803753852844238,0.364705890417099,1.3780795335769653
vehicle,4,sampler,sgd,0.005,3,1360,0.34117648005485535,1.3803879022598267,0.38823530077934265,1.3759523630142212
vehicle,4,sampler,sgd,0.005,4,1402,0.4117647111415863,1.3803046941757202,0.4588235318660736,1.3749910593032837
vehicle,4,sampler,sgd,0.005,5,1444,0.3294117748737335,1.3803470134735107,0.4117647111415863,1.3760249614715576
vehicle,4,sampler,sgd,0.01,1,1276,0.3176470696926117,1.380346655845642,0.4117647111415863,1.376601219177246
vehicle,4,sampler,sgd,0.01,2,1318,0.4117647111415863,1.3803247213363647,0.364705890417099,1.3779443502426147
vehicle,4,sampler,sgd,0.01,3,1360,0.34117648005485535,1.380387783050537,0.38823530077934265,1.3759398460388184
vehicle,4,sampler,sgd,0.01,4,1402,0.4000000059604645,1.380299687385559,0.4588235318660736,1.3749783039093018
vehicle,4,sampler,sgd,0.01,5,1444,0.3294117748737335,1.3803422451019287,0.4117647111415863,1.376002550125122
vehicle,4,sampler,sgd,0.05,1,1276,0.3176470696926117,1.3802169561386108,0.4470588266849518,1.3763196468353271
vehicle,4,sampler,sgd,0.05,2,1318,0.4000000059604645,1.3798314332962036,0.3764705955982208,1.3768151998519897
vehicle,4,sampler,sgd,0.05,3,1360,0.34117648005485535,1.380383849143982,0.4000000059604645,1.3758316040039062
vehicle,4,sampler,sgd,0.05,4,1402,0.4000000059604645,1.3802505731582642,0.43529412150382996,1.3748559951782227
vehicle,4,sampler,sgd,0.05,5,1444,0.3294117748737335,1.3802968263626099,0.42352941632270813,1.3758127689361572
vehicle,4,sampler,sgd,0.1,1,1276,0.34117648005485535,1.3799699544906616,0.4470588266849518,1.3758705854415894
vehicle,4,sampler,sgd,0.1,2,1318,0.38823530077934265,1.3789938688278198,0.364705890417099,1.3753445148468018
vehicle,4,sampler,sgd,0.1,3,1360,0.3294117748737335,1.380363941192627,0.38823530077934265,1.375671148300171
vehicle,4,sampler,sgd,0.1,4,1402,0.38823530077934265,1.3801480531692505,0.42352941632270813,1.374627947807312
vehicle,4,sampler,sgd,0.1,5,1444,0.34117648005485535,1.3802032470703125,0.42352941632270813,1.3755240440368652
vehicle,8,ffnn_0layer,adam,0.001,1,1276,0.5176470875740051,1.3563423156738281,0.658823549747467,1.3404130935668945
vehicle,8,ffnn_0layer,adam,0.001,2,1318,0.5176470875740051,1.3561396598815918,0.6470588445663452,1.340448021888733
vehicle,8,ffnn_0layer,adam,0.001,3,1360,0.5411764979362488,1.3567866086959839,0.6352941393852234,1.3408732414245605
vehicle,8,ffnn_0layer,adam,0.001,4,1402,0.5176470875740051,1.3562902212142944,0.6470588445663452,1.3399415016174316
vehicle,8,ffnn_0layer,adam,0.001,5,1444,0.529411792755127,1.3567473888397217,0.658823549747467,1.340823769569397
vehicle,8,ffnn_0layer,adam,0.005,1,1276,0.529411792755127,1.3561726808547974,0.6470588445663452,1.340238094329834
vehicle,8,ffnn_0layer,adam,0.005,2,1318,0.5176470875740051,1.3560112714767456,0.6470588445663452,1.340138554573059
vehicle,8,ffnn_0layer,adam,0.005,3,1360,0.5176470875740051,1.3559739589691162,0.6470588445663452,1.3398950099945068
vehicle,8,ffnn_0layer,adam,0.005,4,1402,0.5176470875740051,1.3560031652450562,0.658823549747467,1.3397632837295532
vehicle,8,ffnn_0layer,adam,0.005,5,1444,0.529411792755127,1.3566522598266602,0.6470588445663452,1.340443730354309
vehicle,8,ffnn_0layer,adam,0.01,1,1276,0.529411792755127,1.356173038482666,0.6470588445663452,1.3403222560882568
vehicle,8,ffnn_0layer,adam,0.01,2,1318,0.5176470875740051,1.3561667203903198,0.6352941393852234,1.3404639959335327
vehicle,8,ffnn_0layer,adam,0.01,3,1360,0.5176470875740051,1.3560433387756348,0.6352941393852234,1.339931845664978
vehicle,8,ffnn_0layer,adam,0.01,4,1402,0.5176470875740051,1.355725884437561,0.658823549747467,1.3396883010864258
vehicle,8,ffnn_0layer,adam,0.01,5,1444,0.5411764979362488,1.3568905591964722,0.658823549747467,1.3406816720962524
vehicle,8,ffnn_0layer,adam,0.05,1,1276,0.5529412031173706,1.3563159704208374,0.6235294342041016,1.3420164585113525
vehicle,8,ffnn_0layer,adam,0.05,2,1318,0.5058823823928833,1.3561588525772095,0.5764706134796143,1.3411191701889038
vehicle,8,ffnn_0layer,adam,0.05,3,1360,0.5176470875740051,1.356345772743225,0.6470588445663452,1.3397939205169678
vehicle,8,ffnn_0layer,adam,0.05,4,1402,0.529411792755127,1.3561513423919678,0.6470588445663452,1.3405005931854248
vehicle,8,ffnn_0layer,adam,0.05,5,1444,0.529411792755127,1.358359456062317,0.658823549747467,1.3420565128326416
vehicle,8,ffnn_0layer,adam,0.1,1,1276,0.529411792755127,1.3565077781677246,0.6235294342041016,1.341864824295044
vehicle,8,ffnn_0layer,adam,0.1,2,1318,0.529411792755127,1.3554885387420654,0.5882353186607361,1.3421545028686523
vehicle,8,ffnn_0layer,adam,0.1,3,1360,0.529411792755127,1.3562968969345093,0.658823549747467,1.3399096727371216
vehicle,8,ffnn_0layer,adam,0.1,4,1402,0.529411792755127,1.3556791543960571,0.6235294342041016,1.3406890630722046
vehicle,8,ffnn_0layer,adam,0.1,5,1444,0.5529412031173706,1.3559879064559937,0.5764706134796143,1.3431161642074585
vehicle,8,ffnn_0layer,sgd,0.001,1,1276,0.4000000059604645,1.3687459230422974,0.5647059082984924,1.3566995859146118
vehicle,8,ffnn_0layer,sgd,0.001,2,1318,0.47058823704719543,1.3640145063400269,0.5529412031173706,1.3556885719299316
vehicle,8,ffnn_0layer,sgd,0.001,3,1360,0.4588235318660736,1.3666998147964478,0.5764706134796143,1.3588323593139648
vehicle,8,ffnn_0layer,sgd,0.001,4,1402,0.4588235318660736,1.3687247037887573,0.5176470875740051,1.3614481687545776
vehicle,8,ffnn_0layer,sgd,0.001,5,1444,0.3529411852359772,1.3686319589614868,0.5529412031173706,1.3592808246612549
vehicle,8,ffnn_0layer,sgd,0.005,1,1276,0.4117647111415863,1.3686113357543945,0.5764706134796143,1.356473445892334
vehicle,8,ffnn_0layer,sgd,0.005,2,1318,0.47058823704719543,1.3639495372772217,0.5411764979362488,1.3555634021759033
vehicle,8,ffnn_0layer,sgd,0.005,3,1360,0.4588235318660736,1.3665555715560913,0.5764706134796143,1.3585680723190308
vehicle,8,ffnn_0layer,sgd,0.005,4,1402,0.47058823704719543,1.3685511350631714,0.5176470875740051,1.3612408638000488
vehicle,8,ffnn_0layer,sgd,0.005,5,1444,0.3529411852359772,1.3685933351516724,0.5529412031173706,1.359207272529602
vehicle,8,ffnn_0layer,sgd,0.01,1,1276,0.4117647111415863,1.3684334754943848,0.5882353186607361,1.3561756610870361
vehicle,8,ffnn_0layer,sgd,0.01,2,1318,0.47058823704719543,1.3638719320297241,0.5411764979362488,1.355407476425171
vehicle,8,ffnn_0layer,sgd,0.01,3,1360,0.4470588266849518,1.3663705587387085,0.5764706134796143,1.358235478401184
vehicle,8,ffnn_0layer,sgd,0.01,4,1402,0.47058823704719543,1.3683362007141113,0.529411792755127,1.3609799146652222
vehicle,8,ffnn_0layer,sgd,0.01,5,1444,0.3529411852359772,1.3685442209243774,0.5411764979362488,1.359114646911621
vehicle,8,ffnn_0layer,sgd,0.05,1,1276,0.42352941632270813,1.3664497137069702,0.6117647290229797,1.3530300855636597
vehicle,8,ffnn_0layer,sgd,0.05,2,1318,0.4941176474094391,1.3633418083190918,0.5529412031173706,1.3541638851165771
vehicle,8,ffnn_0layer,sgd,0.05,3,1360,0.48235294222831726,1.3648476600646973,0.5529412031173706,1.3556731939315796
vehicle,8,ffnn_0layer,sgd,0.05,4,1402,0.47058823704719543,1.3665287494659424,0.5529412031173706,1.35859215259552
vehicle,8,ffnn_0layer,sgd,0.05,5,1444,0.364705890417099,1.3680750131607056,0.5176470875740051,1.3583310842514038
vehicle,8,ffnn_0layer,sgd,0.1,1,1276,0.4941176474094391,1.3625028133392334,0.6352941393852234,1.347185730934143
vehicle,8,ffnn_0layer,sgd,0.1,2,1318,0.4941176474094391,1.3626680374145508,0.5529412031173706,1.352406620979309
vehicle,8,ffnn_0layer,sgd,0.1,3,1360,0.48235294222831726,1.3633123636245728,0.5647059082984924,1.353322148323059
vehicle,8,ffnn_0layer,sgd,0.1,4,1402,0.48235294222831726,1.363899827003479,0.5529412031173706,1.3551619052886963
vehicle,8,ffnn_0layer,sgd,0.1,5,1444,0.38823530077934265,1.3669956922531128,0.5647059082984924,1.3570035696029663
vehicle,8,sampler,adam,0.001,1,1276,0.48235294222831726,1.3602683544158936,0.6117647290229797,1.3456414937973022
vehicle,8,sampler,adam,0.001,2,1318,0.5176470875740051,1.3594902753829956,0.6352941393852234,1.3437083959579468
vehicle,8,sampler,adam,0.001,3,1360,0.5176470875740051,1.360074520111084,0.6352941393852234,1.3465490341186523
vehicle,8,sampler,adam,0.001,4,1402,0.4941176474094391,1.359999418258667,0.6352941393852234,1.3448395729064941
vehicle,8,sampler,adam,0.001,5,1444,0.5176470875740051,1.3594424724578857,0.6352941393852234,1.3440611362457275
vehicle,8,sampler,adam,0.005,1,1276,0.5176470875740051,1.356225609779358,0.658823549747467,1.340152382850647
vehicle,8,sampler,adam,0.005,2,1318,0.5176470875740051,1.356003999710083,0.6352941393852234,1.3400015830993652
vehicle,8,sampler,adam,0.005,3,1360,0.5176470875740051,1.355989933013916,0.6470588445663452,1.339882254600525
vehicle,8,sampler,adam,0.005,4,1402,0.5176470875740051,1.3560999631881714,0.6470588445663452,1.3397715091705322
vehicle,8,sampler,adam,0.005,5,1444,0.529411792755127,1.3563883304595947,0.6470588445663452,1.3402057886123657
vehicle,8,sampler,adam,0.01,1,1276,0.529411792755127,1.3561733961105347,0.6470588445663452,1.340238332748413
vehicle,8,sampler,adam,0.01,2,1318,0.5176470875740051,1.3560093641281128,0.6470588445663452,1.3401381969451904
vehicle,8,sampler,adam,0.01,3,1360,0.5176470875740051,1.3559801578521729,0.6470588445663452,1.339896321296692
vehicle,8,sampler,adam,0.01,4,1402,0.5176470875740051,1.3560041189193726,0.658823549747467,1.3397634029388428
vehicle,8,sampler,adam,0.01,5,1444,0.529411792755127,1.356658935546875,0.6470588445663452,1.3404451608657837
vehicle,8,sampler,adam,0.05,1,1276,0.529411792755127,1.355956792831421,0.6470588445663452,1.3408386707305908
vehicle,8,sampler,adam,0.05,2,1318,0.529411792755127,1.356375813484192,0.6000000238418579,1.34097421169281
vehicle,8,sampler,adam,0.05,3,1360,0.5176470875740051,1.3561941385269165,0.6352941393852234,1.3400428295135498
vehicle,8,sampler,adam,0.05,4,1402,0.529411792755127,1.3555468320846558,0.6235294342041016,1.3401343822479248
vehicle,8,sampler,adam,0.05,5,1444,0.5411764979362488,1.3566887378692627,0.6352941393852234,1.3411474227905273
vehicle,8,sampler,adam,0.1,1,1276,0.5529412031173706,1.3563159704208374,0.6235294342041016,1.3420164585113525
vehicle,8,sampler,adam,0.1,2,1318,0.5058823823928833,1.3561588525772095,0.5764706134796143,1.3411191701889038
vehicle,8,sampler,adam,0.1,3,1360,0.5176470875740051,1.356345772743225,0.6470588445663452,1.3397939205169678
vehicle,8,sampler,adam,0.1,4,1402,0.529411792755127,1.3561513423919678,0.6470588445663452,1.3405005931854248
vehicle,8,sampler,adam,0.1,5,1444,0.529411792755127,1.358359456062317,0.658823549747467,1.3420565128326416
vehicle,8,sampler,sgd,0.001,1,1276,0.3764705955982208,1.3703386783599854,0.42352941632270813,1.3613743782043457
vehicle,8,sampler,sgd,0.001,2,1318,0.43529412150382996,1.3688793182373047,0.5764706134796143,1.361187219619751
vehicle,8,sampler,sgd,0.001,3,1360,0.364705890417099,1.36884343624115,0.5882353186607361,1.3598144054412842
vehicle,8,sampler,sgd,0.001,4,1402,0.3764705955982208,1.3720896244049072,0.48235294222831726,1.3628450632095337
vehicle,8,sampler,sgd,0.001,5,1444,0.38823530077934265,1.3698712587356567,0.529411792755127,1.3608286380767822
vehicle,8,sampler,sgd,0.005,1,1276,0.3764705955982208,1.3703426122665405,0.42352941632270813,1.3613604307174683
vehicle,8,sampler,sgd,0.005,2,1318,0.43529412150382996,1.3688362836837769,0.5764706134796143,1.361154556274414
vehicle,8,sampler,sgd,0.005,3,1360,0.364705890417099,1.3687576055526733,0.5882353186607361,1.3597031831741333
vehicle,8,sampler,sgd,0.005,4,1402,0.3764705955982208,1.3720520734786987,0.4941176474094391,1.3627750873565674
vehicle,8,sampler,sgd,0.005,5,1444,0.38823530077934265,1.369863510131836,0.529411792755127,1.3608076572418213
vehicle,8,sampler,sgd,0.01,1,1276,0.3764705955982208,1.370347023010254,0.42352941632270813,1.3613426685333252
vehicle,8,sampler,sgd,0.01,2,1318,0.43529412150382996,1.3687820434570312,0.5764706134796143,1.361112356185913
vehicle,8,sampler,sgd,0.01,3,1360,0.3764705955982208,1.3686470985412598,0.5882353186607361,1.3595613241195679
vehicle,8,sampler,sgd,0.01,4,1402,0.3764705955982208,1.3720043897628784,0.4941176474094391,1.3626879453659058
vehicle,8,sampler,sgd,0.01,5,1444,0.38823530077934265,1.369852900505066,0.529411792755127,1.360781192779541
vehicle,8,sampler,sgd,0.05,1,1276,0.3764705955982208,1.3703705072402954,0.4117647111415863,1.3611782789230347
vehicle,8,sampler,sgd,0.05,2,1318,0.43529412150382996,1.368315577507019,0.5647059082984924,1.3607405424118042
vehicle,8,sampler,sgd,0.05,3,1360,0.38823530077934265,1.3676356077194214,0.5764706134796143,1.3583248853683472
vehicle,8,sampler,sgd,0.05,4,1402,0.4000000059604645,1.371565818786621,0.5176470875740051,1.3619767427444458
vehicle,8,sampler,sgd,0.05,5,1444,0.38823530077934265,1.3697278499603271,0.529411792755127,1.3605395555496216
vehicle,8,sampler,sgd,0.1,1,1276,0.38823530077934265,1.370329737663269,0.4000000059604645,1.3608877658843994
vehicle,8,sampler,sgd,0.1,2,1318,0.48235294222831726,1.367643117904663,0.5529412031173706,1.3601665496826172
vehicle,8,sampler,sgd,0.1,3,1360,0.43529412150382996,1.366129994392395,0.5764706134796143,1.3565800189971924
vehicle,8,sampler,sgd,0.1,4,1402,0.38823530077934265,1.3708006143569946,0.5411764979362488,1.3609884977340698
vehicle,8,sampler,sgd,0.1,5,1444,0.38823530077934265,1.3694385290145874,0.5176470875740051,1.3601508140563965
vehicle,12,ffnn_0layer,adam,0.001,1,1276,0.5176470875740051,1.3482502698898315,0.6235294342041016,1.3326748609542847
vehicle,12,ffnn_0layer,adam,0.001,2,1318,0.5176470875740051,1.348785638809204,0.6235294342041016,1.3331111669540405
vehicle,12,ffnn_0layer,adam,0.001,3,1360,0.5176470875740051,1.3483139276504517,0.6235294342041016,1.3326795101165771
vehicle,12,ffnn_0layer,adam,0.001,4,1402,0.5058823823928833,1.3481175899505615,0.6235294342041016,1.3324964046478271
vehicle,12,ffnn_0layer,adam,0.001,5,1444,0.5176470875740051,1.3482625484466553,0.6235294342041016,1.332696795463562
vehicle,12,ffnn_0layer,adam,0.005,1,1276,0.529411792755127,1.3467785120010376,0.6705882549285889,1.331227421760559
vehicle,12,ffnn_0layer,adam,0.005,2,1318,0.5176470875740051,1.3487521409988403,0.6235294342041016,1.3332202434539795
vehicle,12,ffnn_0layer,adam,0.005,3,1360,0.5176470875740051,1.3488256931304932,0.6470588445663452,1.3331010341644287
vehicle,12,ffnn_0layer,adam,0.005,4,1402,0.529411792755127,1.347100853919983,0.6705882549285889,1.3312395811080933
vehicle,12,ffnn_0layer,adam,0.005,5,1444,0.5058823823928833,1.348048210144043,0.658823549747467,1.3323026895523071
vehicle,12,ffnn_0layer,adam,0.01,1,1276,0.529411792755127,1.3468502759933472,0.6705882549285889,1.3313509225845337
vehicle,12,ffnn_0layer,adam,0.01,2,1318,0.529411792755127,1.3468989133834839,0.6705882549285889,1.331383228302002
vehicle,12,ffnn_0layer,adam,0.01,3,1360,0.529411792755127,1.3469958305358887,0.6705882549285889,1.3315010070800781
vehicle,12,ffnn_0layer,adam,0.01,4,1402,0.5176470875740051,1.3466728925704956,0.6705882549285889,1.3311506509780884
vehicle,12,ffnn_0layer,adam,0.01,5,1444,0.5176470875740051,1.3469395637512207,0.6705882549285889,1.3314228057861328
vehicle,12,ffnn_0layer,adam,0.05,1,1276,0.529411792755127,1.3467134237289429,0.6705882549285889,1.3315720558166504
vehicle,12,ffnn_0layer,adam,0.05,2,1318,0.529411792755127,1.346724510192871,0.658823549747467,1.3321341276168823
vehicle,12,ffnn_0layer,adam,0.05,3,1360,0.5411764979362488,1.346801519393921,0.658823549747467,1.3311104774475098
vehicle,12,ffnn_0layer,adam,0.05,4,1402,0.529411792755127,1.347176194190979,0.6705882549285889,1.331111192703247
vehicle,12,ffnn_0layer,adam,0.05,5,1444,0.5411764979362488,1.3467392921447754,0.6705882549285889,1.3316057920455933
vehicle,12,ffnn_0layer,adam,0.1,1,1276,0.5411764979362488,1.346229910850525,0.6705882549285889,1.331106424331665
vehicle,12,ffnn_0layer,adam,0.1,2,1318,0.5647059082984924,1.3459495306015015,0.6235294342041016,1.3322514295578003
vehicle,12,ffnn_0layer,adam,0.1,3,1360,0.5058823823928833,1.3489018678665161,0.6705882549285889,1.3335779905319214
vehicle,12,ffnn_0layer,adam,0.1,4,1402,0.529411792755127,1.3468146324157715,0.7058823704719543,1.3303507566452026
vehicle,12,ffnn_0layer,adam,0.1,5,1444,0.529411792755127,1.3476094007492065,0.6705882549285889,1.3337007761001587
vehicle,12,ffnn_0layer,sgd,0.001,1,1276,0.4588235318660736,1.3574659824371338,0.658823549747467,1.3485578298568726
vehicle,12,ffnn_0layer,sgd,0.001,2,1318,0.4588235318660736,1.3575993776321411,0.6117647290229797,1.3443200588226318
vehicle,12,ffnn_0layer,sgd,0.001,3,1360,0.4941176474094391,1.3572498559951782,0.5882353186607361,1.348021149635315
vehicle,12,ffnn_0layer,sgd,0.001,4,1402,0.529411792755127,1.3584343194961548,0.6941176652908325,1.345854640007019
vehicle,12,ffnn_0layer,sgd,0.001,5,1444,0.5058823823928833,1.357218623161316,0.5764706134796143,1.3480124473571777
vehicle,12,ffnn_0layer,sgd,0.005,1,1276,0.4588235318660736,1.3574061393737793,0.658823549747467,1.3484524488449097
vehicle,12,ffnn_0layer,sgd,0.005,2,1318,0.4588235318660736,1.357395887374878,0.6235294342041016,1.3440485000610352
vehicle,12,ffnn_0layer,sgd,0.005,3,1360,0.4941176474094391,1.3569974899291992,0.5882353186607361,1.3476117849349976
vehicle,12,ffnn_0layer,sgd,0.005,4,1402,0.529411792755127,1.3583064079284668,0.6941176652908325,1.3455852270126343
vehicle,12,ffnn_0layer,sgd,0.005,5,1444,0.5058823823928833,1.3570449352264404,0.5882353186607361,1.3476628065109253
vehicle,12,ffnn_0layer,sgd,0.01,1,1276,0.4588235318660736,1.357333779335022,0.658823549747467,1.3483234643936157
vehicle,12,ffnn_0layer,sgd,0.01,2,1318,0.4588235318660736,1.3571438789367676,0.6235294342041016,1.343712329864502
vehicle,12,ffnn_0layer,sgd,0.01,3,1360,0.4941176474094391,1.3566728830337524,0.5882353186607361,1.347096562385559
vehicle,12,ffnn_0layer,sgd,0.01,4,1402,0.529411792755127,1.3581511974334717,0.6941176652908325,1.3452578783035278
vehicle,12,ffnn_0layer,sgd,0.01,5,1444,0.5058823823928833,1.3568233251571655,0.5882353186607361,1.3472236394882202
vehicle,12,ffnn_0layer,sgd,0.05,1,1276,0.47058823704719543,1.3568205833435059,0.6352941393852234,1.3474042415618896
vehicle,12,ffnn_0layer,sgd,0.05,2,1318,0.4470588266849518,1.3552453517913818,0.6117647290229797,1.341231346130371
vehicle,12,ffnn_0layer,sgd,0.05,3,1360,0.5058823823928833,1.353883147239685,0.6352941393852234,1.3431675434112549
vehicle,12,ffnn_0layer,sgd,0.05,4,1402,0.5176470875740051,1.3570579290390015,0.6941176652908325,1.3430795669555664
vehicle,12,ffnn_0layer,sgd,0.05,5,1444,0.5411764979362488,1.3550609350204468,0.6000000238418579,1.343954086303711
vehicle,12,ffnn_0layer,sgd,0.1,1,1276,0.4470588266849518,1.3562599420547485,0.6117647290229797,1.3466136455535889
vehicle,12,ffnn_0layer,sgd,0.1,2,1318,0.4588235318660736,1.3533695936203003,0.6117647290229797,1.3389856815338135
vehicle,12,ffnn_0layer,sgd,0.1,3,1360,0.5529412031173706,1.350685477256775,0.6352941393852234,1.3396949768066406
vehicle,12,ffnn_0layer,sgd,0.1,4,1402,0.5411764979362488,1.3558193445205688,0.6705882549285889,1.3412294387817383
vehicle,12,ffnn_0layer,sgd,0.1,5,1444,0.5529412031173706,1.3533596992492676,0.6470588445663452,1.341124176979065
vehicle,12,sampler,adam,0.001,1,1276,0.4941176474094391,1.3513458967208862,0.6235294342041016,1.3376110792160034
vehicle,12,sampler,adam,0.001,2,1318,0.5647059082984924,1.3468267917633057,0.6705882549285889,1.3367180824279785
vehicle,12,sampler,adam,0.001,3,1360,0.5647059082984924,1.3469957113265991,0.6352941393852234,1.3371449708938599
vehicle,12,sampler,adam,0.001,4,1402,0.529411792755127,1.3478918075561523,0.6235294342041016,1.336450457572937
vehicle,12,sampler,adam,0.001,5,1444,0.5058823823928833,1.35139000415802,0.6352941393852234,1.3370589017868042
vehicle,12,sampler,adam,0.005,1,1276,0.529411792755127,1.3486136198043823,0.6352941393852234,1.3330351114273071
vehicle,12,sampler,adam,0.005,2,1318,0.5058823823928833,1.348549723625183,0.6235294342041016,1.3330599069595337
vehicle,12,sampler,adam,0.005,3,1360,0.5058823823928833,1.3485033512115479,0.6352941393852234,1.3329496383666992
vehicle,12,sampler,adam,0.005,4,1402,0.5176470875740051,1.3483351469039917,0.6235294342041016,1.3326936960220337
vehicle,12,sampler,adam,0.005,5,1444,0.5058823823928833,1.348618745803833,0.6352941393852234,1.3330992460250854
vehicle,12,sampler,adam,0.01,1,1276,0.529411792755127,1.3467768430709839,0.6705882549285889,1.3312262296676636
vehicle,12,sampler,adam,0.01,2,1318,0.5176470875740051,1.3487796783447266,0.6235294342041016,1.3332433700561523
vehicle,12,sampler,adam,0.01,3,1360,0.5176470875740051,1.3477184772491455,0.658823549747467,1.3318959474563599
vehicle,12,sampler,adam,0.01,4,1402,0.529411792755127,1.3471049070358276,0.6705882549285889,1.3312426805496216
vehicle,12,sampler,adam,0.01,5,1444,0.5058823823928833,1.3478572368621826,0.658823549747467,1.332123875617981
vehicle,12,sampler,adam,0.05,1,1276,0.529411792755127,1.3468728065490723,0.6705882549285889,1.3315187692642212
vehicle,12,sampler,adam,0.05,2,1318,0.529411792755127,1.3466260433197021,0.6705882549285889,1.3315237760543823
vehicle,12,sampler,adam,0.05,3,1360,0.529411792755127,1.3472169637680054,0.6705882549285889,1.3317620754241943
vehicle,12,sampler,adam,0.05,4,1402,0.5058823823928833,1.3466973304748535,0.6705882549285889,1.3310472965240479
vehicle,12,sampler,adam,0.05,5,1444,0.529411792755127,1.3471579551696777,0.6705882549285889,1.3316411972045898
vehicle,12,sampler,adam,0.1,1,1276,0.529411792755127,1.3467134237289429,0.6705882549285889,1.3315720558166504
vehicle,12,sampler,adam,0.1,2,1318,0.529411792755127,1.346724510192871,0.658823549747467,1.3321341276168823
vehicle,12,sampler,adam,0.1,3,1360,0.5411764979362488,1.346801519393921,0.658823549747467,1.3311104774475098
vehicle,12,sampler,adam,0.1,4,1402,0.529411792755127,1.347176194190979,0.6705882549285889,1.331111192703247
vehicle,12,sampler,adam,0.1,5,1444,0.5411764979362488,1.3467392921447754,0.6705882549285889,1.3316057920455933
vehicle,12,sampler,sgd,0.001,1,1276,0.4470588266849518,1.3628753423690796,0.5176470875740051,1.355644941329956
vehicle,12,sampler,sgd,0.001,2,1318,0.4588235318660736,1.3601402044296265,0.6000000238418579,1.3545018434524536
vehicle,12,sampler,sgd,0.001,3,1360,0.529411792755127,1.3567630052566528,0.6352941393852234,1.353800654411316
vehicle,12,sampler,sgd,0.001,4,1402,0.4588235318660736,1.361464023590088,0.5411764979362488,1.3570139408111572
vehicle,12,sampler,sgd,0.001,5,1444,0.4941176474094391,1.3613148927688599,0.5882353186607361,1.3550620079040527
vehicle,12,sampler,sgd,0.005,1,1276,0.4470588266849518,1.362868070602417,0.5176470875740051,1.3556352853775024
vehicle,12,sampler,sgd,0.005,2,1318,0.4588235318660736,1.3601124286651611,0.6000000238418579,1.3544560670852661
vehicle,12,sampler,sgd,0.005,3,1360,0.529411792755127,1.3567098379135132,0.6352941393852234,1.3537195920944214
vehicle,12,sampler,sgd,0.005,4,1402,0.4588235318660736,1.361439824104309,0.5411764979362488,1.3569574356079102
vehicle,12,sampler,sgd,0.005,5,1444,0.4941176474094391,1.361307978630066,0.5882353186607361,1.35504949092865
vehicle,12,sampler,sgd,0.01,1,1276,0.4470588266849518,1.3628588914871216,0.5176470875740051,1.3556230068206787
vehicle,12,sampler,sgd,0.01,2,1318,0.4588235318660736,1.360077142715454,0.6000000238418579,1.3543975353240967
vehicle,12,sampler,sgd,0.01,3,1360,0.529411792755127,1.356642723083496,0.6352941393852234,1.353617548942566
vehicle,12,sampler,sgd,0.01,4,1402,0.4588235318660736,1.3614089488983154,0.5411764979362488,1.3568856716156006
vehicle,12,sampler,sgd,0.01,5,1444,0.4941176474094391,1.36129891872406,0.5882353186607361,1.3550336360931396
vehicle,12,sampler,sgd,0.05,1,1276,0.4470588266849518,1.362777590751648,0.5176470875740051,1.3555095195770264
vehicle,12,sampler,sgd,0.05,2,1318,0.47058823704719543,1.359744906425476,0.6000000238418579,1.3538838624954224
vehicle,12,sampler,sgd,0.05,3,1360,0.5176470875740051,1.3560993671417236,0.6352941393852234,1.3527882099151611
vehicle,12,sampler,sgd,0.05,4,1402,0.47058823704719543,1.3611342906951904,0.5411764979362488,1.3562885522842407
vehicle,12,sampler,sgd,0.05,5,1444,0.5176470875740051,1.3612087965011597,0.6000000238418579,1.3548898696899414
vehicle,12,sampler,sgd,0.1,1,1276,0.4588235318660736,1.36264169216156,0.6117647290229797,1.3553032875061035
vehicle,12,sampler,sgd,0.1,2,1318,0.4941176474094391,1.3591868877410889,0.5882353186607361,1.3530839681625366
vehicle,12,sampler,sgd,0.1,3,1360,0.5176470875740051,1.3554342985153198,0.6235294342041016,1.3517451286315918
vehicle,12,sampler,sgd,0.1,4,1402,0.48235294222831726,1.3606786727905273,0.5529412031173706,1.3554322719573975
vehicle,12,sampler,sgd,0.1,5,1444,0.5058823823928833,1.3610448837280273,0.6117647290229797,1.3546624183654785
egg,4,ffnn_0layer,adam,0.001,1,1276,0.5667557120323181,0.6899898052215576,0.5273698568344116,0.6920451521873474
egg,4,ffnn_0layer,adam,0.001,2,1318,0.5667557120323181,0.6900044679641724,0.5273698568344116,0.6920580267906189
egg,4,ffnn_0layer,adam,0.001,3,1360,0.5667557120323181,0.6900035738945007,0.5273698568344116,0.6920576691627502
egg,4,ffnn_0layer,adam,0.001,4,1402,0.5667557120323181,0.6900041699409485,0.5273698568344116,0.692057728767395
egg,4,ffnn_0layer,adam,0.001,5,1444,0.5667557120323181,0.6899898052215576,0.5273698568344116,0.6920454502105713
egg,4,ffnn_0layer,adam,0.005,1,1276,0.5667557120323181,0.6899815201759338,0.5273698568344116,0.6920332312583923
egg,4,ffnn_0layer,adam,0.005,2,1318,0.5667557120323181,0.6899815201759338,0.5273698568344116,0.6920332312583923
egg,4,ffnn_0layer,adam,0.005,3,1360,0.5667557120323181,0.6899813413619995,0.5273698568344116,0.6920331716537476
egg,4,ffnn_0layer,adam,0.005,4,1402,0.5667557120323181,0.6899818778038025,0.5273698568344116,0.6920336484909058
egg,4,ffnn_0layer,adam,0.005,5,1444,0.5667557120323181,0.6899813413619995,0.5273698568344116,0.692033052444458
egg,4,ffnn_0layer,adam,0.01,1,1276,0.5667557120323181,0.6899813413619995,0.5273698568344116,0.6920331716537476
egg,4,ffnn_0layer,adam,0.01,2,1318,0.5667557120323181,0.6899813413619995,0.5273698568344116,0.6920328736305237
egg,4,ffnn_0layer,adam,0.01,3,1360,0.5667557120323181,0.6899812817573547,0.5273698568344116,0.692033052444458
egg,4,ffnn_0layer,adam,0.01,4,1402,0.5667557120323181,0.6899821758270264,0.5273698568344116,0.6920340657234192
egg,4,ffnn_0layer,adam,0.01,5,1444,0.5667557120323181,0.6899811625480652,0.5273698568344116,0.6920329928398132
egg,4,ffnn_0layer,adam,0.05,1,1276,0.5667557120323181,0.6900053024291992,0.5273698568344116,0.6920592784881592
egg,4,ffnn_0layer,adam,0.05,2,1318,0.5667557120323181,0.6899977326393127,0.5273698568344116,0.6920462846755981
egg,4,ffnn_0layer,adam,0.05,3,1360,0.5667557120323181,0.6900054812431335,0.5273698568344116,0.6920592188835144
egg,4,ffnn_0layer,adam,0.05,4,1402,0.5667557120323181,0.6900046467781067,0.5273698568344116,0.6920592784881592
egg,4,ffnn_0layer,adam,0.05,5,1444,0.5667557120323181,0.6899911761283875,0.5273698568344116,0.6920466423034668
egg,4,ffnn_0layer,adam,0.1,1,1276,0.5667557120323181,0.6900050640106201,0.5273698568344116,0.6920596361160278
egg,4,ffnn_0layer,adam,0.1,2,1318,0.5667557120323181,0.6900050640106201,0.5273698568344116,0.6920596957206726
egg,4,ffnn_0layer,adam,0.1,3,1360,0.5667557120323181,0.6900047063827515,0.5273698568344116,0.6920593976974487
egg,4,ffnn_0layer,adam,0.1,4,1402,0.5667557120323181,0.690003514289856,0.5273698568344116,0.6920586228370667
egg,4,ffnn_0layer,adam,0.1,5,1444,0.5667557120323181,0.6899914145469666,0.5273698568344116,0.6920465230941772
egg,4,ffnn_0layer,sgd,0.001,1,1276,0.5667557120323181,0.6899959444999695,0.5273698568344116,0.6920507550239563
egg,4,ffnn_0layer,sgd,0.001,2,1318,0.5667557120323181,0.6900061964988708,0.5273698568344116,0.6920583248138428
egg,4,ffnn_0layer,sgd,0.001,3,1360,0.5667557120323181,0.6900051236152649,0.5273698568344116,0.6920590400695801
egg,4,ffnn_0layer,sgd,0.001,4,1402,0.5667557120323181,0.690004825592041,0.5273698568344116,0.6920565366744995
egg,4,ffnn_0layer,sgd,0.001,5,1444,0.5667557120323181,0.6899970769882202,0.5273698568344116,0.6920521855354309
egg,4,ffnn_0layer,sgd,0.005,1,1276,0.5667557120323181,0.6899959444999695,0.5273698568344116,0.6920507550239563
egg,4,ffnn_0layer,sgd,0.005,2,1318,0.5667557120323181,0.6900061964988708,0.5273698568344116,0.6920583248138428
egg,4,ffnn_0layer,sgd,0.005,3,1360,0.5667557120323181,0.6900051236152649,0.5273698568344116,0.6920590400695801
egg,4,ffnn_0layer,sgd,0.005,4,1402,0.5667557120323181,0.690004825592041,0.5273698568344116,0.6920565366744995
egg,4,ffnn_0layer,sgd,0.005,5,1444,0.5667557120323181,0.6899970769882202,0.5273698568344116,0.6920523047447205
egg,4,ffnn_0layer,sgd,0.01,1,1276,0.5667557120323181,0.6899959444999695,0.5273698568344116,0.6920507550239563
egg,4,ffnn_0layer,sgd,0.01,2,1318,0.5667557120323181,0.6900061368942261,0.5273698568344116,0.6920583248138428
egg,4,ffnn_0layer,sgd,0.01,3,1360,0.5667557120323181,0.6900051832199097,0.5273698568344116,0.6920590400695801
egg,4,ffnn_0layer,sgd,0.01,4,1402,0.5667557120323181,0.690004825592041,0.5273698568344116,0.6920565366744995
egg,4,ffnn_0layer,sgd,0.01,5,1444,0.5667557120323181,0.689997136592865,0.5273698568344116,0.6920523047447205
egg,4,ffnn_0layer,sgd,0.05,1,1276,0.5667557120323181,0.6899957060813904,0.5273698568344116,0.692050576210022
egg,4,ffnn_0layer,sgd,0.05,2,1318,0.5667557120323181,0.6900061964988708,0.5273698568344116,0.6920583248138428
egg,4,ffnn_0layer,sgd,0.05,3,1360,0.5667557120323181,0.6900051236152649,0.5273698568344116,0.6920590400695801
egg,4,ffnn_0layer,sgd,0.05,4,1402,0.5667557120323181,0.690004825592041,0.5273698568344116,0.6920564770698547
egg,4,ffnn_0layer,sgd,0.05,5,1444,0.5667557120323181,0.6899970769882202,0.5273698568344116,0.6920521259307861
egg,4,ffnn_0layer,sgd,0.1,1,1276,0.5667557120323181,0.6899957060813904,0.5273698568344116,0.6920505166053772
egg,4,ffnn_0layer,sgd,0.1,2,1318,0.5667557120323181,0.6900061964988708,0.5273698568344116,0.6920583248138428
egg,4,ffnn_0layer,sgd,0.1,3,1360,0.5667557120323181,0.6900051236152649,0.5273698568344116,0.6920590400695801
egg,4,ffnn_0layer,sgd,0.1,4,1402,0.5667557120323181,0.6900046467781067,0.5273698568344116,0.6920564770698547
egg,4,ffnn_0layer,sgd,0.1,5,1444,0.5667557120323181,0.6899967193603516,0.5273698568344116,0.6920520663261414
egg,4,sampler,adam,0.001,1,1276,0.5667557120323181,0.6900036931037903,0.5273698568344116,0.6920576691627502
egg,4,sampler,adam,0.001,2,1318,0.5667557120323181,0.6900039315223694,0.5273698568344116,0.6920576095581055
egg,4,sampler,adam,0.001,3,1360,0.5667557120323181,0.6900038123130798,0.5273698568344116,0.692057728767395
egg,4,sampler,adam,0.001,4,1402,0.5667557120323181,0.6900036931037903,0.5273698568344116,0.6920576691627502
egg,4,sampler,adam,0.001,5,1444,0.5667557120323181,0.6900041699409485,0.5273698568344116,0.692057728767395
egg,4,sampler,adam,0.005,1,1276,0.5667557120323181,0.6899815201759338,0.5273698568344116,0.6920334100723267
egg,4,sampler,adam,0.005,2,1318,0.5667557120323181,0.6899816393852234,0.5273698568344116,0.6920334696769714
egg,4,sampler,adam,0.005,3,1360,0.5667557120323181,0.6899815201759338,0.5273698568344116,0.6920334100723267
egg,4,sampler,adam,0.005,4,1402,0.5667557120323181,0.6899817585945129,0.5273698568344116,0.6920334696769714
egg,4,sampler,adam,0.005,5,1444,0.5667557120323181,0.6899815797805786,0.5273698568344116,0.6920334100723267
egg,4,sampler,adam,0.01,1,1276,0.5667557120323181,0.6899815201759338,0.5273698568344116,0.6920332312583923
egg,4,sampler,adam,0.01,2,1318,0.5667557120323181,0.6899815201759338,0.5273698568344116,0.6920332312583923
egg,4,sampler,adam,0.01,3,1360,0.5667557120323181,0.6899813413619995,0.5273698568344116,0.692033052444458
egg,4,sampler,adam,0.01,4,1402,0.5667557120323181,0.6899818778038025,0.5273698568344116,0.6920336484909058
egg,4,sampler,adam,0.01,5,1444,0.5667557120323181,0.6899813413619995,0.5273698568344116,0.6920331716537476
egg,4,sampler,adam,0.05,1,1276,0.5667557120323181,0.6899817585945129,0.5273698568344116,0.6920332908630371
egg,4,sampler,adam,0.05,2,1318,0.5667557120323181,0.6899815797805786,0.5273698568344116,0.692033052444458
egg,4,sampler,adam,0.05,3,1360,0.5667557120323181,0.6899812817573547,0.5273698568344116,0.692033052444458
egg,4,sampler,adam,0.05,4,1402,0.5667557120323181,0.6900042295455933,0.5273698568344116,0.6920580863952637
egg,4,sampler,adam,0.05,5,1444,0.5667557120323181,0.6900050640106201,0.5273698568344116,0.6920580267906189
egg,4,sampler,adam,0.1,1,1276,0.5667557120323181,0.6900053024291992,0.5273698568344116,0.6920593976974487
egg,4,sampler,adam,0.1,2,1318,0.5667557120323181,0.690004825592041,0.5273698568344116,0.6920593976974487
egg,4,sampler,adam,0.1,3,1360,0.5667557120323181,0.6900051236152649,0.5273698568344116,0.6920596361160278
egg,4,sampler,adam,0.1,4,1402,0.5667557120323181,0.6899886727333069,0.5273698568344116,0.6920462846755981
egg,4,sampler,adam,0.1,5,1444,0.5667557120323181,0.6900048851966858,0.5273698568344116,0.6920592784881592
egg,4,sampler,sgd,0.001,1,1276,0.5667557120323181,0.690004289150238,0.5273698568344116,0.6920590400695801
egg,4,sampler,sgd,0.001,2,1318,0.5667557120323181,0.6900051236152649,0.5273698568344116,0.6920587420463562
egg,4,sampler,sgd,0.001,3,1360,0.5667557120323181,0.6900039911270142,0.5273698568344116,0.6920583248138428
egg,4,sampler,sgd,0.001,4,1402,0.5667557120323181,0.690004289150238,0.5273698568344116,0.692057728767395
egg,4,sampler,sgd,0.001,5,1444,0.5667557120323181,0.6900053024291992,0.5273698568344116,0.6920587420463562
egg,4,sampler,sgd,0.005,1,1276,0.5667557120323181,0.690004289150238,0.5273698568344116,0.6920590400695801
egg,4,sampler,sgd,0.005,2,1318,0.5667557120323181,0.6900050640106201,0.5273698568344116,0.6920587420463562
egg,4,sampler,sgd,0.005,3,1360,0.5667557120323181,0.6900040507316589,0.5273698568344116,0.6920583248138428
egg,4,sampler,sgd,0.005,4,1402,0.5667557120323181,0.690004289150238,0.5273698568344116,0.692057728767395
egg,4,sampler,sgd,0.005,5,1444,0.5667557120323181,0.6900053024291992,0.5273698568344116,0.6920587420463562
egg,4,sampler,sgd,0.01,1,1276,0.5667557120323181,0.690004289150238,0.5273698568344116,0.6920590400695801
egg,4,sampler,sgd,0.01,2,1318,0.5667557120323181,0.6900051236152649,0.5273698568344116,0.692058801651001
egg,4,sampler,sgd,0.01,3,1360,0.5667557120323181,0.6900040507316589,0.5273698568344116,0.6920583248138428
egg,4,sampler,sgd,0.01,4,1402,0.5667557120323181,0.6900042295455933,0.5273698568344116,0.692057728767395
egg,4,sampler,sgd,0.01,5,1444,0.5667557120323181,0.6900051832199097,0.5273698568344116,0.692058801651001
egg,4,sampler,sgd,0.05,1,1276,0.5667557120323181,0.690004289150238,0.5273698568344116,0.6920590400695801
egg,4,sampler,sgd,0.05,2,1318,0.5667557120323181,0.6900050640106201,0.5273698568344116,0.6920587420463562
egg,4,sampler,sgd,0.05,3,1360,0.5667557120323181,0.6900040507316589,0.5273698568344116,0.6920583844184875
egg,4,sampler,sgd,0.05,4,1402,0.5667557120323181,0.6900042295455933,0.5273698568344116,0.692057728767395
egg,4,sampler,sgd,0.05,5,1444,0.5667557120323181,0.6900051832199097,0.5273698568344116,0.6920587420463562
egg,4,sampler,sgd,0.1,1,1276,0.5667557120323181,0.690004289150238,0.5273698568344116,0.6920590400695801
egg,4,sampler,sgd,0.1,2,1318,0.5667557120323181,0.6900050640106201,0.5273698568344116,0.6920587420463562
egg,4,sampler,sgd,0.1,3,1360,0.5667557120323181,0.6900039911270142,0.5273698568344116,0.6920583844184875
egg,4,sampler,sgd,0.1,4,1402,0.5667557120323181,0.690004289150238,0.5273698568344116,0.692057728767395
egg,4,sampler,sgd,0.1,5,1444,0.5667557120323181,0.6900051832199097,0.5273698568344116,0.6920587420463562
egg,8,ffnn_0layer,adam,0.001,1,1276,0.5667557120323181,0.6899858713150024,0.5273698568344116,0.6920390129089355
egg,8,ffnn_0layer,adam,0.001,2,1318,0.5667557120323181,0.6899858117103577,0.5273698568344116,0.6920390129089355
egg,8,ffnn_0layer,adam,0.001,3,1360,0.5667557120323181,0.6899858117103577,0.5273698568344116,0.6920390129089355
egg,8,ffnn_0layer,adam,0.001,4,1402,0.5667557120323181,0.6899858117103577,0.5273698568344116,0.6920390129089355
egg,8,ffnn_0layer,adam,0.001,5,1444,0.5667557120323181,0.6899858713150024,0.5273698568344116,0.6920390129089355
egg,8,ffnn_0layer,adam,0.005,1,1276,0.5667557120323181,0.6899858713150024,0.5273698568344116,0.6920390129089355
egg,8,ffnn_0layer,adam,0.005,2,1318,0.5667557120323181,0.6899858713150024,0.5273698568344116,0.6920390129089355
egg,8,ffnn_0layer,adam,0.005,3,1360,0.5667557120323181,0.6899858713150024,0.5273698568344116,0.6920390129089355
egg,8,ffnn_0layer,adam,0.005,4,1402,0.5667557120323181,0.6899858713150024,0.5273698568344116,0.6920390129089355
egg,8,ffnn_0layer,adam,0.005,5,1444,0.5667557120323181,0.6899858713150024,0.5273698568344116,0.6920390129089355
egg,8,ffnn_0layer,adam,0.01,1,1276,0.5667557120323181,0.6899858713150024,0.5273698568344116,0.6920390129089355
egg,8,ffnn_0layer,adam,0.01,2,1318,0.5667557120323181,0.6899858117103577,0.5273698568344116,0.6920389533042908
egg,8,ffnn_0layer,adam,0.01,3,1360,0.5667557120323181,0.6899858713150024,0.5273698568344116,0.6920390129089355
egg,8,ffnn_0layer,adam,0.01,4,1402,0.5667557120323181,0.689985990524292,0.5273698568344116,0.6920390725135803
egg,8,ffnn_0layer,adam,0.01,5,1444,0.5667557120323181,0.689985990524292,0.5273698568344116,0.6920390129089355
egg,8,ffnn_0layer,adam,0.05,1,1276,0.5667557120323181,0.6900038123130798,0.5273698568344116,0.6920579075813293
egg,8,ffnn_0layer,adam,0.05,2,1318,0.5667557120323181,0.6899860501289368,0.5273698568344116,0.6920390725135803
egg,8,ffnn_0layer,adam,0.05,3,1360,0.5667557120323181,0.6899858713150024,0.5273698568344116,0.6920390129089355
egg,8,ffnn_0layer,adam,0.05,4,1402,0.5667557120323181,0.689985990524292,0.5273698568344116,0.6920390725135803
egg,8,ffnn_0layer,adam,0.05,5,1444,0.5667557120323181,0.6899862885475159,0.5273698568344116,0.6920394897460938
egg,8,ffnn_0layer,adam,0.1,1,1276,0.5667557120323181,0.6899977326393127,0.5273698568344116,0.6920511722564697
egg,8,ffnn_0layer,adam,0.1,2,1318,0.5667557120323181,0.6899895071983337,0.5273698568344116,0.6920465230941772
egg,8,ffnn_0layer,adam,0.1,3,1360,0.5667557120323181,0.6900071501731873,0.5273698568344116,0.692060112953186
egg,8,ffnn_0layer,adam,0.1,4,1402,0.5667557120323181,0.6900037527084351,0.5273698568344116,0.6920579075813293
egg,8,ffnn_0layer,adam,0.1,5,1444,0.5667557120323181,0.6900039315223694,0.5273698568344116,0.6920580267906189
egg,8,ffnn_0layer,sgd,0.001,1,1276,0.5667557120323181,0.6900011301040649,0.5273698568344116,0.6920530796051025
egg,8,ffnn_0layer,sgd,0.001,2,1318,0.5667557120323181,0.6900008916854858,0.5273698568344116,0.6920520663261414
egg,8,ffnn_0layer,sgd,0.001,3,1360,0.5667557120323181,0.6900031566619873,0.5273698568344116,0.6920554041862488
egg,8,ffnn_0layer,sgd,0.001,4,1402,0.5667557120323181,0.6900002956390381,0.5273698568344116,0.692054271697998
egg,8,ffnn_0layer,sgd,0.001,5,1444,0.5667557120323181,0.6900022029876709,0.5273698568344116,0.6920538544654846
egg,8,ffnn_0layer,sgd,0.005,1,1276,0.5667557120323181,0.6900011301040649,0.5273698568344116,0.6920530796051025
egg,8,ffnn_0layer,sgd,0.005,2,1318,0.5667557120323181,0.6900008916854858,0.5273698568344116,0.6920520663261414
egg,8,ffnn_0layer,sgd,0.005,3,1360,0.5667557120323181,0.6900031566619873,0.5273698568344116,0.6920554041862488
egg,8,ffnn_0layer,sgd,0.005,4,1402,0.5667557120323181,0.6900002956390381,0.5273698568344116,0.692054271697998
egg,8,ffnn_0layer,sgd,0.005,5,1444,0.5667557120323181,0.6900022029876709,0.5273698568344116,0.6920537352561951
egg,8,ffnn_0layer,sgd,0.01,1,1276,0.5667557120323181,0.6900011897087097,0.5273698568344116,0.6920530796051025
egg,8,ffnn_0layer,sgd,0.01,2,1318,0.5667557120323181,0.6900008916854858,0.5273698568344116,0.6920520663261414
egg,8,ffnn_0layer,sgd,0.01,3,1360,0.5667557120323181,0.6900031566619873,0.5273698568344116,0.6920554041862488
egg,8,ffnn_0layer,sgd,0.01,4,1402,0.5667557120323181,0.6900002956390381,0.5273698568344116,0.6920541524887085
egg,8,ffnn_0layer,sgd,0.01,5,1444,0.5667557120323181,0.6900022029876709,0.5273698568344116,0.6920538544654846
egg,8,ffnn_0layer,sgd,0.05,1,1276,0.5667557120323181,0.6900011301040649,0.5273698568344116,0.6920530796051025
egg,8,ffnn_0layer,sgd,0.05,2,1318,0.5667557120323181,0.6900008916854858,0.5273698568344116,0.6920520663261414
egg,8,ffnn_0layer,sgd,0.05,3,1360,0.5667557120323181,0.6900031566619873,0.5273698568344116,0.6920554041862488
egg,8,ffnn_0layer,sgd,0.05,4,1402,0.5667557120323181,0.690000057220459,0.5273698568344116,0.692054033279419
egg,8,ffnn_0layer,sgd,0.05,5,1444,0.5667557120323181,0.6900021433830261,0.5273698568344116,0.6920536756515503
egg,8,ffnn_0layer,sgd,0.1,1,1276,0.5667557120323181,0.6900011301040649,0.5273698568344116,0.6920530200004578
egg,8,ffnn_0layer,sgd,0.1,2,1318,0.5667557120323181,0.6900008320808411,0.5273698568344116,0.6920520663261414
egg,8,ffnn_0layer,sgd,0.1,3,1360,0.5667557120323181,0.6900030970573425,0.5273698568344116,0.6920552849769592
egg,8,ffnn_0layer,sgd,0.1,4,1402,0.5667557120323181,0.6899999976158142,0.5273698568344116,0.6920539140701294
egg,8,ffnn_0layer,sgd,0.1,5,1444,0.5667557120323181,0.6900021433830261,0.5273698568344116,0.6920536756515503
egg,8,sampler,adam,0.001,1,1276,0.5667557120323181,0.6899858713150024,0.5273698568344116,0.6920390129089355
egg,8,sampler,adam,0.001,2,1318,0.5667557120323181,0.6899858713150024,0.5273698568344116,0.6920390725135803
egg,8,sampler,adam,0.001,3,1360,0.5667557120323181,0.6899858713150024,0.5273698568344116,0.6920390129089355
egg,8,sampler,adam,0.001,4,1402,0.5667557120323181,0.6899858713150024,0.5273698568344116,0.6920390725135803
egg,8,sampler,adam,0.001,5,1444,0.5667557120323181,0.6899858713150024,0.5273698568344116,0.6920390725135803
egg,8,sampler,adam,0.005,1,1276,0.5667557120323181,0.6899858713150024,0.5273698568344116,0.6920390129089355
egg,8,sampler,adam,0.005,2,1318,0.5667557120323181,0.6899858713150024,0.5273698568344116,0.6920390129089355
egg,8,sampler,adam,0.005,3,1360,0.5667557120323181,0.6899858713150024,0.5273698568344116,0.6920390129089355
egg,8,sampler,adam,0.005,4,1402,0.5667557120323181,0.6899858713150024,0.5273698568344116,0.6920390129089355
egg,8,sampler,adam,0.005,5,1444,0.5667557120323181,0.6899858713150024,0.5273698568344116,0.6920390725135803
egg,8,sampler,adam,0.01,1,1276,0.5667557120323181,0.6899858713150024,0.5273698568344116,0.6920390129089355
egg,8,sampler,adam,0.01,2,1318,0.5667557120323181,0.6899858713150024,0.5273698568344116,0.6920389533042908
egg,8,sampler,adam,0.01,3,1360,0.5667557120323181,0.6899858713150024,0.5273698568344116,0.6920390129089355
egg,8,sampler,adam,0.01,4,1402,0.5667557120323181,0.6899858713150024,0.5273698568344116,0.6920390129089355
egg,8,sampler,adam,0.01,5,1444,0.5667557120323181,0.6899858713150024,0.5273698568344116,0.6920390725135803
egg,8,sampler,adam,0.05,1,1276,0.5667557120323181,0.6899860501289368,0.5273698568344116,0.6920390725135803
egg,8,sampler,adam,0.05,2,1318,0.5667557120323181,0.689985990524292,0.5273698568344116,0.6920390725135803
egg,8,sampler,adam,0.05,3,1360,0.5667557120323181,0.689985990524292,0.5273698568344116,0.6920390725135803
egg,8,sampler,adam,0.05,4,1402,0.5667557120323181,0.689985990524292,0.5273698568344116,0.6920390129089355
egg,8,sampler,adam,0.05,5,1444,0.5667557120323181,0.689985990524292,0.5273698568344116,0.6920390725135803
egg,8,sampler,adam,0.1,1,1276,0.5667557120323181,0.689985990524292,0.5273698568344116,0.6920390725135803
egg,8,sampler,adam,0.1,2,1318,0.5667557120323181,0.6899861693382263,0.5273698568344116,0.6920390725135803
egg,8,sampler,adam,0.1,3,1360,0.5667557120323181,0.6900039315223694,0.5273698568344116,0.6920580267906189
egg,8,sampler,adam,0.1,4,1402,0.5667557120323181,0.6900037527084351,0.5273698568344116,0.6920579075813293
egg,8,sampler,adam,0.1,5,1444,0.5667557120323181,0.6899862885475159,0.5273698568344116,0.6920394897460938
egg,8,sampler,sgd,0.001,1,1276,0.5667557120323181,0.6900057792663574,0.5273698568344116,0.6920581459999084
egg,8,sampler,sgd,0.001,2,1318,0.5667557120323181,0.6900062561035156,0.5273698568344116,0.6920590400695801
egg,8,sampler,sgd,0.001,3,1360,0.5667557120323181,0.6900057196617126,0.5273698568344116,0.6920576691627502
egg,8,sampler,sgd,0.001,4,1402,0.5667557120323181,0.6900067329406738,0.5273698568344116,0.6920596361160278
egg,8,sampler,sgd,0.001,5,1444,0.5667557120323181,0.690004289150238,0.5273698568344116,0.6920565366744995
egg,8,sampler,sgd,0.005,1,1276,0.5667557120323181,0.6900057196617126,0.5273698568344116,0.6920581459999084
egg,8,sampler,sgd,0.005,2,1318,0.5667557120323181,0.6900062561035156,0.5273698568344116,0.6920590400695801
egg,8,sampler,sgd,0.005,3,1360,0.5667557120323181,0.6900056004524231,0.5273698568344116,0.692057728767395
egg,8,sampler,sgd,0.005,4,1402,0.5667557120323181,0.6900067329406738,0.5273698568344116,0.6920595169067383
egg,8,sampler,sgd,0.005,5,1444,0.5667557120323181,0.690004289150238,0.5273698568344116,0.6920565962791443
egg,8,sampler,sgd,0.01,1,1276,0.5667557120323181,0.6900057792663574,0.5273698568344116,0.692058265209198
egg,8,sampler,sgd,0.01,2,1318,0.5667557120323181,0.6900062561035156,0.5273698568344116,0.6920591592788696
egg,8,sampler,sgd,0.01,3,1360,0.5667557120323181,0.6900056004524231,0.5273698568344116,0.692057728767395
egg,8,sampler,sgd,0.01,4,1402,0.5667557120323181,0.6900068521499634,0.5273698568344116,0.6920595169067383
egg,8,sampler,sgd,0.01,5,1444,0.5667557120323181,0.690004289150238,0.5273698568344116,0.6920565962791443
egg,8,sampler,sgd,0.05,1,1276,0.5667557120323181,0.6900057792663574,0.5273698568344116,0.692058265209198
egg,8,sampler,sgd,0.05,2,1318,0.5667557120323181,0.6900063753128052,0.5273698568344116,0.6920590400695801
egg,8,sampler,sgd,0.05,3,1360,0.5667557120323181,0.6900056004524231,0.5273698568344116,0.6920576691627502
egg,8,sampler,sgd,0.05,4,1402,0.5667557120323181,0.6900068521499634,0.5273698568344116,0.6920596361160278
egg,8,sampler,sgd,0.05,5,1444,0.5667557120323181,0.6900042295455933,0.5273698568344116,0.6920565962791443
egg,8,sampler,sgd,0.1,1,1276,0.5667557120323181,0.6900057196617126,0.5273698568344116,0.692058265209198
egg,8,sampler,sgd,0.1,2,1318,0.5667557120323181,0.6900062561035156,0.5273698568344116,0.6920590400695801
egg,8,sampler,sgd,0.1,3,1360,0.5667557120323181,0.6900056004524231,0.5273698568344116,0.692057728767395
egg,8,sampler,sgd,0.1,4,1402,0.5667557120323181,0.6900068521499634,0.5273698568344116,0.6920595169067383
egg,8,sampler,sgd,0.1,5,1444,0.5667557120323181,0.690004289150238,0.5273698568344116,0.6920565366744995
egg,12,ffnn_0layer,adam,0.001,1,1276,0.5667557120323181,0.6899815201759338,0.5273698568344116,0.6920354962348938
egg,12,ffnn_0layer,adam,0.001,2,1318,0.5667557120323181,0.6899815201759338,0.5273698568344116,0.6920354962348938
egg,12,ffnn_0layer,adam,0.001,3,1360,0.5667557120323181,0.6899815797805786,0.5273698568344116,0.6920354962348938
egg,12,ffnn_0layer,adam,0.001,4,1402,0.5667557120323181,0.6899815201759338,0.5273698568344116,0.6920356154441833
egg,12,ffnn_0layer,adam,0.001,5,1444,0.5667557120323181,0.6899815797805786,0.5273698568344116,0.6920356154441833
egg,12,ffnn_0layer,adam,0.005,1,1276,0.5667557120323181,0.6899815797805786,0.5273698568344116,0.6920354962348938
egg,12,ffnn_0layer,adam,0.005,2,1318,0.5667557120323181,0.6899815797805786,0.5273698568344116,0.6920354962348938
egg,12,ffnn_0layer,adam,0.005,3,1360,0.5667557120323181,0.6899815201759338,0.5273698568344116,0.6920356154441833
egg,12,ffnn_0layer,adam,0.005,4,1402,0.5667557120323181,0.6899815797805786,0.5273698568344116,0.6920356154441833
egg,12,ffnn_0layer,adam,0.005,5,1444,0.5667557120323181,0.6899816393852234,0.5273698568344116,0.6920357346534729
egg,12,ffnn_0layer,adam,0.01,1,1276,0.5667557120323181,0.6899815201759338,0.5273698568344116,0.6920356154441833
egg,12,ffnn_0layer,adam,0.01,2,1318,0.5667557120323181,0.6899815797805786,0.5273698568344116,0.6920356750488281
egg,12,ffnn_0layer,adam,0.01,3,1360,0.5667557120323181,0.6899815797805786,0.5273698568344116,0.6920356154441833
egg,12,ffnn_0layer,adam,0.01,4,1402,0.5667557120323181,0.6899815797805786,0.5273698568344116,0.6920356750488281
egg,12,ffnn_0layer,adam,0.01,5,1444,0.5667557120323181,0.6899815201759338,0.5273698568344116,0.6920356750488281
egg,12,ffnn_0layer,adam,0.05,1,1276,0.5667557120323181,0.6899816393852234,0.5273698568344116,0.6920356750488281
egg,12,ffnn_0layer,adam,0.05,2,1318,0.5667557120323181,0.6899817585945129,0.5273698568344116,0.6920356750488281
egg,12,ffnn_0layer,adam,0.05,3,1360,0.5667557120323181,0.6900033354759216,0.5273698568344116,0.6920567154884338
egg,12,ffnn_0layer,adam,0.05,4,1402,0.5667557120323181,0.6899816393852234,0.5273698568344116,0.6920356750488281
egg,12,ffnn_0layer,adam,0.05,5,1444,0.5667557120323181,0.6899886727333069,0.5273698568344116,0.6920438408851624
egg,12,ffnn_0layer,adam,0.1,1,1276,0.5667557120323181,0.6900038123130798,0.5273698568344116,0.6920579075813293
egg,12,ffnn_0layer,adam,0.1,2,1318,0.5667557120323181,0.6900039315223694,0.5273698568344116,0.6920579075813293
egg,12,ffnn_0layer,adam,0.1,3,1360,0.5667557120323181,0.6899818181991577,0.5273698568344116,0.6920380592346191
egg,12,ffnn_0layer,adam,0.1,4,1402,0.5667557120323181,0.6900037527084351,0.5273698568344116,0.6920579075813293
egg,12,ffnn_0layer,adam,0.1,5,1444,0.5667557120323181,0.6899898648262024,0.5273698568344116,0.6920455098152161
egg,12,ffnn_0layer,sgd,0.001,1,1276,0.5667557120323181,0.6900051832199097,0.5273698568344116,0.6920576691627502
egg,12,ffnn_0layer,sgd,0.001,2,1318,0.5667557120323181,0.6900026798248291,0.5273698568344116,0.6920562982559204
egg,12,ffnn_0layer,sgd,0.001,3,1360,0.5667557120323181,0.6899959444999695,0.5273698568344116,0.6920487284660339
egg,12,ffnn_0layer,sgd,0.001,4,1402,0.5667557120323181,0.6900023818016052,0.5273698568344116,0.6920554041862488
egg,12,ffnn_0layer,sgd,0.001,5,1444,0.5667557120323181,0.6900011897087097,0.5273698568344116,0.6920527815818787
egg,12,ffnn_0layer,sgd,0.005,1,1276,0.5667557120323181,0.6900051832199097,0.5273698568344116,0.6920576691627502
egg,12,ffnn_0layer,sgd,0.005,2,1318,0.5667557120323181,0.6900026798248291,0.5273698568344116,0.6920562982559204
egg,12,ffnn_0layer,sgd,0.005,3,1360,0.5667557120323181,0.6899959444999695,0.5273698568344116,0.6920487284660339
egg,12,ffnn_0layer,sgd,0.005,4,1402,0.5667557120323181,0.6900023818016052,0.5273698568344116,0.6920554041862488
egg,12,ffnn_0layer,sgd,0.005,5,1444,0.5667557120323181,0.6900011897087097,0.5273698568344116,0.6920527815818787
egg,12,ffnn_0layer,sgd,0.01,1,1276,0.5667557120323181,0.6900051832199097,0.5273698568344116,0.692057728767395
egg,12,ffnn_0layer,sgd,0.01,2,1318,0.5667557120323181,0.6900026798248291,0.5273698568344116,0.6920562982559204
egg,12,ffnn_0layer,sgd,0.01,3,1360,0.5667557120323181,0.6899959444999695,0.5273698568344116,0.6920486092567444
egg,12,ffnn_0layer,sgd,0.01,4,1402,0.5667557120323181,0.6900022625923157,0.5273698568344116,0.6920554041862488
egg,12,ffnn_0layer,sgd,0.01,5,1444,0.5667557120323181,0.6900011897087097,0.5273698568344116,0.6920527815818787
egg,12,ffnn_0layer,sgd,0.05,1,1276,0.5667557120323181,0.6900051236152649,0.5273698568344116,0.6920576691627502
egg,12,ffnn_0layer,sgd,0.05,2,1318,0.5667557120323181,0.6900026202201843,0.5273698568344116,0.6920561194419861
egg,12,ffnn_0layer,sgd,0.05,3,1360,0.5667557120323181,0.6899957656860352,0.5273698568344116,0.6920484900474548
egg,12,ffnn_0layer,sgd,0.05,4,1402,0.5667557120323181,0.6900021433830261,0.5273698568344116,0.6920552849769592
egg,12,ffnn_0layer,sgd,0.05,5,1444,0.5667557120323181,0.6900013089179993,0.5273698568344116,0.6920527815818787
egg,12,ffnn_0layer,sgd,0.1,1,1276,0.5667557120323181,0.6900051832199097,0.5273698568344116,0.6920576095581055
egg,12,ffnn_0layer,sgd,0.1,2,1318,0.5667557120323181,0.69000244140625,0.5273698568344116,0.6920560598373413
egg,12,ffnn_0layer,sgd,0.1,3,1360,0.5667557120323181,0.689995527267456,0.5273698568344116,0.6920484900474548
egg,12,ffnn_0layer,sgd,0.1,4,1402,0.5667557120323181,0.6900019645690918,0.5273698568344116,0.6920551657676697
egg,12,ffnn_0layer,sgd,0.1,5,1444,0.5667557120323181,0.6900010704994202,0.5273698568344116,0.6920527815818787
egg,12,sampler,adam,0.001,1,1276,0.5667557120323181,0.6899815201759338,0.5273698568344116,0.6920354962348938
egg,12,sampler,adam,0.001,2,1318,0.5667557120323181,0.6899815797805786,0.5273698568344116,0.6920356154441833
egg,12,sampler,adam,0.001,3,1360,0.5667557120323181,0.6899815797805786,0.5273698568344116,0.6920354962348938
egg,12,sampler,adam,0.001,4,1402,0.5667557120323181,0.6899815797805786,0.5273698568344116,0.6920354962348938
egg,12,sampler,adam,0.001,5,1444,0.5667557120323181,0.6899815201759338,0.5273698568344116,0.6920356750488281
egg,12,sampler,adam,0.005,1,1276,0.5667557120323181,0.6899815201759338,0.5273698568344116,0.6920354962348938
egg,12,sampler,adam,0.005,2,1318,0.5667557120323181,0.6899815201759338,0.5273698568344116,0.6920354962348938
egg,12,sampler,adam,0.005,3,1360,0.5667557120323181,0.6899815201759338,0.5273698568344116,0.6920356154441833
egg,12,sampler,adam,0.005,4,1402,0.5667557120323181,0.6899815201759338,0.5273698568344116,0.6920354962348938
egg,12,sampler,adam,0.005,5,1444,0.5667557120323181,0.6899815797805786,0.5273698568344116,0.6920357346534729
egg,12,sampler,adam,0.01,1,1276,0.5667557120323181,0.6899815201759338,0.5273698568344116,0.6920354962348938
egg,12,sampler,adam,0.01,2,1318,0.5667557120323181,0.6899815797805786,0.5273698568344116,0.6920356154441833
egg,12,sampler,adam,0.01,3,1360,0.5667557120323181,0.6899815201759338,0.5273698568344116,0.6920354962348938
egg,12,sampler,adam,0.01,4,1402,0.5667557120323181,0.6899815797805786,0.5273698568344116,0.6920356154441833
egg,12,sampler,adam,0.01,5,1444,0.5667557120323181,0.6899816393852234,0.5273698568344116,0.6920357346534729
egg,12,sampler,adam,0.05,1,1276,0.5667557120323181,0.6899817585945129,0.5273698568344116,0.6920357346534729
egg,12,sampler,adam,0.05,2,1318,0.5667557120323181,0.6899816393852234,0.5273698568344116,0.6920356154441833
egg,12,sampler,adam,0.05,3,1360,0.5667557120323181,0.6899817585945129,0.5273698568344116,0.6920356750488281
egg,12,sampler,adam,0.05,4,1402,0.5667557120323181,0.6899815201759338,0.5273698568344116,0.6920356750488281
egg,12,sampler,adam,0.05,5,1444,0.5667557120323181,0.6899816393852234,0.5273698568344116,0.6920356750488281
egg,12,sampler,adam,0.1,1,1276,0.5667557120323181,0.6899816393852234,0.5273698568344116,0.6920356750488281
egg,12,sampler,adam,0.1,2,1318,0.5667557120323181,0.6899817585945129,0.5273698568344116,0.6920356750488281
egg,12,sampler,adam,0.1,3,1360,0.5667557120323181,0.6899815201759338,0.5273698568344116,0.6920354962348938
egg,12,sampler,adam,0.1,4,1402,0.5667557120323181,0.6899816393852234,0.5273698568344116,0.6920356750488281
egg,12,sampler,adam,0.1,5,1444,0.5667557120323181,0.689981997013092,0.5273698568344116,0.6920362114906311
egg,12,sampler,sgd,0.001,1,1276,0.5667557120323181,0.6900050640106201,0.5273698568344116,0.6920578479766846
egg,12,sampler,sgd,0.001,2,1318,0.5667557120323181,0.6900058388710022,0.5273698568344116,0.6920585036277771
egg,12,sampler,sgd,0.001,3,1360,0.5667557120323181,0.690005362033844,0.5273698568344116,0.6920574307441711
egg,12,sampler,sgd,0.001,4,1402,0.5667557120323181,0.6900044679641724,0.5273698568344116,0.692057728767395
egg,12,sampler,sgd,0.001,5,1444,0.5667557120323181,0.6900037527084351,0.5273698568344116,0.6920561194419861
egg,12,sampler,sgd,0.005,1,1276,0.5667557120323181,0.6900050640106201,0.5273698568344116,0.6920578479766846
egg,12,sampler,sgd,0.005,2,1318,0.5667557120323181,0.6900058388710022,0.5273698568344116,0.6920585036277771
egg,12,sampler,sgd,0.005,3,1360,0.5667557120323181,0.690005362033844,0.5273698568344116,0.6920574307441711
egg,12,sampler,sgd,0.005,4,1402,0.5667557120323181,0.6900044679641724,0.5273698568344116,0.692057728767395
egg,12,sampler,sgd,0.005,5,1444,0.5667557120323181,0.6900037527084351,0.5273698568344116,0.6920561194419861
egg,12,sampler,sgd,0.01,1,1276,0.5667557120323181,0.6900050640106201,0.5273698568344116,0.692057728767395
egg,12,sampler,sgd,0.01,2,1318,0.5667557120323181,0.6900058388710022,0.5273698568344116,0.6920585632324219
egg,12,sampler,sgd,0.01,3,1360,0.5667557120323181,0.690005362033844,0.5273698568344116,0.6920574307441711
egg,12,sampler,sgd,0.01,4,1402,0.5667557120323181,0.6900044679641724,0.5273698568344116,0.692057728767395
egg,12,sampler,sgd,0.01,5,1444,0.5667557120323181,0.6900037527084351,0.5273698568344116,0.6920561194419861
egg,12,sampler,sgd,0.05,1,1276,0.5667557120323181,0.6900050640106201,0.5273698568344116,0.6920578479766846
egg,12,sampler,sgd,0.05,2,1318,0.5667557120323181,0.6900058388710022,0.5273698568344116,0.6920585036277771
egg,12,sampler,sgd,0.05,3,1360,0.5667557120323181,0.690005362033844,0.5273698568344116,0.6920574307441711
egg,12,sampler,sgd,0.05,4,1402,0.5667557120323181,0.6900044083595276,0.5273698568344116,0.692057728767395
egg,12,sampler,sgd,0.05,5,1444,0.5667557120323181,0.6900037527084351,0.5273698568344116,0.6920561194419861
egg,12,sampler,sgd,0.1,1,1276,0.5667557120323181,0.6900050640106201,0.5273698568344116,0.692057728767395
egg,12,sampler,sgd,0.1,2,1318,0.5667557120323181,0.6900057792663574,0.5273698568344116,0.6920585036277771
egg,12,sampler,sgd,0.1,3,1360,0.5667557120323181,0.690005362033844,0.5273698568344116,0.6920574307441711
egg,12,sampler,sgd,0.1,4,1402,0.5667557120323181,0.690004289150238,0.5273698568344116,0.692057728767395
egg,12,sampler,sgd,0.1,5,1444,0.5667557120323181,0.6900036931037903,0.5273698568344116,0.6920560598373413
